[
  {
    "timestamp": 276.2649841308594,
    "x": 16640,
    "y": 512,
    "z": -1792
  },
  {
    "timestamp": 276.29831746419273,
    "x": 16896,
    "y": 512,
    "z": -1536
  },
  {
    "timestamp": 276.33165079752604,
    "x": 16640,
    "y": 512,
    "z": -2048
  },
  {
    "timestamp": 276.3649841308594,
    "x": 16896,
    "y": 768,
    "z": -1792
  },
  {
    "timestamp": 276.3983174641927,
    "x": 16640,
    "y": 768,
    "z": -1792
  },
  {
    "timestamp": 276.43165079752606,
    "x": 16640,
    "y": 512,
    "z": -1536
  },
  {
    "timestamp": 276.46498413085936,
    "x": 16640,
    "y": 512,
    "z": -1792
  },
  {
    "timestamp": 276.4983174641927,
    "x": 16640,
    "y": 512,
    "z": -1792
  },
  {
    "timestamp": 276.531650797526,
    "x": 16640,
    "y": 768,
    "z": -2048
  },
  {
    "timestamp": 276.5649841308594,
    "x": 16896,
    "y": 768,
    "z": -1536
  },
  {
    "timestamp": 276.5983174641927,
    "x": 16640,
    "y": 768,
    "z": -2048
  },
  {
    "timestamp": 276.63165079752605,
    "x": 16640,
    "y": 768,
    "z": -1792
  },
  {
    "timestamp": 276.66498413085935,
    "x": 16640,
    "y": 768,
    "z": -2048
  },
  {
    "timestamp": 276.6983174641927,
    "x": 16896,
    "y": 1024,
    "z": -1792
  },
  {
    "timestamp": 276.731650797526,
    "x": 16640,
    "y": 768,
    "z": -2048
  },
  {
    "timestamp": 276.7649841308594,
    "x": 16640,
    "y": 768,
    "z": -1792
  },
  {
    "timestamp": 276.79831746419273,
    "x": 16640,
    "y": 768,
    "z": -2048
  },
  {
    "timestamp": 276.83165079752604,
    "x": 16640,
    "y": 768,
    "z": -1792
  },
  {
    "timestamp": 276.8649841308594,
    "x": 16640,
    "y": 768,
    "z": -2048
  },
  {
    "timestamp": 276.8983174641927,
    "x": 16640,
    "y": 768,
    "z": -1792
  },
  {
    "timestamp": 276.93165079752606,
    "x": 16384,
    "y": 512,
    "z": -2048
  },
  {
    "timestamp": 276.96498413085936,
    "x": 16640,
    "y": 512,
    "z": -2048
  },
  {
    "timestamp": 276.9983174641927,
    "x": 16896,
    "y": 512,
    "z": -1792
  },
  {
    "timestamp": 277.031650797526,
    "x": 16640,
    "y": 512,
    "z": -2048
  },
  {
    "timestamp": 277.0649841308594,
    "x": 16384,
    "y": 512,
    "z": -2048
  },
  {
    "timestamp": 277.0983174641927,
    "x": 16896,
    "y": 768,
    "z": -2048
  },
  {
    "timestamp": 277.13165079752605,
    "x": 16640,
    "y": 512,
    "z": -2048
  },
  {
    "timestamp": 277.16498413085935,
    "x": 16640,
    "y": 768,
    "z": -2048
  },
  {
    "timestamp": 277.1983174641927,
    "x": 16640,
    "y": 512,
    "z": -2048
  },
  {
    "timestamp": 277.231650797526,
    "x": 16640,
    "y": 768,
    "z": -1792
  },
  {
    "timestamp": 277.4544677734375,
    "x": 16896,
    "y": 768,
    "z": -2048
  },
  {
    "timestamp": 277.48780110677086,
    "x": 16640,
    "y": 768,
    "z": -1792
  },
  {
    "timestamp": 277.52113444010416,
    "x": 16640,
    "y": 768,
    "z": -1792
  },
  {
    "timestamp": 277.5544677734375,
    "x": 16640,
    "y": 768,
    "z": -2048
  },
  {
    "timestamp": 277.5878011067708,
    "x": 16384,
    "y": 768,
    "z": -1792
  },
  {
    "timestamp": 277.6211344401042,
    "x": 16640,
    "y": 768,
    "z": -2048
  },
  {
    "timestamp": 277.6544677734375,
    "x": 16384,
    "y": 512,
    "z": -1792
  },
  {
    "timestamp": 277.68780110677085,
    "x": 16640,
    "y": 768,
    "z": -1792
  },
  {
    "timestamp": 277.72113444010415,
    "x": 16640,
    "y": 512,
    "z": -2048
  },
  {
    "timestamp": 277.7544677734375,
    "x": 16640,
    "y": 512,
    "z": -2048
  },
  {
    "timestamp": 277.7878011067708,
    "x": 16896,
    "y": 256,
    "z": -2048
  },
  {
    "timestamp": 277.8211344401042,
    "x": 16640,
    "y": 512,
    "z": -1792
  },
  {
    "timestamp": 277.8544677734375,
    "x": 16896,
    "y": 768,
    "z": -1792
  },
  {
    "timestamp": 277.88780110677084,
    "x": 16640,
    "y": 512,
    "z": -2048
  },
  {
    "timestamp": 277.92113444010414,
    "x": 16640,
    "y": 768,
    "z": -1792
  },
  {
    "timestamp": 277.9544677734375,
    "x": 16896,
    "y": 512,
    "z": -2048
  },
  {
    "timestamp": 277.98780110677086,
    "x": 16384,
    "y": 512,
    "z": -2304
  },
  {
    "timestamp": 278.02113444010416,
    "x": 16640,
    "y": 768,
    "z": -2048
  },
  {
    "timestamp": 278.0544677734375,
    "x": 16384,
    "y": 768,
    "z": -2048
  },
  {
    "timestamp": 278.0878011067708,
    "x": 16896,
    "y": 768,
    "z": -1792
  },
  {
    "timestamp": 278.1211344401042,
    "x": 16640,
    "y": 768,
    "z": -2304
  },
  {
    "timestamp": 278.1544677734375,
    "x": 16640,
    "y": 512,
    "z": -1792
  },
  {
    "timestamp": 278.18780110677085,
    "x": 16640,
    "y": 768,
    "z": -1536
  },
  {
    "timestamp": 278.22113444010415,
    "x": 16640,
    "y": 512,
    "z": -1792
  },
  {
    "timestamp": 278.2544677734375,
    "x": 16640,
    "y": 512,
    "z": -1792
  },
  {
    "timestamp": 278.2878011067708,
    "x": 16896,
    "y": 768,
    "z": -1792
  },
  {
    "timestamp": 278.3211344401042,
    "x": 16640,
    "y": 512,
    "z": -2048
  },
  {
    "timestamp": 278.3544677734375,
    "x": 16640,
    "y": 256,
    "z": -1792
  },
  {
    "timestamp": 278.38780110677084,
    "x": 16640,
    "y": 512,
    "z": -1792
  },
  {
    "timestamp": 278.42113444010414,
    "x": 16896,
    "y": 512,
    "z": -1792
  },
  {
    "timestamp": 278.64361572265625,
    "x": 16640,
    "y": 256,
    "z": -2048
  },
  {
    "timestamp": 278.6769490559896,
    "x": 16640,
    "y": 512,
    "z": -2048
  },
  {
    "timestamp": 278.7102823893229,
    "x": 16640,
    "y": 768,
    "z": -2048
  },
  {
    "timestamp": 278.7436157226563,
    "x": 16896,
    "y": 512,
    "z": -2048
  },
  {
    "timestamp": 278.7769490559896,
    "x": 16896,
    "y": 768,
    "z": -2048
  },
  {
    "timestamp": 278.81028238932294,
    "x": 16640,
    "y": 768,
    "z": -2048
  },
  {
    "timestamp": 278.84361572265624,
    "x": 16896,
    "y": 512,
    "z": -1792
  },
  {
    "timestamp": 278.8769490559896,
    "x": 16640,
    "y": 768,
    "z": -2048
  },
  {
    "timestamp": 278.9102823893229,
    "x": 16896,
    "y": 768,
    "z": -1792
  },
  {
    "timestamp": 278.94361572265626,
    "x": 16640,
    "y": 256,
    "z": -1536
  },
  {
    "timestamp": 278.97694905598956,
    "x": 16640,
    "y": 512,
    "z": -2048
  },
  {
    "timestamp": 279.0102823893229,
    "x": 16640,
    "y": 768,
    "z": -1792
  },
  {
    "timestamp": 279.0436157226562,
    "x": 16640,
    "y": 512,
    "z": -1792
  },
  {
    "timestamp": 279.0769490559896,
    "x": 16640,
    "y": 512,
    "z": -2048
  },
  {
    "timestamp": 279.1102823893229,
    "x": 16896,
    "y": 768,
    "z": -1792
  },
  {
    "timestamp": 279.14361572265625,
    "x": 16640,
    "y": 512,
    "z": -2304
  },
  {
    "timestamp": 279.1769490559896,
    "x": 16640,
    "y": 768,
    "z": -1536
  },
  {
    "timestamp": 279.2102823893229,
    "x": 16640,
    "y": 768,
    "z": -1792
  },
  {
    "timestamp": 279.2436157226563,
    "x": 16640,
    "y": 512,
    "z": -1792
  },
  {
    "timestamp": 279.2769490559896,
    "x": 16640,
    "y": 512,
    "z": -1792
  },
  {
    "timestamp": 279.31028238932294,
    "x": 16640,
    "y": 256,
    "z": -2048
  },
  {
    "timestamp": 279.34361572265624,
    "x": 16640,
    "y": 512,
    "z": -2048
  },
  {
    "timestamp": 279.3769490559896,
    "x": 16640,
    "y": 512,
    "z": -2048
  },
  {
    "timestamp": 279.4102823893229,
    "x": 16896,
    "y": 512,
    "z": -1792
  },
  {
    "timestamp": 279.44361572265626,
    "x": 16640,
    "y": 768,
    "z": -2048
  },
  {
    "timestamp": 279.47694905598956,
    "x": 16640,
    "y": 512,
    "z": -2048
  },
  {
    "timestamp": 279.5102823893229,
    "x": 16640,
    "y": 512,
    "z": -2048
  },
  {
    "timestamp": 279.5436157226562,
    "x": 16640,
    "y": 512,
    "z": -2048
  },
  {
    "timestamp": 279.5769490559896,
    "x": 16640,
    "y": 512,
    "z": -2048
  },
  {
    "timestamp": 279.6102823893229,
    "x": 16640,
    "y": 512,
    "z": -1792
  },
  {
    "timestamp": 279.8329772949219,
    "x": 16640,
    "y": 512,
    "z": -1792
  },
  {
    "timestamp": 279.86631062825523,
    "x": 16384,
    "y": 512,
    "z": -1792
  },
  {
    "timestamp": 279.89964396158854,
    "x": 16640,
    "y": 768,
    "z": -2048
  },
  {
    "timestamp": 279.9329772949219,
    "x": 16896,
    "y": 512,
    "z": -1792
  },
  {
    "timestamp": 279.9663106282552,
    "x": 16384,
    "y": 512,
    "z": -1536
  },
  {
    "timestamp": 279.99964396158856,
    "x": 16640,
    "y": 512,
    "z": -1792
  },
  {
    "timestamp": 280.03297729492186,
    "x": 16640,
    "y": 512,
    "z": -2048
  },
  {
    "timestamp": 280.0663106282552,
    "x": 16640,
    "y": 512,
    "z": -2048
  },
  {
    "timestamp": 280.0996439615885,
    "x": 16640,
    "y": 512,
    "z": -2048
  },
  {
    "timestamp": 280.1329772949219,
    "x": 16896,
    "y": 768,
    "z": -2048
  },
  {
    "timestamp": 280.1663106282552,
    "x": 16640,
    "y": 512,
    "z": -1792
  },
  {
    "timestamp": 280.19964396158855,
    "x": 16640,
    "y": 512,
    "z": -2048
  },
  {
    "timestamp": 280.23297729492185,
    "x": 16640,
    "y": 768,
    "z": -1792
  },
  {
    "timestamp": 280.2663106282552,
    "x": 16896,
    "y": 512,
    "z": -1792
  },
  {
    "timestamp": 280.2996439615885,
    "x": 16640,
    "y": 512,
    "z": -2048
  },
  {
    "timestamp": 280.3329772949219,
    "x": 16640,
    "y": 512,
    "z": -2048
  },
  {
    "timestamp": 280.36631062825523,
    "x": 16384,
    "y": 512,
    "z": -2048
  },
  {
    "timestamp": 280.39964396158854,
    "x": 16640,
    "y": 512,
    "z": -1536
  },
  {
    "timestamp": 280.4329772949219,
    "x": 16384,
    "y": 256,
    "z": -1792
  },
  {
    "timestamp": 280.4663106282552,
    "x": 16640,
    "y": 512,
    "z": -2048
  },
  {
    "timestamp": 280.49964396158856,
    "x": 16640,
    "y": 512,
    "z": -1792
  },
  {
    "timestamp": 280.53297729492186,
    "x": 16640,
    "y": 512,
    "z": -2048
  },
  {
    "timestamp": 280.5663106282552,
    "x": 16640,
    "y": 512,
    "z": -2048
  },
  {
    "timestamp": 280.5996439615885,
    "x": 16640,
    "y": 512,
    "z": -1792
  },
  {
    "timestamp": 280.6329772949219,
    "x": 16896,
    "y": 256,
    "z": -1792
  },
  {
    "timestamp": 280.6663106282552,
    "x": 16896,
    "y": 512,
    "z": -2048
  },
  {
    "timestamp": 280.69964396158855,
    "x": 16640,
    "y": 512,
    "z": -1792
  },
  {
    "timestamp": 280.73297729492185,
    "x": 16640,
    "y": 768,
    "z": -2048
  },
  {
    "timestamp": 280.7663106282552,
    "x": 16640,
    "y": 512,
    "z": -1536
  },
  {
    "timestamp": 280.7996439615885,
    "x": 16640,
    "y": 512,
    "z": -2048
  },
  {
    "timestamp": 281.02197265625,
    "x": 16640,
    "y": 512,
    "z": -1792
  },
  {
    "timestamp": 281.05530598958336,
    "x": 16640,
    "y": 256,
    "z": -1536
  },
  {
    "timestamp": 281.08863932291666,
    "x": 16640,
    "y": 256,
    "z": -2048
  },
  {
    "timestamp": 281.12197265625,
    "x": 16640,
    "y": 512,
    "z": -1792
  },
  {
    "timestamp": 281.1553059895833,
    "x": 16640,
    "y": 512,
    "z": -1792
  },
  {
    "timestamp": 281.1886393229167,
    "x": 16640,
    "y": 512,
    "z": -2304
  },
  {
    "timestamp": 281.22197265625,
    "x": 16640,
    "y": 512,
    "z": -1536
  },
  {
    "timestamp": 281.25530598958335,
    "x": 16640,
    "y": 256,
    "z": -1792
  },
  {
    "timestamp": 281.28863932291665,
    "x": 16640,
    "y": 256,
    "z": -2048
  },
  {
    "timestamp": 281.32197265625,
    "x": 16896,
    "y": 512,
    "z": -2048
  },
  {
    "timestamp": 281.3553059895833,
    "x": 16640,
    "y": 256,
    "z": -2048
  },
  {
    "timestamp": 281.3886393229167,
    "x": 16896,
    "y": 512,
    "z": -1792
  },
  {
    "timestamp": 281.42197265625,
    "x": 16640,
    "y": 512,
    "z": -2048
  },
  {
    "timestamp": 281.45530598958334,
    "x": 16640,
    "y": 512,
    "z": -1792
  },
  {
    "timestamp": 281.48863932291664,
    "x": 16640,
    "y": 256,
    "z": -1792
  },
  {
    "timestamp": 281.52197265625,
    "x": 16640,
    "y": 512,
    "z": -2048
  },
  {
    "timestamp": 281.55530598958336,
    "x": 16640,
    "y": 512,
    "z": -2048
  },
  {
    "timestamp": 281.58863932291666,
    "x": 16640,
    "y": 256,
    "z": -1792
  },
  {
    "timestamp": 281.62197265625,
    "x": 16640,
    "y": 512,
    "z": -1792
  },
  {
    "timestamp": 281.6553059895833,
    "x": 16896,
    "y": 256,
    "z": -2048
  },
  {
    "timestamp": 281.6886393229167,
    "x": 16896,
    "y": 256,
    "z": -2048
  },
  {
    "timestamp": 281.72197265625,
    "x": 16640,
    "y": 512,
    "z": -1792
  },
  {
    "timestamp": 281.75530598958335,
    "x": 16896,
    "y": 512,
    "z": -2048
  },
  {
    "timestamp": 281.78863932291665,
    "x": 16640,
    "y": 512,
    "z": -2048
  },
  {
    "timestamp": 281.82197265625,
    "x": 16896,
    "y": 512,
    "z": -2048
  },
  {
    "timestamp": 281.8553059895833,
    "x": 16640,
    "y": 512,
    "z": -1792
  },
  {
    "timestamp": 281.8886393229167,
    "x": 16640,
    "y": 256,
    "z": -1792
  },
  {
    "timestamp": 281.92197265625,
    "x": 16640,
    "y": 256,
    "z": -2048
  },
  {
    "timestamp": 281.95530598958334,
    "x": 16640,
    "y": 512,
    "z": -2304
  },
  {
    "timestamp": 281.98863932291664,
    "x": 16640,
    "y": 256,
    "z": -1792
  },
  {
    "timestamp": 282.2111511230469,
    "x": 16640,
    "y": 512,
    "z": -2048
  },
  {
    "timestamp": 282.24448445638023,
    "x": 16640,
    "y": 512,
    "z": -2048
  },
  {
    "timestamp": 282.27781778971354,
    "x": 16896,
    "y": 512,
    "z": -2304
  },
  {
    "timestamp": 282.3111511230469,
    "x": 16896,
    "y": 512,
    "z": -1792
  },
  {
    "timestamp": 282.3444844563802,
    "x": 16896,
    "y": 512,
    "z": -2048
  },
  {
    "timestamp": 282.37781778971356,
    "x": 16640,
    "y": 256,
    "z": -1792
  },
  {
    "timestamp": 282.41115112304686,
    "x": 16640,
    "y": 512,
    "z": -1792
  },
  {
    "timestamp": 282.4444844563802,
    "x": 16640,
    "y": 512,
    "z": -1792
  },
  {
    "timestamp": 282.4778177897135,
    "x": 16640,
    "y": 512,
    "z": -1792
  },
  {
    "timestamp": 282.5111511230469,
    "x": 16640,
    "y": 512,
    "z": -1792
  },
  {
    "timestamp": 282.5444844563802,
    "x": 16640,
    "y": 256,
    "z": -1792
  },
  {
    "timestamp": 282.57781778971355,
    "x": 16640,
    "y": 512,
    "z": -2304
  },
  {
    "timestamp": 282.61115112304685,
    "x": 16640,
    "y": 768,
    "z": -2048
  },
  {
    "timestamp": 282.6444844563802,
    "x": 16640,
    "y": 256,
    "z": -2048
  },
  {
    "timestamp": 282.6778177897135,
    "x": 16640,
    "y": 512,
    "z": -2048
  },
  {
    "timestamp": 282.7111511230469,
    "x": 16640,
    "y": 512,
    "z": -1792
  },
  {
    "timestamp": 282.74448445638023,
    "x": 16896,
    "y": 256,
    "z": -2048
  },
  {
    "timestamp": 282.77781778971354,
    "x": 16896,
    "y": 256,
    "z": -1792
  },
  {
    "timestamp": 282.8111511230469,
    "x": 16640,
    "y": 512,
    "z": -2048
  },
  {
    "timestamp": 282.8444844563802,
    "x": 16640,
    "y": 768,
    "z": -1792
  },
  {
    "timestamp": 282.87781778971356,
    "x": 16640,
    "y": 512,
    "z": -2304
  },
  {
    "timestamp": 282.91115112304686,
    "x": 16640,
    "y": 512,
    "z": -2048
  },
  {
    "timestamp": 282.9444844563802,
    "x": 16640,
    "y": 256,
    "z": -2048
  },
  {
    "timestamp": 282.9778177897135,
    "x": 16896,
    "y": 512,
    "z": -2048
  },
  {
    "timestamp": 283.0111511230469,
    "x": 16896,
    "y": 256,
    "z": -2048
  },
  {
    "timestamp": 283.0444844563802,
    "x": 16896,
    "y": 512,
    "z": -1792
  },
  {
    "timestamp": 283.07781778971355,
    "x": 16896,
    "y": 512,
    "z": -1792
  },
  {
    "timestamp": 283.11115112304685,
    "x": 16640,
    "y": 512,
    "z": -2048
  },
  {
    "timestamp": 283.1444844563802,
    "x": 16640,
    "y": 512,
    "z": -2048
  },
  {
    "timestamp": 283.1778177897135,
    "x": 16640,
    "y": 512,
    "z": -1792
  },
  {
    "timestamp": 283.4003601074219,
    "x": 16640,
    "y": 512,
    "z": -2048
  },
  {
    "timestamp": 283.43369344075523,
    "x": 16640,
    "y": 512,
    "z": -1792
  },
  {
    "timestamp": 283.46702677408854,
    "x": 16640,
    "y": 512,
    "z": -1792
  },
  {
    "timestamp": 283.5003601074219,
    "x": 16640,
    "y": 256,
    "z": -1792
  },
  {
    "timestamp": 283.5336934407552,
    "x": 16640,
    "y": 512,
    "z": -1792
  },
  {
    "timestamp": 283.56702677408856,
    "x": 16640,
    "y": 512,
    "z": -1792
  },
  {
    "timestamp": 283.60036010742186,
    "x": 16640,
    "y": 256,
    "z": -1792
  },
  {
    "timestamp": 283.6336934407552,
    "x": 16640,
    "y": 512,
    "z": -1792
  },
  {
    "timestamp": 283.6670267740885,
    "x": 16640,
    "y": 256,
    "z": -2048
  },
  {
    "timestamp": 283.7003601074219,
    "x": 16640,
    "y": 256,
    "z": -2048
  },
  {
    "timestamp": 283.7336934407552,
    "x": 16896,
    "y": 256,
    "z": -2048
  },
  {
    "timestamp": 283.76702677408855,
    "x": 16640,
    "y": 256,
    "z": -2048
  },
  {
    "timestamp": 283.80036010742185,
    "x": 16640,
    "y": 512,
    "z": -2304
  },
  {
    "timestamp": 283.8336934407552,
    "x": 16640,
    "y": 512,
    "z": -1536
  },
  {
    "timestamp": 283.8670267740885,
    "x": 16640,
    "y": 512,
    "z": -1792
  },
  {
    "timestamp": 283.9003601074219,
    "x": 16640,
    "y": 256,
    "z": -1792
  },
  {
    "timestamp": 283.93369344075523,
    "x": 16384,
    "y": 512,
    "z": -1792
  },
  {
    "timestamp": 283.96702677408854,
    "x": 16896,
    "y": 512,
    "z": -2048
  },
  {
    "timestamp": 284.0003601074219,
    "x": 16640,
    "y": 512,
    "z": -2048
  },
  {
    "timestamp": 284.0336934407552,
    "x": 16896,
    "y": 256,
    "z": -1792
  },
  {
    "timestamp": 284.06702677408856,
    "x": 16640,
    "y": 512,
    "z": -1792
  },
  {
    "timestamp": 284.10036010742186,
    "x": 16640,
    "y": 256,
    "z": -1536
  },
  {
    "timestamp": 284.1336934407552,
    "x": 16640,
    "y": 256,
    "z": -2048
  },
  {
    "timestamp": 284.1670267740885,
    "x": 16896,
    "y": 512,
    "z": -2048
  },
  {
    "timestamp": 284.2003601074219,
    "x": 16640,
    "y": 512,
    "z": -1792
  },
  {
    "timestamp": 284.2336934407552,
    "x": 16640,
    "y": 512,
    "z": -1792
  },
  {
    "timestamp": 284.26702677408855,
    "x": 16640,
    "y": 256,
    "z": -1792
  },
  {
    "timestamp": 284.30036010742185,
    "x": 16640,
    "y": 512,
    "z": -1792
  },
  {
    "timestamp": 284.3336934407552,
    "x": 16640,
    "y": 768,
    "z": -2304
  },
  {
    "timestamp": 284.3670267740885,
    "x": 16640,
    "y": 256,
    "z": -1792
  },
  {
    "timestamp": 284.5895080566406,
    "x": 16384,
    "y": 256,
    "z": -2048
  },
  {
    "timestamp": 284.622841389974,
    "x": 16640,
    "y": 256,
    "z": -1792
  },
  {
    "timestamp": 284.6561747233073,
    "x": 16640,
    "y": 512,
    "z": -2048
  },
  {
    "timestamp": 284.68950805664065,
    "x": 16640,
    "y": 512,
    "z": -1792
  },
  {
    "timestamp": 284.72284138997395,
    "x": 16640,
    "y": 512,
    "z": -2048
  },
  {
    "timestamp": 284.7561747233073,
    "x": 16896,
    "y": 256,
    "z": -2048
  },
  {
    "timestamp": 284.7895080566406,
    "x": 16640,
    "y": 512,
    "z": -1792
  },
  {
    "timestamp": 284.822841389974,
    "x": 16640,
    "y": 256,
    "z": -2048
  },
  {
    "timestamp": 284.8561747233073,
    "x": 16640,
    "y": 512,
    "z": -1792
  },
  {
    "timestamp": 284.88950805664064,
    "x": 16384,
    "y": 512,
    "z": -2048
  },
  {
    "timestamp": 284.92284138997394,
    "x": 16896,
    "y": 512,
    "z": -2048
  },
  {
    "timestamp": 284.9561747233073,
    "x": 16640,
    "y": 768,
    "z": -2048
  },
  {
    "timestamp": 284.9895080566406,
    "x": 16896,
    "y": 512,
    "z": -2048
  },
  {
    "timestamp": 285.02284138997396,
    "x": 16640,
    "y": 512,
    "z": -2048
  },
  {
    "timestamp": 285.05617472330727,
    "x": 16640,
    "y": 256,
    "z": -1792
  },
  {
    "timestamp": 285.0895080566406,
    "x": 16640,
    "y": 256,
    "z": -2048
  },
  {
    "timestamp": 285.122841389974,
    "x": 16640,
    "y": 256,
    "z": -2048
  },
  {
    "timestamp": 285.1561747233073,
    "x": 16640,
    "y": 512,
    "z": -1792
  },
  {
    "timestamp": 285.18950805664065,
    "x": 16640,
    "y": 512,
    "z": -2048
  },
  {
    "timestamp": 285.22284138997395,
    "x": 16640,
    "y": 512,
    "z": -1792
  },
  {
    "timestamp": 285.2561747233073,
    "x": 16896,
    "y": 512,
    "z": -1792
  },
  {
    "timestamp": 285.2895080566406,
    "x": 16640,
    "y": 512,
    "z": -1792
  },
  {
    "timestamp": 285.322841389974,
    "x": 16640,
    "y": 512,
    "z": -2304
  },
  {
    "timestamp": 285.3561747233073,
    "x": 16896,
    "y": 512,
    "z": -2048
  },
  {
    "timestamp": 285.38950805664064,
    "x": 16896,
    "y": 256,
    "z": -2048
  },
  {
    "timestamp": 285.42284138997394,
    "x": 16640,
    "y": 512,
    "z": -1792
  },
  {
    "timestamp": 285.4561747233073,
    "x": 16640,
    "y": 512,
    "z": -1792
  },
  {
    "timestamp": 285.4895080566406,
    "x": 16640,
    "y": 512,
    "z": -1792
  },
  {
    "timestamp": 285.52284138997396,
    "x": 16640,
    "y": 512,
    "z": -2048
  },
  {
    "timestamp": 285.55617472330727,
    "x": 16384,
    "y": 512,
    "z": -2048
  }
]