{
  "session_name": "session_2025_06_25_20250625_050047",
  "start_time": "2025-06-25T05:00:47.091212",
  "files": [
    {
      "type": "015F2A8E-3772-FB6D-2197-548F305983B0_ppg_raw",
      "filename": "015F2A8E-3772-FB6D-2197-548F305983B0_ppg_raw.json",
      "path": "/Users/brian_chae/link-band-sdk/data/session_2025_06_25_20250625_050047/015F2A8E-3772-FB6D-2197-548F305983B0_ppg_raw.json",
      "size": 44152,
      "record_count": 532,
      "created_at": "2025-06-25T05:00:57.437813"
    },
    {
      "type": "015F2A8E-3772-FB6D-2197-548F305983B0_eeg_raw",
      "filename": "015F2A8E-3772-FB6D-2197-548F305983B0_eeg_raw.json",
      "path": "/Users/brian_chae/link-band-sdk/data/session_2025_06_25_20250625_050047/015F2A8E-3772-FB6D-2197-548F305983B0_eeg_raw.json",
      "size": 401251,
      "record_count": 2550,
      "created_at": "2025-06-25T05:00:57.472860"
    },
    {
      "type": "015F2A8E-3772-FB6D-2197-548F305983B0_acc_raw",
      "filename": "015F2A8E-3772-FB6D-2197-548F305983B0_acc_raw.json",
      "path": "/Users/brian_chae/link-band-sdk/data/session_2025_06_25_20250625_050047/015F2A8E-3772-FB6D-2197-548F305983B0_acc_raw.json",
      "size": 21669,
      "record_count": 240,
      "created_at": "2025-06-25T05:00:57.474260"
    },
    {
      "type": "015F2A8E-3772-FB6D-2197-548F305983B0_acc_processed",
      "filename": "015F2A8E-3772-FB6D-2197-548F305983B0_acc_processed.json",
      "path": "/Users/brian_chae/link-band-sdk/data/session_2025_06_25_20250625_050047/015F2A8E-3772-FB6D-2197-548F305983B0_acc_processed.json",
      "size": 47059,
      "record_count": 8,
      "created_at": "2025-06-25T05:00:57.480123"
    },
    {
      "type": "015F2A8E-3772-FB6D-2197-548F305983B0_eeg_processed",
      "filename": "015F2A8E-3772-FB6D-2197-548F305983B0_eeg_processed.json",
      "path": "/Users/brian_chae/link-band-sdk/data/session_2025_06_25_20250625_050047/015F2A8E-3772-FB6D-2197-548F305983B0_eeg_processed.json",
      "size": 267191,
      "record_count": 12,
      "created_at": "2025-06-25T05:00:57.512428"
    }
  ],
  "status": "stopped",
  "export_path": "/Users/brian_chae/link-band-sdk/data",
  "end_time": "2025-06-25T05:00:57.436324",
  "stats": {
    "total_files": 5,
    "type_details": {
      "015F2A8E-3772-FB6D-2197-548F305983B0_ppg_raw": {
        "filename": "015F2A8E-3772-FB6D-2197-548F305983B0_ppg_raw.json",
        "record_count": 532,
        "size_bytes": 44152
      },
      "015F2A8E-3772-FB6D-2197-548F305983B0_eeg_raw": {
        "filename": "015F2A8E-3772-FB6D-2197-548F305983B0_eeg_raw.json",
        "record_count": 2550,
        "size_bytes": 401251
      },
      "015F2A8E-3772-FB6D-2197-548F305983B0_acc_raw": {
        "filename": "015F2A8E-3772-FB6D-2197-548F305983B0_acc_raw.json",
        "record_count": 240,
        "size_bytes": 21669
      },
      "015F2A8E-3772-FB6D-2197-548F305983B0_acc_processed": {
        "filename": "015F2A8E-3772-FB6D-2197-548F305983B0_acc_processed.json",
        "record_count": 8,
        "size_bytes": 47059
      },
      "015F2A8E-3772-FB6D-2197-548F305983B0_eeg_processed": {
        "filename": "015F2A8E-3772-FB6D-2197-548F305983B0_eeg_processed.json",
        "record_count": 12,
        "size_bytes": 267191
      }
    },
    "total_records": 3342
  }
}