[
  {
    "timestamp": 303.27911376953125,
    "x": 15616,
    "y": 5120,
    "z": -2048
  },
  {
    "timestamp": 303.3124471028646,
    "x": 15616,
    "y": 5376,
    "z": -2048
  },
  {
    "timestamp": 303.3457804361979,
    "x": 15616,
    "y": 5120,
    "z": -1792
  },
  {
    "timestamp": 303.3791137695313,
    "x": 15872,
    "y": 5376,
    "z": -1792
  },
  {
    "timestamp": 303.4124471028646,
    "x": 15872,
    "y": 5120,
    "z": -1792
  },
  {
    "timestamp": 303.44578043619794,
    "x": 15872,
    "y": 5376,
    "z": -1792
  },
  {
    "timestamp": 303.47911376953124,
    "x": 15872,
    "y": 4864,
    "z": -2048
  },
  {
    "timestamp": 303.5124471028646,
    "x": 15872,
    "y": 5120,
    "z": -1792
  },
  {
    "timestamp": 303.5457804361979,
    "x": 15872,
    "y": 5120,
    "z": -1792
  },
  {
    "timestamp": 303.57911376953126,
    "x": 15616,
    "y": 5120,
    "z": -1792
  },
  {
    "timestamp": 303.61244710286456,
    "x": 15872,
    "y": 5120,
    "z": -2048
  },
  {
    "timestamp": 303.6457804361979,
    "x": 15872,
    "y": 4864,
    "z": -1792
  },
  {
    "timestamp": 303.6791137695312,
    "x": 15616,
    "y": 5120,
    "z": -2048
  },
  {
    "timestamp": 303.7124471028646,
    "x": 15616,
    "y": 4864,
    "z": -1792
  },
  {
    "timestamp": 303.7457804361979,
    "x": 15872,
    "y": 4864,
    "z": -2048
  },
  {
    "timestamp": 303.77911376953125,
    "x": 15872,
    "y": 5120,
    "z": -2048
  },
  {
    "timestamp": 303.8124471028646,
    "x": 15872,
    "y": 5120,
    "z": -2048
  },
  {
    "timestamp": 303.8457804361979,
    "x": 16128,
    "y": 5120,
    "z": -1792
  },
  {
    "timestamp": 303.8791137695313,
    "x": 15616,
    "y": 4864,
    "z": -1792
  },
  {
    "timestamp": 303.9124471028646,
    "x": 15616,
    "y": 5120,
    "z": -1792
  },
  {
    "timestamp": 303.94578043619794,
    "x": 15872,
    "y": 5120,
    "z": -2048
  },
  {
    "timestamp": 303.97911376953124,
    "x": 15872,
    "y": 5120,
    "z": -1792
  },
  {
    "timestamp": 304.0124471028646,
    "x": 15872,
    "y": 5120,
    "z": -2048
  },
  {
    "timestamp": 304.0457804361979,
    "x": 15872,
    "y": 4864,
    "z": -2048
  },
  {
    "timestamp": 304.07911376953126,
    "x": 15872,
    "y": 5120,
    "z": -1792
  },
  {
    "timestamp": 304.11244710286456,
    "x": 15616,
    "y": 5376,
    "z": -2048
  },
  {
    "timestamp": 304.1457804361979,
    "x": 15616,
    "y": 5120,
    "z": -2048
  },
  {
    "timestamp": 304.1791137695312,
    "x": 15872,
    "y": 5120,
    "z": -1792
  },
  {
    "timestamp": 304.2124471028646,
    "x": 15616,
    "y": 5120,
    "z": -2048
  },
  {
    "timestamp": 304.2457804361979,
    "x": 15872,
    "y": 5376,
    "z": -1792
  },
  {
    "timestamp": 304.4683532714844,
    "x": 15616,
    "y": 4864,
    "z": -2048
  },
  {
    "timestamp": 304.50168660481773,
    "x": 15872,
    "y": 4864,
    "z": -2048
  },
  {
    "timestamp": 304.53501993815104,
    "x": 15872,
    "y": 5120,
    "z": -2048
  },
  {
    "timestamp": 304.5683532714844,
    "x": 15872,
    "y": 5120,
    "z": -1792
  },
  {
    "timestamp": 304.6016866048177,
    "x": 15616,
    "y": 5376,
    "z": -1792
  },
  {
    "timestamp": 304.63501993815106,
    "x": 15872,
    "y": 5120,
    "z": -1792
  },
  {
    "timestamp": 304.66835327148436,
    "x": 15616,
    "y": 5120,
    "z": -2048
  },
  {
    "timestamp": 304.7016866048177,
    "x": 15872,
    "y": 5120,
    "z": -1792
  },
  {
    "timestamp": 304.735019938151,
    "x": 15616,
    "y": 4864,
    "z": -1792
  },
  {
    "timestamp": 304.7683532714844,
    "x": 15616,
    "y": 5376,
    "z": -1792
  },
  {
    "timestamp": 304.8016866048177,
    "x": 15872,
    "y": 5120,
    "z": -1792
  },
  {
    "timestamp": 304.83501993815105,
    "x": 15616,
    "y": 5120,
    "z": -2048
  },
  {
    "timestamp": 304.86835327148435,
    "x": 15872,
    "y": 5120,
    "z": -1792
  },
  {
    "timestamp": 304.9016866048177,
    "x": 15616,
    "y": 5120,
    "z": -1792
  },
  {
    "timestamp": 304.935019938151,
    "x": 15616,
    "y": 5120,
    "z": -2048
  },
  {
    "timestamp": 304.9683532714844,
    "x": 15872,
    "y": 5120,
    "z": -2048
  },
  {
    "timestamp": 305.00168660481773,
    "x": 15872,
    "y": 5120,
    "z": -1792
  },
  {
    "timestamp": 305.03501993815104,
    "x": 15872,
    "y": 5120,
    "z": -1792
  },
  {
    "timestamp": 305.0683532714844,
    "x": 15872,
    "y": 5120,
    "z": -1792
  },
  {
    "timestamp": 305.1016866048177,
    "x": 15616,
    "y": 5120,
    "z": -2048
  },
  {
    "timestamp": 305.13501993815106,
    "x": 15872,
    "y": 5120,
    "z": -2048
  },
  {
    "timestamp": 305.16835327148436,
    "x": 15872,
    "y": 5120,
    "z": -1792
  },
  {
    "timestamp": 305.2016866048177,
    "x": 15616,
    "y": 5120,
    "z": -1792
  },
  {
    "timestamp": 305.235019938151,
    "x": 15872,
    "y": 5120,
    "z": -1792
  },
  {
    "timestamp": 305.2683532714844,
    "x": 16128,
    "y": 4864,
    "z": -1792
  },
  {
    "timestamp": 305.3016866048177,
    "x": 15872,
    "y": 4864,
    "z": -2048
  },
  {
    "timestamp": 305.33501993815105,
    "x": 15872,
    "y": 5120,
    "z": -1792
  },
  {
    "timestamp": 305.36835327148435,
    "x": 15616,
    "y": 5120,
    "z": -2048
  },
  {
    "timestamp": 305.4016866048177,
    "x": 15872,
    "y": 5120,
    "z": -1536
  },
  {
    "timestamp": 305.435019938151,
    "x": 15872,
    "y": 5120,
    "z": -1792
  },
  {
    "timestamp": 305.6577453613281,
    "x": 15872,
    "y": 4864,
    "z": -1792
  },
  {
    "timestamp": 305.6910786946615,
    "x": 15872,
    "y": 5120,
    "z": -1792
  },
  {
    "timestamp": 305.7244120279948,
    "x": 15872,
    "y": 5120,
    "z": -1792
  },
  {
    "timestamp": 305.75774536132815,
    "x": 15616,
    "y": 5120,
    "z": -1792
  },
  {
    "timestamp": 305.79107869466145,
    "x": 15872,
    "y": 5120,
    "z": -2048
  },
  {
    "timestamp": 305.8244120279948,
    "x": 15616,
    "y": 4864,
    "z": -1536
  },
  {
    "timestamp": 305.8577453613281,
    "x": 15872,
    "y": 5120,
    "z": -1792
  },
  {
    "timestamp": 305.8910786946615,
    "x": 15872,
    "y": 5120,
    "z": -1792
  },
  {
    "timestamp": 305.9244120279948,
    "x": 15872,
    "y": 4864,
    "z": -1792
  },
  {
    "timestamp": 305.95774536132814,
    "x": 15616,
    "y": 5120,
    "z": -1536
  },
  {
    "timestamp": 305.99107869466144,
    "x": 15872,
    "y": 5120,
    "z": -1792
  },
  {
    "timestamp": 306.0244120279948,
    "x": 15872,
    "y": 4864,
    "z": -1792
  },
  {
    "timestamp": 306.0577453613281,
    "x": 15616,
    "y": 5376,
    "z": -1792
  },
  {
    "timestamp": 306.09107869466146,
    "x": 15616,
    "y": 5120,
    "z": -1792
  },
  {
    "timestamp": 306.12441202799477,
    "x": 15616,
    "y": 5120,
    "z": -1792
  },
  {
    "timestamp": 306.1577453613281,
    "x": 15872,
    "y": 4864,
    "z": -1536
  },
  {
    "timestamp": 306.1910786946615,
    "x": 15616,
    "y": 4864,
    "z": -1792
  },
  {
    "timestamp": 306.2244120279948,
    "x": 15872,
    "y": 4864,
    "z": -1792
  },
  {
    "timestamp": 306.25774536132815,
    "x": 15872,
    "y": 5120,
    "z": -2048
  },
  {
    "timestamp": 306.29107869466145,
    "x": 15872,
    "y": 4864,
    "z": -1792
  },
  {
    "timestamp": 306.3244120279948,
    "x": 15872,
    "y": 5120,
    "z": -1792
  },
  {
    "timestamp": 306.3577453613281,
    "x": 15872,
    "y": 5120,
    "z": -1792
  },
  {
    "timestamp": 306.3910786946615,
    "x": 15872,
    "y": 4864,
    "z": -2048
  },
  {
    "timestamp": 306.4244120279948,
    "x": 15872,
    "y": 5120,
    "z": -1792
  },
  {
    "timestamp": 306.45774536132814,
    "x": 15872,
    "y": 5376,
    "z": -1792
  },
  {
    "timestamp": 306.49107869466144,
    "x": 15616,
    "y": 4864,
    "z": -1792
  },
  {
    "timestamp": 306.5244120279948,
    "x": 15872,
    "y": 4864,
    "z": -1792
  },
  {
    "timestamp": 306.5577453613281,
    "x": 15872,
    "y": 4864,
    "z": -1792
  },
  {
    "timestamp": 306.59107869466146,
    "x": 15616,
    "y": 4864,
    "z": -1792
  },
  {
    "timestamp": 306.62441202799477,
    "x": 15872,
    "y": 5120,
    "z": -1792
  },
  {
    "timestamp": 306.8470458984375,
    "x": 15872,
    "y": 5120,
    "z": -1792
  },
  {
    "timestamp": 306.88037923177086,
    "x": 15616,
    "y": 5376,
    "z": -2048
  },
  {
    "timestamp": 306.91371256510416,
    "x": 15616,
    "y": 4864,
    "z": -1792
  },
  {
    "timestamp": 306.9470458984375,
    "x": 15872,
    "y": 5120,
    "z": -2048
  },
  {
    "timestamp": 306.9803792317708,
    "x": 15872,
    "y": 4864,
    "z": -2048
  },
  {
    "timestamp": 307.0137125651042,
    "x": 15872,
    "y": 5120,
    "z": -2048
  },
  {
    "timestamp": 307.0470458984375,
    "x": 15616,
    "y": 5120,
    "z": -1792
  },
  {
    "timestamp": 307.08037923177085,
    "x": 15616,
    "y": 5120,
    "z": -2048
  },
  {
    "timestamp": 307.11371256510415,
    "x": 15616,
    "y": 5376,
    "z": -1792
  },
  {
    "timestamp": 307.1470458984375,
    "x": 15616,
    "y": 5120,
    "z": -2048
  },
  {
    "timestamp": 307.1803792317708,
    "x": 16128,
    "y": 5120,
    "z": -1792
  },
  {
    "timestamp": 307.2137125651042,
    "x": 15616,
    "y": 5120,
    "z": -1792
  },
  {
    "timestamp": 307.2470458984375,
    "x": 15616,
    "y": 5120,
    "z": -2048
  },
  {
    "timestamp": 307.28037923177084,
    "x": 15872,
    "y": 5120,
    "z": -2048
  },
  {
    "timestamp": 307.31371256510414,
    "x": 15872,
    "y": 4864,
    "z": -1792
  },
  {
    "timestamp": 307.3470458984375,
    "x": 15616,
    "y": 4864,
    "z": -1792
  },
  {
    "timestamp": 307.38037923177086,
    "x": 15872,
    "y": 4864,
    "z": -1792
  },
  {
    "timestamp": 307.41371256510416,
    "x": 15616,
    "y": 4864,
    "z": -2048
  },
  {
    "timestamp": 307.4470458984375,
    "x": 15872,
    "y": 5120,
    "z": -1792
  },
  {
    "timestamp": 307.4803792317708,
    "x": 15872,
    "y": 5120,
    "z": -1792
  },
  {
    "timestamp": 307.5137125651042,
    "x": 15616,
    "y": 5120,
    "z": -1792
  },
  {
    "timestamp": 307.5470458984375,
    "x": 15616,
    "y": 5120,
    "z": -2048
  },
  {
    "timestamp": 307.58037923177085,
    "x": 15872,
    "y": 5120,
    "z": -1792
  },
  {
    "timestamp": 307.61371256510415,
    "x": 15616,
    "y": 5376,
    "z": -1792
  },
  {
    "timestamp": 307.6470458984375,
    "x": 15616,
    "y": 5120,
    "z": -2048
  },
  {
    "timestamp": 307.6803792317708,
    "x": 15872,
    "y": 4864,
    "z": -2048
  },
  {
    "timestamp": 307.7137125651042,
    "x": 15616,
    "y": 4864,
    "z": -2048
  },
  {
    "timestamp": 307.7470458984375,
    "x": 15872,
    "y": 5120,
    "z": -2048
  },
  {
    "timestamp": 307.78037923177084,
    "x": 15872,
    "y": 5376,
    "z": -2048
  },
  {
    "timestamp": 307.81371256510414,
    "x": 15872,
    "y": 4864,
    "z": -2048
  },
  {
    "timestamp": 308.0361328125,
    "x": 15872,
    "y": 5120,
    "z": -1792
  },
  {
    "timestamp": 308.06946614583336,
    "x": 15872,
    "y": 4608,
    "z": -1792
  },
  {
    "timestamp": 308.10279947916666,
    "x": 15872,
    "y": 5120,
    "z": -2048
  },
  {
    "timestamp": 308.1361328125,
    "x": 15872,
    "y": 5120,
    "z": -1792
  },
  {
    "timestamp": 308.1694661458333,
    "x": 15872,
    "y": 5120,
    "z": -2048
  },
  {
    "timestamp": 308.2027994791667,
    "x": 15616,
    "y": 5376,
    "z": -1792
  },
  {
    "timestamp": 308.2361328125,
    "x": 15872,
    "y": 5120,
    "z": -1792
  },
  {
    "timestamp": 308.26946614583335,
    "x": 15616,
    "y": 5120,
    "z": -1792
  },
  {
    "timestamp": 308.30279947916665,
    "x": 15616,
    "y": 5376,
    "z": -1792
  },
  {
    "timestamp": 308.3361328125,
    "x": 15872,
    "y": 5120,
    "z": -1792
  },
  {
    "timestamp": 308.3694661458333,
    "x": 16128,
    "y": 4864,
    "z": -1792
  },
  {
    "timestamp": 308.4027994791667,
    "x": 15872,
    "y": 5120,
    "z": -1792
  },
  {
    "timestamp": 308.4361328125,
    "x": 15616,
    "y": 4864,
    "z": -2048
  },
  {
    "timestamp": 308.46946614583334,
    "x": 15616,
    "y": 4864,
    "z": -1792
  },
  {
    "timestamp": 308.50279947916664,
    "x": 15872,
    "y": 4864,
    "z": -2048
  },
  {
    "timestamp": 308.5361328125,
    "x": 16128,
    "y": 5120,
    "z": -1792
  },
  {
    "timestamp": 308.56946614583336,
    "x": 15616,
    "y": 4864,
    "z": -1792
  },
  {
    "timestamp": 308.60279947916666,
    "x": 15872,
    "y": 5120,
    "z": -1536
  },
  {
    "timestamp": 308.6361328125,
    "x": 15872,
    "y": 4864,
    "z": -2048
  },
  {
    "timestamp": 308.6694661458333,
    "x": 15872,
    "y": 4864,
    "z": -1792
  },
  {
    "timestamp": 308.7027994791667,
    "x": 15872,
    "y": 5120,
    "z": -1792
  },
  {
    "timestamp": 308.7361328125,
    "x": 16128,
    "y": 5120,
    "z": -1792
  },
  {
    "timestamp": 308.76946614583335,
    "x": 15872,
    "y": 5120,
    "z": -1792
  },
  {
    "timestamp": 308.80279947916665,
    "x": 15872,
    "y": 4864,
    "z": -1536
  },
  {
    "timestamp": 308.8361328125,
    "x": 15872,
    "y": 5120,
    "z": -1792
  },
  {
    "timestamp": 308.8694661458333,
    "x": 15872,
    "y": 4864,
    "z": -2048
  },
  {
    "timestamp": 308.9027994791667,
    "x": 15872,
    "y": 4864,
    "z": -2048
  },
  {
    "timestamp": 308.9361328125,
    "x": 15872,
    "y": 5632,
    "z": -2048
  },
  {
    "timestamp": 308.96946614583334,
    "x": 15616,
    "y": 4864,
    "z": -2048
  },
  {
    "timestamp": 309.00279947916664,
    "x": 15872,
    "y": 5120,
    "z": -1792
  },
  {
    "timestamp": 309.225341796875,
    "x": 15616,
    "y": 5376,
    "z": -1792
  },
  {
    "timestamp": 309.25867513020836,
    "x": 15872,
    "y": 4864,
    "z": -2048
  },
  {
    "timestamp": 309.29200846354166,
    "x": 15872,
    "y": 5120,
    "z": -2048
  },
  {
    "timestamp": 309.325341796875,
    "x": 15616,
    "y": 5120,
    "z": -1792
  },
  {
    "timestamp": 309.3586751302083,
    "x": 15616,
    "y": 4864,
    "z": -2048
  },
  {
    "timestamp": 309.3920084635417,
    "x": 15616,
    "y": 4864,
    "z": -2048
  },
  {
    "timestamp": 309.425341796875,
    "x": 15872,
    "y": 5120,
    "z": -1792
  },
  {
    "timestamp": 309.45867513020835,
    "x": 15872,
    "y": 5120,
    "z": -1792
  },
  {
    "timestamp": 309.49200846354165,
    "x": 15872,
    "y": 5120,
    "z": -2048
  },
  {
    "timestamp": 309.525341796875,
    "x": 15616,
    "y": 5120,
    "z": -1792
  },
  {
    "timestamp": 309.5586751302083,
    "x": 15616,
    "y": 4864,
    "z": -2048
  },
  {
    "timestamp": 309.5920084635417,
    "x": 15616,
    "y": 5120,
    "z": -1792
  },
  {
    "timestamp": 309.625341796875,
    "x": 15872,
    "y": 4864,
    "z": -2048
  },
  {
    "timestamp": 309.65867513020834,
    "x": 15872,
    "y": 4864,
    "z": -2048
  },
  {
    "timestamp": 309.69200846354164,
    "x": 15616,
    "y": 5120,
    "z": -2048
  },
  {
    "timestamp": 309.725341796875,
    "x": 15872,
    "y": 4864,
    "z": -1792
  },
  {
    "timestamp": 309.75867513020836,
    "x": 15872,
    "y": 4864,
    "z": -2048
  },
  {
    "timestamp": 309.79200846354166,
    "x": 15872,
    "y": 5120,
    "z": -1792
  },
  {
    "timestamp": 309.825341796875,
    "x": 15872,
    "y": 5120,
    "z": -1792
  },
  {
    "timestamp": 309.8586751302083,
    "x": 15872,
    "y": 5120,
    "z": -2048
  },
  {
    "timestamp": 309.8920084635417,
    "x": 15872,
    "y": 5120,
    "z": -2048
  },
  {
    "timestamp": 309.925341796875,
    "x": 15616,
    "y": 4864,
    "z": -1792
  },
  {
    "timestamp": 309.95867513020835,
    "x": 15616,
    "y": 4864,
    "z": -1792
  },
  {
    "timestamp": 309.99200846354165,
    "x": 15872,
    "y": 5120,
    "z": -1792
  },
  {
    "timestamp": 310.025341796875,
    "x": 15616,
    "y": 5376,
    "z": -2048
  },
  {
    "timestamp": 310.0586751302083,
    "x": 15872,
    "y": 5120,
    "z": -2048
  },
  {
    "timestamp": 310.0920084635417,
    "x": 15872,
    "y": 5120,
    "z": -1792
  },
  {
    "timestamp": 310.125341796875,
    "x": 15872,
    "y": 5120,
    "z": -1792
  },
  {
    "timestamp": 310.15867513020834,
    "x": 15616,
    "y": 5376,
    "z": -1792
  },
  {
    "timestamp": 310.19200846354164,
    "x": 15872,
    "y": 5120,
    "z": -1792
  }
]