[
  {
    "timestamp": 1505.7246704101562,
    "x": 16128,
    "y": 4864,
    "z": -1536
  },
  {
    "timestamp": 1505.7580037434896,
    "x": 16128,
    "y": 4608,
    "z": -1792
  },
  {
    "timestamp": 1505.7913370768229,
    "x": 16128,
    "y": 4608,
    "z": -1792
  },
  {
    "timestamp": 1505.8246704101562,
    "x": 15872,
    "y": 4864,
    "z": -1792
  },
  {
    "timestamp": 1505.8580037434897,
    "x": 16128,
    "y": 4864,
    "z": -1280
  },
  {
    "timestamp": 1505.891337076823,
    "x": 15872,
    "y": 4864,
    "z": -1024
  },
  {
    "timestamp": 1505.9246704101563,
    "x": 15872,
    "y": 4608,
    "z": -1280
  },
  {
    "timestamp": 1505.9580037434896,
    "x": 15872,
    "y": 4864,
    "z": -1280
  },
  {
    "timestamp": 1505.991337076823,
    "x": 16128,
    "y": 4608,
    "z": -1536
  },
  {
    "timestamp": 1506.0246704101562,
    "x": 16128,
    "y": 4352,
    "z": -1536
  },
  {
    "timestamp": 1506.0580037434895,
    "x": 16128,
    "y": 4608,
    "z": -1536
  },
  {
    "timestamp": 1506.0913370768228,
    "x": 16128,
    "y": 4352,
    "z": -1792
  },
  {
    "timestamp": 1506.1246704101563,
    "x": 16128,
    "y": 4608,
    "z": -1280
  },
  {
    "timestamp": 1506.1580037434896,
    "x": 15616,
    "y": 4608,
    "z": -1280
  },
  {
    "timestamp": 1506.191337076823,
    "x": 15872,
    "y": 4864,
    "z": -1280
  },
  {
    "timestamp": 1506.2246704101562,
    "x": 15872,
    "y": 4352,
    "z": -1792
  },
  {
    "timestamp": 1506.2580037434896,
    "x": 16128,
    "y": 4352,
    "z": -1280
  },
  {
    "timestamp": 1506.2913370768229,
    "x": 16128,
    "y": 4608,
    "z": -1280
  },
  {
    "timestamp": 1506.3246704101562,
    "x": 16128,
    "y": 4352,
    "z": -1280
  },
  {
    "timestamp": 1506.3580037434897,
    "x": 15872,
    "y": 4608,
    "z": -1024
  },
  {
    "timestamp": 1506.391337076823,
    "x": 15616,
    "y": 4864,
    "z": -1024
  },
  {
    "timestamp": 1506.4246704101563,
    "x": 15616,
    "y": 5376,
    "z": -1024
  },
  {
    "timestamp": 1506.4580037434896,
    "x": 15616,
    "y": 5376,
    "z": -1024
  },
  {
    "timestamp": 1506.491337076823,
    "x": 15616,
    "y": 4864,
    "z": -768
  },
  {
    "timestamp": 1506.5246704101562,
    "x": 15360,
    "y": 4608,
    "z": -512
  },
  {
    "timestamp": 1506.5580037434895,
    "x": 15872,
    "y": 3840,
    "z": -1024
  },
  {
    "timestamp": 1506.5913370768228,
    "x": 15872,
    "y": 4352,
    "z": -1536
  },
  {
    "timestamp": 1506.6246704101563,
    "x": 16128,
    "y": 4352,
    "z": -1792
  },
  {
    "timestamp": 1506.6580037434896,
    "x": 16128,
    "y": 4864,
    "z": -1792
  },
  {
    "timestamp": 1506.691337076823,
    "x": 15872,
    "y": 5120,
    "z": -2560
  },
  {
    "timestamp": 1506.91259765625,
    "x": 15872,
    "y": 5120,
    "z": -2048
  },
  {
    "timestamp": 1506.9459309895833,
    "x": 15872,
    "y": 5376,
    "z": -2304
  },
  {
    "timestamp": 1506.9792643229166,
    "x": 15616,
    "y": 5376,
    "z": -2048
  },
  {
    "timestamp": 1507.01259765625,
    "x": 15616,
    "y": 5120,
    "z": -2560
  },
  {
    "timestamp": 1507.0459309895834,
    "x": 15872,
    "y": 5376,
    "z": -2304
  },
  {
    "timestamp": 1507.0792643229167,
    "x": 15616,
    "y": 5376,
    "z": -2048
  },
  {
    "timestamp": 1507.11259765625,
    "x": 15616,
    "y": 4864,
    "z": -2304
  },
  {
    "timestamp": 1507.1459309895833,
    "x": 15616,
    "y": 5120,
    "z": -2304
  },
  {
    "timestamp": 1507.1792643229167,
    "x": 15360,
    "y": 5120,
    "z": -2048
  },
  {
    "timestamp": 1507.21259765625,
    "x": 16128,
    "y": 5376,
    "z": -2048
  },
  {
    "timestamp": 1507.2459309895833,
    "x": 16640,
    "y": 4864,
    "z": -2560
  },
  {
    "timestamp": 1507.2792643229166,
    "x": 15872,
    "y": 5376,
    "z": -1792
  },
  {
    "timestamp": 1507.31259765625,
    "x": 15104,
    "y": 5376,
    "z": -1536
  },
  {
    "timestamp": 1507.3459309895834,
    "x": 15104,
    "y": 5376,
    "z": -1280
  },
  {
    "timestamp": 1507.3792643229167,
    "x": 15360,
    "y": 5888,
    "z": -768
  },
  {
    "timestamp": 1507.41259765625,
    "x": 15360,
    "y": 5888,
    "z": -1024
  },
  {
    "timestamp": 1507.4459309895833,
    "x": 15616,
    "y": 6144,
    "z": -768
  },
  {
    "timestamp": 1507.4792643229166,
    "x": 15104,
    "y": 5888,
    "z": -768
  },
  {
    "timestamp": 1507.51259765625,
    "x": 15360,
    "y": 5632,
    "z": -768
  },
  {
    "timestamp": 1507.5459309895834,
    "x": 15360,
    "y": 5888,
    "z": -1024
  },
  {
    "timestamp": 1507.5792643229167,
    "x": 15872,
    "y": 5888,
    "z": -1024
  },
  {
    "timestamp": 1507.61259765625,
    "x": 15616,
    "y": 5888,
    "z": -1024
  },
  {
    "timestamp": 1507.6459309895833,
    "x": 15616,
    "y": 6144,
    "z": -1024
  },
  {
    "timestamp": 1507.6792643229167,
    "x": 15616,
    "y": 6144,
    "z": -1024
  },
  {
    "timestamp": 1507.71259765625,
    "x": 15360,
    "y": 6144,
    "z": -768
  },
  {
    "timestamp": 1507.7459309895833,
    "x": 15104,
    "y": 6400,
    "z": -768
  },
  {
    "timestamp": 1507.7792643229166,
    "x": 15104,
    "y": 6400,
    "z": -1024
  },
  {
    "timestamp": 1507.81259765625,
    "x": 15360,
    "y": 6144,
    "z": -1024
  },
  {
    "timestamp": 1507.8459309895834,
    "x": 15616,
    "y": 6656,
    "z": -1024
  },
  {
    "timestamp": 1507.8792643229167,
    "x": 15872,
    "y": 5888,
    "z": -1280
  },
  {
    "timestamp": 1508.1012573242188,
    "x": 15616,
    "y": 6144,
    "z": -768
  },
  {
    "timestamp": 1508.134590657552,
    "x": 15104,
    "y": 5888,
    "z": -768
  },
  {
    "timestamp": 1508.1679239908854,
    "x": 15104,
    "y": 5632,
    "z": -1024
  },
  {
    "timestamp": 1508.2012573242187,
    "x": 15360,
    "y": 6144,
    "z": -1024
  },
  {
    "timestamp": 1508.2345906575522,
    "x": 15360,
    "y": 6144,
    "z": -1280
  },
  {
    "timestamp": 1508.2679239908855,
    "x": 15104,
    "y": 6400,
    "z": -1024
  },
  {
    "timestamp": 1508.3012573242188,
    "x": 15616,
    "y": 5888,
    "z": -1024
  },
  {
    "timestamp": 1508.334590657552,
    "x": 15360,
    "y": 5888,
    "z": -768
  },
  {
    "timestamp": 1508.3679239908854,
    "x": 15360,
    "y": 5888,
    "z": -1024
  },
  {
    "timestamp": 1508.4012573242187,
    "x": 15360,
    "y": 6144,
    "z": -1280
  },
  {
    "timestamp": 1508.434590657552,
    "x": 15616,
    "y": 6400,
    "z": -1024
  },
  {
    "timestamp": 1508.4679239908853,
    "x": 15360,
    "y": 6144,
    "z": -768
  },
  {
    "timestamp": 1508.5012573242188,
    "x": 15360,
    "y": 6144,
    "z": -768
  },
  {
    "timestamp": 1508.5345906575521,
    "x": 15104,
    "y": 6144,
    "z": -768
  },
  {
    "timestamp": 1508.5679239908854,
    "x": 15360,
    "y": 6400,
    "z": -768
  },
  {
    "timestamp": 1508.6012573242188,
    "x": 15616,
    "y": 6144,
    "z": -1024
  },
  {
    "timestamp": 1508.634590657552,
    "x": 15616,
    "y": 6656,
    "z": -256
  },
  {
    "timestamp": 1508.6679239908854,
    "x": 14848,
    "y": 6400,
    "z": -512
  },
  {
    "timestamp": 1508.7012573242187,
    "x": 15104,
    "y": 6144,
    "z": -768
  },
  {
    "timestamp": 1508.7345906575522,
    "x": 15360,
    "y": 6656,
    "z": -768
  },
  {
    "timestamp": 1508.7679239908855,
    "x": 15104,
    "y": 6400,
    "z": -768
  },
  {
    "timestamp": 1508.8012573242188,
    "x": 15104,
    "y": 6656,
    "z": -768
  },
  {
    "timestamp": 1508.834590657552,
    "x": 15360,
    "y": 6656,
    "z": -768
  },
  {
    "timestamp": 1508.8679239908854,
    "x": 15616,
    "y": 6400,
    "z": -768
  },
  {
    "timestamp": 1508.9012573242187,
    "x": 15360,
    "y": 6400,
    "z": -768
  },
  {
    "timestamp": 1508.934590657552,
    "x": 15360,
    "y": 5888,
    "z": -1024
  },
  {
    "timestamp": 1508.9679239908853,
    "x": 15360,
    "y": 6400,
    "z": -1024
  },
  {
    "timestamp": 1509.0012573242188,
    "x": 15360,
    "y": 6400,
    "z": -768
  },
  {
    "timestamp": 1509.0345906575521,
    "x": 15360,
    "y": 6400,
    "z": -1024
  },
  {
    "timestamp": 1509.0679239908854,
    "x": 15360,
    "y": 6144,
    "z": -768
  },
  {
    "timestamp": 1509.2898864746094,
    "x": 15360,
    "y": 6400,
    "z": -1024
  },
  {
    "timestamp": 1509.3232198079427,
    "x": 15360,
    "y": 5888,
    "z": -1280
  },
  {
    "timestamp": 1509.356553141276,
    "x": 15360,
    "y": 6400,
    "z": -768
  },
  {
    "timestamp": 1509.3898864746093,
    "x": 15872,
    "y": 6400,
    "z": -1024
  },
  {
    "timestamp": 1509.4232198079428,
    "x": 15104,
    "y": 5888,
    "z": -1280
  },
  {
    "timestamp": 1509.4565531412761,
    "x": 15872,
    "y": 6400,
    "z": -1024
  },
  {
    "timestamp": 1509.4898864746094,
    "x": 16128,
    "y": 6144,
    "z": -768
  },
  {
    "timestamp": 1509.5232198079427,
    "x": 15360,
    "y": 5376,
    "z": -1024
  },
  {
    "timestamp": 1509.556553141276,
    "x": 15360,
    "y": 5376,
    "z": -1024
  },
  {
    "timestamp": 1509.5898864746093,
    "x": 15360,
    "y": 5888,
    "z": -768
  },
  {
    "timestamp": 1509.6232198079426,
    "x": 15616,
    "y": 5632,
    "z": -768
  },
  {
    "timestamp": 1509.656553141276,
    "x": 14848,
    "y": 6144,
    "z": -1024
  },
  {
    "timestamp": 1509.6898864746095,
    "x": 15360,
    "y": 5888,
    "z": -768
  },
  {
    "timestamp": 1509.7232198079428,
    "x": 15360,
    "y": 6400,
    "z": -256
  },
  {
    "timestamp": 1509.756553141276,
    "x": 15104,
    "y": 6656,
    "z": -512
  },
  {
    "timestamp": 1509.7898864746094,
    "x": 15616,
    "y": 6656,
    "z": -512
  },
  {
    "timestamp": 1509.8232198079427,
    "x": 15360,
    "y": 6400,
    "z": -256
  },
  {
    "timestamp": 1509.856553141276,
    "x": 15104,
    "y": 6144,
    "z": -256
  },
  {
    "timestamp": 1509.8898864746093,
    "x": 15104,
    "y": 6656,
    "z": 0
  },
  {
    "timestamp": 1509.9232198079428,
    "x": 14848,
    "y": 6912,
    "z": 0
  },
  {
    "timestamp": 1509.9565531412761,
    "x": 14848,
    "y": 6656,
    "z": 0
  },
  {
    "timestamp": 1509.9898864746094,
    "x": 14848,
    "y": 6144,
    "z": -256
  },
  {
    "timestamp": 1510.0232198079427,
    "x": 15104,
    "y": 6400,
    "z": -512
  },
  {
    "timestamp": 1510.056553141276,
    "x": 15104,
    "y": 6656,
    "z": -512
  },
  {
    "timestamp": 1510.0898864746093,
    "x": 15104,
    "y": 6656,
    "z": -768
  },
  {
    "timestamp": 1510.1232198079426,
    "x": 15360,
    "y": 6400,
    "z": -768
  },
  {
    "timestamp": 1510.156553141276,
    "x": 14592,
    "y": 6656,
    "z": -1024
  },
  {
    "timestamp": 1510.1898864746095,
    "x": 15104,
    "y": 6656,
    "z": -1024
  },
  {
    "timestamp": 1510.2232198079428,
    "x": 15104,
    "y": 6912,
    "z": -1280
  },
  {
    "timestamp": 1510.256553141276,
    "x": 14848,
    "y": 6912,
    "z": -1792
  },
  {
    "timestamp": 1510.4785766601562,
    "x": 14848,
    "y": 7168,
    "z": -2048
  },
  {
    "timestamp": 1510.5119099934896,
    "x": 15360,
    "y": 6912,
    "z": -2304
  },
  {
    "timestamp": 1510.5452433268229,
    "x": 14592,
    "y": 7424,
    "z": -2560
  },
  {
    "timestamp": 1510.5785766601562,
    "x": 14592,
    "y": 6912,
    "z": -2816
  },
  {
    "timestamp": 1510.6119099934897,
    "x": 14592,
    "y": 6656,
    "z": -3328
  },
  {
    "timestamp": 1510.645243326823,
    "x": 14848,
    "y": 7168,
    "z": -3072
  },
  {
    "timestamp": 1510.6785766601563,
    "x": 15104,
    "y": 6912,
    "z": -3584
  },
  {
    "timestamp": 1510.7119099934896,
    "x": 15360,
    "y": 6912,
    "z": -3584
  },
  {
    "timestamp": 1510.745243326823,
    "x": 14848,
    "y": 6400,
    "z": -3328
  },
  {
    "timestamp": 1510.7785766601562,
    "x": 15104,
    "y": 6144,
    "z": -3328
  },
  {
    "timestamp": 1510.8119099934895,
    "x": 15104,
    "y": 6656,
    "z": -3072
  },
  {
    "timestamp": 1510.8452433268228,
    "x": 14592,
    "y": 6912,
    "z": -3072
  },
  {
    "timestamp": 1510.8785766601563,
    "x": 14592,
    "y": 6656,
    "z": -3328
  },
  {
    "timestamp": 1510.9119099934896,
    "x": 14848,
    "y": 6656,
    "z": -3072
  },
  {
    "timestamp": 1510.945243326823,
    "x": 14592,
    "y": 6912,
    "z": -2816
  },
  {
    "timestamp": 1510.9785766601562,
    "x": 14592,
    "y": 7168,
    "z": -2816
  },
  {
    "timestamp": 1511.0119099934896,
    "x": 15104,
    "y": 6912,
    "z": -2816
  },
  {
    "timestamp": 1511.0452433268229,
    "x": 15104,
    "y": 6656,
    "z": -3072
  },
  {
    "timestamp": 1511.0785766601562,
    "x": 15104,
    "y": 6144,
    "z": -3072
  },
  {
    "timestamp": 1511.1119099934897,
    "x": 15104,
    "y": 6144,
    "z": -3328
  },
  {
    "timestamp": 1511.145243326823,
    "x": 15104,
    "y": 6400,
    "z": -3072
  },
  {
    "timestamp": 1511.1785766601563,
    "x": 15104,
    "y": 6656,
    "z": -3072
  },
  {
    "timestamp": 1511.2119099934896,
    "x": 15104,
    "y": 6144,
    "z": -3072
  },
  {
    "timestamp": 1511.245243326823,
    "x": 15104,
    "y": 6144,
    "z": -2816
  },
  {
    "timestamp": 1511.2785766601562,
    "x": 15360,
    "y": 6144,
    "z": -2816
  },
  {
    "timestamp": 1511.3119099934895,
    "x": 15360,
    "y": 5888,
    "z": -2816
  },
  {
    "timestamp": 1511.3452433268228,
    "x": 15360,
    "y": 5632,
    "z": -2560
  },
  {
    "timestamp": 1511.3785766601563,
    "x": 15104,
    "y": 4864,
    "z": -2560
  },
  {
    "timestamp": 1511.4119099934896,
    "x": 15616,
    "y": 5376,
    "z": -2816
  },
  {
    "timestamp": 1511.445243326823,
    "x": 15104,
    "y": 4864,
    "z": -2560
  },
  {
    "timestamp": 1511.6672668457031,
    "x": 15360,
    "y": 5120,
    "z": -2560
  },
  {
    "timestamp": 1511.7006001790364,
    "x": 15360,
    "y": 5120,
    "z": -2560
  },
  {
    "timestamp": 1511.7339335123697,
    "x": 15616,
    "y": 5120,
    "z": -2816
  },
  {
    "timestamp": 1511.767266845703,
    "x": 15360,
    "y": 5376,
    "z": -2816
  },
  {
    "timestamp": 1511.8006001790366,
    "x": 15616,
    "y": 5376,
    "z": -2816
  },
  {
    "timestamp": 1511.8339335123699,
    "x": 15616,
    "y": 5376,
    "z": -2816
  },
  {
    "timestamp": 1511.8672668457032,
    "x": 15360,
    "y": 5376,
    "z": -2816
  },
  {
    "timestamp": 1511.9006001790365,
    "x": 15360,
    "y": 5120,
    "z": -2560
  },
  {
    "timestamp": 1511.9339335123698,
    "x": 15616,
    "y": 5632,
    "z": -2560
  },
  {
    "timestamp": 1511.967266845703,
    "x": 15104,
    "y": 5632,
    "z": -2304
  },
  {
    "timestamp": 1512.0006001790364,
    "x": 15616,
    "y": 5120,
    "z": -2560
  },
  {
    "timestamp": 1512.0339335123697,
    "x": 15360,
    "y": 5376,
    "z": -2560
  },
  {
    "timestamp": 1512.0672668457032,
    "x": 15872,
    "y": 5120,
    "z": -2304
  },
  {
    "timestamp": 1512.1006001790365,
    "x": 15360,
    "y": 5120,
    "z": -2048
  },
  {
    "timestamp": 1512.1339335123698,
    "x": 15360,
    "y": 5376,
    "z": -2304
  },
  {
    "timestamp": 1512.1672668457031,
    "x": 15360,
    "y": 5376,
    "z": -2304
  },
  {
    "timestamp": 1512.2006001790364,
    "x": 15616,
    "y": 5376,
    "z": -2304
  },
  {
    "timestamp": 1512.2339335123697,
    "x": 15360,
    "y": 5632,
    "z": -2048
  },
  {
    "timestamp": 1512.267266845703,
    "x": 15360,
    "y": 5120,
    "z": -2048
  },
  {
    "timestamp": 1512.3006001790366,
    "x": 15616,
    "y": 5632,
    "z": -2048
  },
  {
    "timestamp": 1512.3339335123699,
    "x": 15360,
    "y": 5120,
    "z": -2560
  },
  {
    "timestamp": 1512.3672668457032,
    "x": 15616,
    "y": 5376,
    "z": -2560
  },
  {
    "timestamp": 1512.4006001790365,
    "x": 15360,
    "y": 5632,
    "z": -2560
  },
  {
    "timestamp": 1512.4339335123698,
    "x": 15360,
    "y": 5376,
    "z": -2304
  },
  {
    "timestamp": 1512.467266845703,
    "x": 15616,
    "y": 5376,
    "z": -2304
  },
  {
    "timestamp": 1512.5006001790364,
    "x": 15616,
    "y": 5376,
    "z": -2816
  },
  {
    "timestamp": 1512.5339335123697,
    "x": 15616,
    "y": 5120,
    "z": -2560
  },
  {
    "timestamp": 1512.5672668457032,
    "x": 15616,
    "y": 5376,
    "z": -2560
  },
  {
    "timestamp": 1512.6006001790365,
    "x": 15616,
    "y": 5376,
    "z": -2560
  },
  {
    "timestamp": 1512.6339335123698,
    "x": 15872,
    "y": 5632,
    "z": -2304
  },
  {
    "timestamp": 1512.8559875488281,
    "x": 15360,
    "y": 5632,
    "z": -2048
  },
  {
    "timestamp": 1512.8893208821614,
    "x": 15616,
    "y": 5632,
    "z": -2304
  },
  {
    "timestamp": 1512.9226542154947,
    "x": 15616,
    "y": 5376,
    "z": -2304
  },
  {
    "timestamp": 1512.955987548828,
    "x": 15616,
    "y": 5120,
    "z": -2304
  },
  {
    "timestamp": 1512.9893208821616,
    "x": 15616,
    "y": 5376,
    "z": -2304
  },
  {
    "timestamp": 1513.0226542154949,
    "x": 15872,
    "y": 5376,
    "z": -2304
  },
  {
    "timestamp": 1513.0559875488282,
    "x": 15616,
    "y": 5632,
    "z": -2304
  },
  {
    "timestamp": 1513.0893208821615,
    "x": 15104,
    "y": 5376,
    "z": -2048
  },
  {
    "timestamp": 1513.1226542154948,
    "x": 15360,
    "y": 5632,
    "z": -2048
  },
  {
    "timestamp": 1513.155987548828,
    "x": 15616,
    "y": 5376,
    "z": -2048
  },
  {
    "timestamp": 1513.1893208821614,
    "x": 15616,
    "y": 5376,
    "z": -2048
  },
  {
    "timestamp": 1513.2226542154947,
    "x": 15872,
    "y": 5376,
    "z": -1792
  },
  {
    "timestamp": 1513.2559875488282,
    "x": 15360,
    "y": 5376,
    "z": -2048
  },
  {
    "timestamp": 1513.2893208821615,
    "x": 15616,
    "y": 5376,
    "z": -1792
  },
  {
    "timestamp": 1513.3226542154948,
    "x": 15616,
    "y": 5376,
    "z": -2048
  },
  {
    "timestamp": 1513.3559875488281,
    "x": 15616,
    "y": 5376,
    "z": -2048
  },
  {
    "timestamp": 1513.3893208821614,
    "x": 15360,
    "y": 5888,
    "z": -1792
  },
  {
    "timestamp": 1513.4226542154947,
    "x": 15104,
    "y": 5888,
    "z": -2048
  },
  {
    "timestamp": 1513.455987548828,
    "x": 15616,
    "y": 5632,
    "z": -1536
  },
  {
    "timestamp": 1513.4893208821616,
    "x": 15616,
    "y": 5632,
    "z": -1536
  },
  {
    "timestamp": 1513.5226542154949,
    "x": 15360,
    "y": 5888,
    "z": -1792
  },
  {
    "timestamp": 1513.5559875488282,
    "x": 15616,
    "y": 5376,
    "z": -1792
  },
  {
    "timestamp": 1513.5893208821615,
    "x": 15616,
    "y": 5632,
    "z": -2048
  },
  {
    "timestamp": 1513.6226542154948,
    "x": 15616,
    "y": 5632,
    "z": -1792
  },
  {
    "timestamp": 1513.655987548828,
    "x": 15360,
    "y": 5376,
    "z": -1792
  },
  {
    "timestamp": 1513.6893208821614,
    "x": 15616,
    "y": 5888,
    "z": -1536
  },
  {
    "timestamp": 1513.7226542154947,
    "x": 15360,
    "y": 5632,
    "z": -1536
  },
  {
    "timestamp": 1513.7559875488282,
    "x": 15360,
    "y": 5632,
    "z": -1536
  },
  {
    "timestamp": 1513.7893208821615,
    "x": 15872,
    "y": 6144,
    "z": -1536
  },
  {
    "timestamp": 1513.8226542154948,
    "x": 15616,
    "y": 6144,
    "z": -1280
  },
  {
    "timestamp": 1514.0447692871094,
    "x": 15616,
    "y": 5376,
    "z": -1792
  },
  {
    "timestamp": 1514.0781026204427,
    "x": 15616,
    "y": 5888,
    "z": -1536
  },
  {
    "timestamp": 1514.111435953776,
    "x": 15360,
    "y": 5376,
    "z": -1536
  },
  {
    "timestamp": 1514.1447692871093,
    "x": 15616,
    "y": 5888,
    "z": -1280
  },
  {
    "timestamp": 1514.1781026204428,
    "x": 15616,
    "y": 5632,
    "z": -1280
  },
  {
    "timestamp": 1514.2114359537761,
    "x": 15360,
    "y": 5632,
    "z": -1280
  },
  {
    "timestamp": 1514.2447692871094,
    "x": 15616,
    "y": 5376,
    "z": -1536
  },
  {
    "timestamp": 1514.2781026204427,
    "x": 15616,
    "y": 5888,
    "z": -1536
  },
  {
    "timestamp": 1514.311435953776,
    "x": 15360,
    "y": 5632,
    "z": -1280
  },
  {
    "timestamp": 1514.3447692871093,
    "x": 15360,
    "y": 6144,
    "z": -1280
  },
  {
    "timestamp": 1514.3781026204426,
    "x": 15360,
    "y": 5888,
    "z": -1280
  },
  {
    "timestamp": 1514.411435953776,
    "x": 15360,
    "y": 5632,
    "z": -1280
  },
  {
    "timestamp": 1514.4447692871095,
    "x": 15616,
    "y": 5888,
    "z": -1280
  },
  {
    "timestamp": 1514.4781026204428,
    "x": 15616,
    "y": 5888,
    "z": -1280
  },
  {
    "timestamp": 1514.511435953776,
    "x": 15616,
    "y": 5632,
    "z": -1024
  },
  {
    "timestamp": 1514.5447692871094,
    "x": 15616,
    "y": 5888,
    "z": -1280
  },
  {
    "timestamp": 1514.5781026204427,
    "x": 15360,
    "y": 5888,
    "z": -1024
  },
  {
    "timestamp": 1514.611435953776,
    "x": 15872,
    "y": 5888,
    "z": -1280
  },
  {
    "timestamp": 1514.6447692871093,
    "x": 15616,
    "y": 5632,
    "z": -1280
  },
  {
    "timestamp": 1514.6781026204428,
    "x": 15616,
    "y": 6144,
    "z": -1024
  },
  {
    "timestamp": 1514.7114359537761,
    "x": 15360,
    "y": 5888,
    "z": -1024
  },
  {
    "timestamp": 1514.7447692871094,
    "x": 15616,
    "y": 5888,
    "z": -1024
  },
  {
    "timestamp": 1514.7781026204427,
    "x": 15360,
    "y": 5888,
    "z": -1024
  },
  {
    "timestamp": 1514.811435953776,
    "x": 15616,
    "y": 5632,
    "z": -1024
  },
  {
    "timestamp": 1514.8447692871093,
    "x": 15872,
    "y": 5632,
    "z": -1024
  },
  {
    "timestamp": 1514.8781026204426,
    "x": 15360,
    "y": 5632,
    "z": -1024
  },
  {
    "timestamp": 1514.911435953776,
    "x": 15360,
    "y": 5888,
    "z": -1024
  },
  {
    "timestamp": 1514.9447692871095,
    "x": 15360,
    "y": 6144,
    "z": -512
  },
  {
    "timestamp": 1514.9781026204428,
    "x": 15360,
    "y": 5632,
    "z": -768
  },
  {
    "timestamp": 1515.011435953776,
    "x": 15616,
    "y": 5888,
    "z": -1024
  },
  {
    "timestamp": 1515.2334594726562,
    "x": 15360,
    "y": 5632,
    "z": -1024
  },
  {
    "timestamp": 1515.2667928059896,
    "x": 15616,
    "y": 5376,
    "z": -1024
  },
  {
    "timestamp": 1515.3001261393229,
    "x": 15872,
    "y": 5376,
    "z": -768
  },
  {
    "timestamp": 1515.3334594726562,
    "x": 15616,
    "y": 5632,
    "z": -1280
  },
  {
    "timestamp": 1515.3667928059897,
    "x": 15360,
    "y": 5120,
    "z": -1024
  },
  {
    "timestamp": 1515.400126139323,
    "x": 15616,
    "y": 5376,
    "z": -1024
  },
  {
    "timestamp": 1515.4334594726563,
    "x": 15360,
    "y": 5632,
    "z": -1024
  },
  {
    "timestamp": 1515.4667928059896,
    "x": 15616,
    "y": 5632,
    "z": -1024
  },
  {
    "timestamp": 1515.500126139323,
    "x": 15616,
    "y": 5632,
    "z": -1024
  },
  {
    "timestamp": 1515.5334594726562,
    "x": 15616,
    "y": 5376,
    "z": -1280
  },
  {
    "timestamp": 1515.5667928059895,
    "x": 15616,
    "y": 5632,
    "z": -1024
  },
  {
    "timestamp": 1515.6001261393228,
    "x": 15616,
    "y": 5376,
    "z": -1024
  },
  {
    "timestamp": 1515.6334594726563,
    "x": 15872,
    "y": 5376,
    "z": -1280
  },
  {
    "timestamp": 1515.6667928059896,
    "x": 15872,
    "y": 5632,
    "z": -1024
  },
  {
    "timestamp": 1515.700126139323,
    "x": 15360,
    "y": 5376,
    "z": -1536
  },
  {
    "timestamp": 1515.7334594726562,
    "x": 16128,
    "y": 4864,
    "z": -1280
  },
  {
    "timestamp": 1515.7667928059896,
    "x": 15872,
    "y": 5376,
    "z": -1024
  },
  {
    "timestamp": 1515.8001261393229,
    "x": 15872,
    "y": 5376,
    "z": -1024
  },
  {
    "timestamp": 1515.8334594726562,
    "x": 15616,
    "y": 5376,
    "z": -768
  },
  {
    "timestamp": 1515.8667928059897,
    "x": 15616,
    "y": 5632,
    "z": -1024
  },
  {
    "timestamp": 1515.900126139323,
    "x": 15872,
    "y": 5376,
    "z": -768
  },
  {
    "timestamp": 1515.9334594726563,
    "x": 15872,
    "y": 5120,
    "z": -1024
  },
  {
    "timestamp": 1515.9667928059896,
    "x": 16128,
    "y": 4864,
    "z": -1024
  },
  {
    "timestamp": 1516.000126139323,
    "x": 15616,
    "y": 4608,
    "z": -1024
  },
  {
    "timestamp": 1516.0334594726562,
    "x": 15872,
    "y": 4864,
    "z": -768
  },
  {
    "timestamp": 1516.0667928059895,
    "x": 16128,
    "y": 4864,
    "z": -1024
  },
  {
    "timestamp": 1516.1001261393228,
    "x": 15872,
    "y": 4864,
    "z": -1024
  },
  {
    "timestamp": 1516.1334594726563,
    "x": 15872,
    "y": 5120,
    "z": -1280
  },
  {
    "timestamp": 1516.1667928059896,
    "x": 15872,
    "y": 4608,
    "z": -1280
  },
  {
    "timestamp": 1516.200126139323,
    "x": 15872,
    "y": 5120,
    "z": -1024
  },
  {
    "timestamp": 1516.4221801757812,
    "x": 15872,
    "y": 5376,
    "z": -1024
  },
  {
    "timestamp": 1516.4555135091146,
    "x": 15872,
    "y": 5120,
    "z": -1024
  },
  {
    "timestamp": 1516.4888468424479,
    "x": 15616,
    "y": 5120,
    "z": -1024
  },
  {
    "timestamp": 1516.5221801757812,
    "x": 15872,
    "y": 4864,
    "z": -1024
  },
  {
    "timestamp": 1516.5555135091147,
    "x": 15872,
    "y": 4864,
    "z": -1024
  },
  {
    "timestamp": 1516.588846842448,
    "x": 15872,
    "y": 4608,
    "z": -1280
  },
  {
    "timestamp": 1516.6221801757813,
    "x": 16128,
    "y": 5376,
    "z": -1024
  },
  {
    "timestamp": 1516.6555135091146,
    "x": 15616,
    "y": 5376,
    "z": -1024
  },
  {
    "timestamp": 1516.688846842448,
    "x": 15360,
    "y": 5888,
    "z": -1024
  },
  {
    "timestamp": 1516.7221801757812,
    "x": 15360,
    "y": 5888,
    "z": -1024
  },
  {
    "timestamp": 1516.7555135091145,
    "x": 15104,
    "y": 6144,
    "z": -1024
  },
  {
    "timestamp": 1516.7888468424478,
    "x": 15360,
    "y": 6400,
    "z": -768
  },
  {
    "timestamp": 1516.8221801757813,
    "x": 15360,
    "y": 6144,
    "z": -768
  },
  {
    "timestamp": 1516.8555135091146,
    "x": 15360,
    "y": 5888,
    "z": -768
  },
  {
    "timestamp": 1516.888846842448,
    "x": 15360,
    "y": 5632,
    "z": -1280
  },
  {
    "timestamp": 1516.9221801757812,
    "x": 16384,
    "y": 5120,
    "z": -1280
  },
  {
    "timestamp": 1516.9555135091146,
    "x": 16128,
    "y": 5120,
    "z": -1024
  },
  {
    "timestamp": 1516.9888468424479,
    "x": 15872,
    "y": 4352,
    "z": -1024
  },
  {
    "timestamp": 1517.0221801757812,
    "x": 15616,
    "y": 5120,
    "z": -1024
  },
  {
    "timestamp": 1517.0555135091147,
    "x": 15872,
    "y": 5376,
    "z": -1024
  },
  {
    "timestamp": 1517.088846842448,
    "x": 15616,
    "y": 5632,
    "z": -1024
  },
  {
    "timestamp": 1517.1221801757813,
    "x": 15616,
    "y": 5632,
    "z": -1024
  },
  {
    "timestamp": 1517.1555135091146,
    "x": 15360,
    "y": 5376,
    "z": -1024
  },
  {
    "timestamp": 1517.188846842448,
    "x": 15872,
    "y": 4864,
    "z": -1024
  },
  {
    "timestamp": 1517.2221801757812,
    "x": 15616,
    "y": 4864,
    "z": -768
  },
  {
    "timestamp": 1517.2555135091145,
    "x": 15872,
    "y": 4608,
    "z": -1024
  },
  {
    "timestamp": 1517.2888468424478,
    "x": 16128,
    "y": 4864,
    "z": -1280
  },
  {
    "timestamp": 1517.3221801757813,
    "x": 15616,
    "y": 5120,
    "z": -768
  },
  {
    "timestamp": 1517.3555135091146,
    "x": 15360,
    "y": 5632,
    "z": -1024
  },
  {
    "timestamp": 1517.388846842448,
    "x": 15616,
    "y": 5632,
    "z": -1024
  },
  {
    "timestamp": 1517.6108093261719,
    "x": 15104,
    "y": 6144,
    "z": -1024
  },
  {
    "timestamp": 1517.6441426595052,
    "x": 15104,
    "y": 6656,
    "z": -1024
  },
  {
    "timestamp": 1517.6774759928385,
    "x": 15104,
    "y": 6144,
    "z": -1536
  },
  {
    "timestamp": 1517.7108093261718,
    "x": 15360,
    "y": 5632,
    "z": -1280
  },
  {
    "timestamp": 1517.7441426595053,
    "x": 15872,
    "y": 5120,
    "z": -1536
  },
  {
    "timestamp": 1517.7774759928386,
    "x": 15616,
    "y": 4864,
    "z": -1536
  },
  {
    "timestamp": 1517.810809326172,
    "x": 15872,
    "y": 4864,
    "z": -1536
  },
  {
    "timestamp": 1517.8441426595052,
    "x": 15872,
    "y": 4864,
    "z": -1536
  },
  {
    "timestamp": 1517.8774759928385,
    "x": 15872,
    "y": 5120,
    "z": -1792
  },
  {
    "timestamp": 1517.9108093261718,
    "x": 15360,
    "y": 5376,
    "z": -2048
  },
  {
    "timestamp": 1517.9441426595051,
    "x": 15360,
    "y": 4864,
    "z": -1792
  },
  {
    "timestamp": 1517.9774759928384,
    "x": 15360,
    "y": 5632,
    "z": -2304
  },
  {
    "timestamp": 1518.010809326172,
    "x": 15360,
    "y": 5120,
    "z": -2560
  },
  {
    "timestamp": 1518.0441426595053,
    "x": 16128,
    "y": 5120,
    "z": -2560
  },
  {
    "timestamp": 1518.0774759928386,
    "x": 15872,
    "y": 4352,
    "z": -2560
  },
  {
    "timestamp": 1518.1108093261719,
    "x": 15872,
    "y": 4608,
    "z": -2304
  },
  {
    "timestamp": 1518.1441426595052,
    "x": 15872,
    "y": 4608,
    "z": -2560
  },
  {
    "timestamp": 1518.1774759928385,
    "x": 15872,
    "y": 4608,
    "z": -2304
  },
  {
    "timestamp": 1518.2108093261718,
    "x": 15104,
    "y": 4864,
    "z": -2048
  },
  {
    "timestamp": 1518.2441426595053,
    "x": 16384,
    "y": 5120,
    "z": -2048
  },
  {
    "timestamp": 1518.2774759928386,
    "x": 15360,
    "y": 5120,
    "z": -2048
  },
  {
    "timestamp": 1518.310809326172,
    "x": 15360,
    "y": 4864,
    "z": -1792
  },
  {
    "timestamp": 1518.3441426595052,
    "x": 15872,
    "y": 4864,
    "z": -1536
  },
  {
    "timestamp": 1518.3774759928385,
    "x": 15616,
    "y": 4864,
    "z": -1536
  },
  {
    "timestamp": 1518.4108093261718,
    "x": 15616,
    "y": 4864,
    "z": -1536
  },
  {
    "timestamp": 1518.4441426595051,
    "x": 15616,
    "y": 5376,
    "z": -1536
  },
  {
    "timestamp": 1518.4774759928384,
    "x": 15616,
    "y": 5376,
    "z": -1536
  },
  {
    "timestamp": 1518.510809326172,
    "x": 15616,
    "y": 5632,
    "z": -1536
  },
  {
    "timestamp": 1518.5441426595053,
    "x": 15616,
    "y": 5888,
    "z": -1536
  },
  {
    "timestamp": 1518.5774759928386,
    "x": 15616,
    "y": 5888,
    "z": -1536
  },
  {
    "timestamp": 1518.7994995117188,
    "x": 15616,
    "y": 6144,
    "z": -1536
  },
  {
    "timestamp": 1518.832832845052,
    "x": 15360,
    "y": 6144,
    "z": -1280
  },
  {
    "timestamp": 1518.8661661783854,
    "x": 15360,
    "y": 6144,
    "z": -1024
  },
  {
    "timestamp": 1518.8994995117187,
    "x": 15104,
    "y": 6400,
    "z": -1024
  },
  {
    "timestamp": 1518.9328328450522,
    "x": 15360,
    "y": 5888,
    "z": -1024
  },
  {
    "timestamp": 1518.9661661783855,
    "x": 15616,
    "y": 5120,
    "z": -1024
  },
  {
    "timestamp": 1518.9994995117188,
    "x": 15616,
    "y": 4864,
    "z": -1280
  },
  {
    "timestamp": 1519.032832845052,
    "x": 16128,
    "y": 4864,
    "z": -1024
  },
  {
    "timestamp": 1519.0661661783854,
    "x": 16384,
    "y": 5120,
    "z": -1024
  },
  {
    "timestamp": 1519.0994995117187,
    "x": 15616,
    "y": 5376,
    "z": -768
  },
  {
    "timestamp": 1519.132832845052,
    "x": 15104,
    "y": 6400,
    "z": -512
  },
  {
    "timestamp": 1519.1661661783853,
    "x": 14848,
    "y": 6912,
    "z": -512
  },
  {
    "timestamp": 1519.1994995117188,
    "x": 14592,
    "y": 7168,
    "z": -256
  },
  {
    "timestamp": 1519.2328328450521,
    "x": 14080,
    "y": 7936,
    "z": 256
  },
  {
    "timestamp": 1519.2661661783854,
    "x": 14336,
    "y": 8192,
    "z": -256
  },
  {
    "timestamp": 1519.2994995117188,
    "x": 15104,
    "y": 7680,
    "z": -512
  },
  {
    "timestamp": 1519.332832845052,
    "x": 15360,
    "y": 6912,
    "z": -768
  },
  {
    "timestamp": 1519.3661661783854,
    "x": 15360,
    "y": 6912,
    "z": -768
  },
  {
    "timestamp": 1519.3994995117187,
    "x": 14848,
    "y": 6656,
    "z": -512
  },
  {
    "timestamp": 1519.4328328450522,
    "x": 15104,
    "y": 6656,
    "z": -512
  },
  {
    "timestamp": 1519.4661661783855,
    "x": 15104,
    "y": 6656,
    "z": -512
  },
  {
    "timestamp": 1519.4994995117188,
    "x": 15360,
    "y": 6144,
    "z": -512
  },
  {
    "timestamp": 1519.532832845052,
    "x": 15360,
    "y": 6144,
    "z": -256
  },
  {
    "timestamp": 1519.5661661783854,
    "x": 15872,
    "y": 6400,
    "z": -256
  },
  {
    "timestamp": 1519.5994995117187,
    "x": 15360,
    "y": 5888,
    "z": -512
  },
  {
    "timestamp": 1519.632832845052,
    "x": 15104,
    "y": 6400,
    "z": -768
  },
  {
    "timestamp": 1519.6661661783853,
    "x": 14848,
    "y": 6656,
    "z": -512
  },
  {
    "timestamp": 1519.6994995117188,
    "x": 15104,
    "y": 6656,
    "z": -256
  },
  {
    "timestamp": 1519.7328328450521,
    "x": 15104,
    "y": 6400,
    "z": -768
  },
  {
    "timestamp": 1519.7661661783854,
    "x": 15616,
    "y": 6144,
    "z": -768
  },
  {
    "timestamp": 1519.988037109375,
    "x": 15616,
    "y": 5888,
    "z": -768
  },
  {
    "timestamp": 1520.0213704427083,
    "x": 15616,
    "y": 5888,
    "z": -768
  },
  {
    "timestamp": 1520.0547037760416,
    "x": 15360,
    "y": 5888,
    "z": -1024
  },
  {
    "timestamp": 1520.088037109375,
    "x": 15104,
    "y": 6144,
    "z": -768
  },
  {
    "timestamp": 1520.1213704427084,
    "x": 15360,
    "y": 6144,
    "z": -1024
  },
  {
    "timestamp": 1520.1547037760417,
    "x": 15104,
    "y": 6400,
    "z": -1024
  },
  {
    "timestamp": 1520.188037109375,
    "x": 14848,
    "y": 6400,
    "z": -1024
  },
  {
    "timestamp": 1520.2213704427083,
    "x": 15360,
    "y": 6400,
    "z": -1280
  },
  {
    "timestamp": 1520.2547037760417,
    "x": 15360,
    "y": 6400,
    "z": -1280
  },
  {
    "timestamp": 1520.288037109375,
    "x": 15616,
    "y": 6656,
    "z": -1280
  },
  {
    "timestamp": 1520.3213704427083,
    "x": 15360,
    "y": 6912,
    "z": -1280
  },
  {
    "timestamp": 1520.3547037760416,
    "x": 15360,
    "y": 6912,
    "z": -1280
  },
  {
    "timestamp": 1520.388037109375,
    "x": 15104,
    "y": 7168,
    "z": -1536
  },
  {
    "timestamp": 1520.4213704427084,
    "x": 14848,
    "y": 6912,
    "z": -1536
  },
  {
    "timestamp": 1520.4547037760417,
    "x": 14848,
    "y": 6912,
    "z": -1792
  },
  {
    "timestamp": 1520.488037109375,
    "x": 15104,
    "y": 6656,
    "z": -1792
  },
  {
    "timestamp": 1520.5213704427083,
    "x": 15360,
    "y": 6144,
    "z": -1792
  },
  {
    "timestamp": 1520.5547037760416,
    "x": 15360,
    "y": 5888,
    "z": -1536
  },
  {
    "timestamp": 1520.588037109375,
    "x": 15872,
    "y": 6656,
    "z": -1792
  },
  {
    "timestamp": 1520.6213704427084,
    "x": 15360,
    "y": 5888,
    "z": -1536
  },
  {
    "timestamp": 1520.6547037760417,
    "x": 15360,
    "y": 5888,
    "z": -1280
  },
  {
    "timestamp": 1520.688037109375,
    "x": 15104,
    "y": 6400,
    "z": -1280
  },
  {
    "timestamp": 1520.7213704427083,
    "x": 15104,
    "y": 6656,
    "z": -1024
  },
  {
    "timestamp": 1520.7547037760417,
    "x": 15104,
    "y": 6656,
    "z": -1280
  },
  {
    "timestamp": 1520.788037109375,
    "x": 14848,
    "y": 6656,
    "z": -1024
  },
  {
    "timestamp": 1520.8213704427083,
    "x": 15104,
    "y": 6656,
    "z": -1280
  },
  {
    "timestamp": 1520.8547037760416,
    "x": 15616,
    "y": 6400,
    "z": -768
  },
  {
    "timestamp": 1520.888037109375,
    "x": 15360,
    "y": 6400,
    "z": -1024
  },
  {
    "timestamp": 1520.9213704427084,
    "x": 15616,
    "y": 6400,
    "z": -768
  },
  {
    "timestamp": 1520.9547037760417,
    "x": 15104,
    "y": 6656,
    "z": -768
  },
  {
    "timestamp": 1521.1768188476562,
    "x": 14592,
    "y": 6656,
    "z": -1024
  },
  {
    "timestamp": 1521.2101521809896,
    "x": 15104,
    "y": 7680,
    "z": -512
  },
  {
    "timestamp": 1521.2434855143229,
    "x": 14592,
    "y": 7680,
    "z": -768
  },
  {
    "timestamp": 1521.2768188476562,
    "x": 14592,
    "y": 7168,
    "z": -1024
  },
  {
    "timestamp": 1521.3101521809897,
    "x": 15360,
    "y": 5888,
    "z": -1536
  },
  {
    "timestamp": 1521.343485514323,
    "x": 15360,
    "y": 5632,
    "z": -1280
  },
  {
    "timestamp": 1521.3768188476563,
    "x": 15872,
    "y": 6144,
    "z": -1280
  },
  {
    "timestamp": 1521.4101521809896,
    "x": 15360,
    "y": 5632,
    "z": -1536
  },
  {
    "timestamp": 1521.443485514323,
    "x": 15872,
    "y": 5632,
    "z": -1792
  },
  {
    "timestamp": 1521.4768188476562,
    "x": 15872,
    "y": 6144,
    "z": -1280
  },
  {
    "timestamp": 1521.5101521809895,
    "x": 15616,
    "y": 5632,
    "z": -1280
  },
  {
    "timestamp": 1521.5434855143228,
    "x": 15616,
    "y": 5632,
    "z": -1024
  },
  {
    "timestamp": 1521.5768188476563,
    "x": 15360,
    "y": 5888,
    "z": -768
  },
  {
    "timestamp": 1521.6101521809896,
    "x": 15360,
    "y": 6144,
    "z": -1024
  },
  {
    "timestamp": 1521.643485514323,
    "x": 15360,
    "y": 5888,
    "z": -768
  },
  {
    "timestamp": 1521.6768188476562,
    "x": 15616,
    "y": 5888,
    "z": -768
  },
  {
    "timestamp": 1521.7101521809896,
    "x": 15616,
    "y": 5632,
    "z": -1024
  },
  {
    "timestamp": 1521.7434855143229,
    "x": 15616,
    "y": 5632,
    "z": -1024
  },
  {
    "timestamp": 1521.7768188476562,
    "x": 15872,
    "y": 5376,
    "z": -1024
  },
  {
    "timestamp": 1521.8101521809897,
    "x": 15616,
    "y": 5888,
    "z": -1024
  },
  {
    "timestamp": 1521.843485514323,
    "x": 15360,
    "y": 5888,
    "z": -1024
  },
  {
    "timestamp": 1521.8768188476563,
    "x": 15616,
    "y": 5888,
    "z": -1024
  },
  {
    "timestamp": 1521.9101521809896,
    "x": 15360,
    "y": 5632,
    "z": -1024
  },
  {
    "timestamp": 1521.943485514323,
    "x": 15360,
    "y": 5632,
    "z": -768
  },
  {
    "timestamp": 1521.9768188476562,
    "x": 15872,
    "y": 5376,
    "z": -1024
  },
  {
    "timestamp": 1522.0101521809895,
    "x": 15616,
    "y": 6144,
    "z": -768
  },
  {
    "timestamp": 1522.0434855143228,
    "x": 15360,
    "y": 6144,
    "z": -768
  },
  {
    "timestamp": 1522.0768188476563,
    "x": 15360,
    "y": 6912,
    "z": -256
  },
  {
    "timestamp": 1522.1101521809896,
    "x": 15104,
    "y": 6656,
    "z": -512
  },
  {
    "timestamp": 1522.143485514323,
    "x": 14848,
    "y": 6400,
    "z": -256
  },
  {
    "timestamp": 1522.365478515625,
    "x": 15360,
    "y": 6912,
    "z": -256
  },
  {
    "timestamp": 1522.3988118489583,
    "x": 15360,
    "y": 6400,
    "z": -768
  },
  {
    "timestamp": 1522.4321451822916,
    "x": 15616,
    "y": 6656,
    "z": -512
  },
  {
    "timestamp": 1522.465478515625,
    "x": 15360,
    "y": 6400,
    "z": -1024
  },
  {
    "timestamp": 1522.4988118489584,
    "x": 15104,
    "y": 6400,
    "z": -1024
  },
  {
    "timestamp": 1522.5321451822917,
    "x": 15104,
    "y": 6400,
    "z": -512
  },
  {
    "timestamp": 1522.565478515625,
    "x": 15360,
    "y": 5888,
    "z": -1024
  },
  {
    "timestamp": 1522.5988118489583,
    "x": 15360,
    "y": 6400,
    "z": -768
  },
  {
    "timestamp": 1522.6321451822917,
    "x": 15360,
    "y": 6400,
    "z": -512
  },
  {
    "timestamp": 1522.665478515625,
    "x": 15616,
    "y": 6400,
    "z": -768
  },
  {
    "timestamp": 1522.6988118489583,
    "x": 15872,
    "y": 6144,
    "z": -1024
  },
  {
    "timestamp": 1522.7321451822916,
    "x": 15360,
    "y": 6144,
    "z": -1024
  },
  {
    "timestamp": 1522.765478515625,
    "x": 15360,
    "y": 6144,
    "z": -768
  },
  {
    "timestamp": 1522.7988118489584,
    "x": 15616,
    "y": 6144,
    "z": -1024
  },
  {
    "timestamp": 1522.8321451822917,
    "x": 15616,
    "y": 6144,
    "z": -1024
  },
  {
    "timestamp": 1522.865478515625,
    "x": 15616,
    "y": 6144,
    "z": -768
  },
  {
    "timestamp": 1522.8988118489583,
    "x": 15360,
    "y": 6144,
    "z": -1280
  },
  {
    "timestamp": 1522.9321451822916,
    "x": 15872,
    "y": 5888,
    "z": -1280
  },
  {
    "timestamp": 1522.965478515625,
    "x": 15872,
    "y": 5888,
    "z": -768
  },
  {
    "timestamp": 1522.9988118489584,
    "x": 15616,
    "y": 5632,
    "z": -1024
  },
  {
    "timestamp": 1523.0321451822917,
    "x": 15616,
    "y": 5888,
    "z": -1024
  },
  {
    "timestamp": 1523.065478515625,
    "x": 15616,
    "y": 6400,
    "z": -1024
  },
  {
    "timestamp": 1523.0988118489583,
    "x": 15104,
    "y": 6144,
    "z": -1024
  },
  {
    "timestamp": 1523.1321451822917,
    "x": 15104,
    "y": 6144,
    "z": -512
  },
  {
    "timestamp": 1523.165478515625,
    "x": 15360,
    "y": 6400,
    "z": -768
  },
  {
    "timestamp": 1523.1988118489583,
    "x": 15104,
    "y": 6400,
    "z": -512
  },
  {
    "timestamp": 1523.2321451822916,
    "x": 15104,
    "y": 6400,
    "z": -768
  },
  {
    "timestamp": 1523.265478515625,
    "x": 15616,
    "y": 6656,
    "z": -768
  },
  {
    "timestamp": 1523.2988118489584,
    "x": 15104,
    "y": 7168,
    "z": -256
  },
  {
    "timestamp": 1523.3321451822917,
    "x": 14848,
    "y": 6912,
    "z": -512
  },
  {
    "timestamp": 1523.5541381835938,
    "x": 15104,
    "y": 6912,
    "z": -512
  },
  {
    "timestamp": 1523.587471516927,
    "x": 14848,
    "y": 6656,
    "z": -512
  },
  {
    "timestamp": 1523.6208048502604,
    "x": 15104,
    "y": 6400,
    "z": -768
  },
  {
    "timestamp": 1523.6541381835937,
    "x": 15104,
    "y": 6400,
    "z": -768
  },
  {
    "timestamp": 1523.6874715169272,
    "x": 15360,
    "y": 6656,
    "z": -768
  },
  {
    "timestamp": 1523.7208048502605,
    "x": 14848,
    "y": 6912,
    "z": -512
  },
  {
    "timestamp": 1523.7541381835938,
    "x": 15104,
    "y": 6400,
    "z": -768
  },
  {
    "timestamp": 1523.787471516927,
    "x": 15360,
    "y": 6400,
    "z": -1024
  },
  {
    "timestamp": 1523.8208048502604,
    "x": 15360,
    "y": 6144,
    "z": -768
  },
  {
    "timestamp": 1523.8541381835937,
    "x": 15360,
    "y": 6144,
    "z": -1024
  },
  {
    "timestamp": 1523.887471516927,
    "x": 15360,
    "y": 6144,
    "z": -768
  },
  {
    "timestamp": 1523.9208048502603,
    "x": 15360,
    "y": 6144,
    "z": -1024
  },
  {
    "timestamp": 1523.9541381835938,
    "x": 15360,
    "y": 5888,
    "z": -1024
  },
  {
    "timestamp": 1523.9874715169271,
    "x": 15360,
    "y": 6400,
    "z": -768
  },
  {
    "timestamp": 1524.0208048502604,
    "x": 15616,
    "y": 6144,
    "z": -1024
  },
  {
    "timestamp": 1524.0541381835938,
    "x": 15616,
    "y": 5888,
    "z": -1024
  },
  {
    "timestamp": 1524.087471516927,
    "x": 15104,
    "y": 6144,
    "z": -1024
  },
  {
    "timestamp": 1524.1208048502604,
    "x": 15104,
    "y": 5888,
    "z": -1280
  },
  {
    "timestamp": 1524.1541381835937,
    "x": 15360,
    "y": 5888,
    "z": -768
  },
  {
    "timestamp": 1524.1874715169272,
    "x": 15616,
    "y": 5888,
    "z": -1024
  },
  {
    "timestamp": 1524.2208048502605,
    "x": 15616,
    "y": 6144,
    "z": -1024
  },
  {
    "timestamp": 1524.2541381835938,
    "x": 15104,
    "y": 5888,
    "z": -768
  },
  {
    "timestamp": 1524.287471516927,
    "x": 15616,
    "y": 6144,
    "z": -1024
  },
  {
    "timestamp": 1524.3208048502604,
    "x": 15360,
    "y": 6144,
    "z": -1024
  },
  {
    "timestamp": 1524.3541381835937,
    "x": 15616,
    "y": 6144,
    "z": -1024
  },
  {
    "timestamp": 1524.387471516927,
    "x": 15616,
    "y": 6144,
    "z": -1024
  },
  {
    "timestamp": 1524.4208048502603,
    "x": 15616,
    "y": 6144,
    "z": -768
  },
  {
    "timestamp": 1524.4541381835938,
    "x": 15616,
    "y": 6144,
    "z": -768
  },
  {
    "timestamp": 1524.4874715169271,
    "x": 15360,
    "y": 6144,
    "z": -1024
  },
  {
    "timestamp": 1524.5208048502604,
    "x": 15360,
    "y": 6144,
    "z": -768
  },
  {
    "timestamp": 1524.7428283691406,
    "x": 15360,
    "y": 6144,
    "z": -768
  },
  {
    "timestamp": 1524.776161702474,
    "x": 15104,
    "y": 5888,
    "z": -768
  },
  {
    "timestamp": 1524.8094950358072,
    "x": 15616,
    "y": 6144,
    "z": -1024
  },
  {
    "timestamp": 1524.8428283691405,
    "x": 15360,
    "y": 5632,
    "z": -1280
  },
  {
    "timestamp": 1524.876161702474,
    "x": 15872,
    "y": 5888,
    "z": -1280
  },
  {
    "timestamp": 1524.9094950358074,
    "x": 15360,
    "y": 5888,
    "z": -1024
  },
  {
    "timestamp": 1524.9428283691407,
    "x": 15616,
    "y": 5632,
    "z": -1024
  },
  {
    "timestamp": 1524.976161702474,
    "x": 15360,
    "y": 5888,
    "z": -768
  },
  {
    "timestamp": 1525.0094950358073,
    "x": 15616,
    "y": 5632,
    "z": -1024
  },
  {
    "timestamp": 1525.0428283691406,
    "x": 15616,
    "y": 5888,
    "z": -1024
  },
  {
    "timestamp": 1525.0761617024739,
    "x": 15360,
    "y": 6144,
    "z": -768
  },
  {
    "timestamp": 1525.1094950358072,
    "x": 15872,
    "y": 6144,
    "z": -1024
  },
  {
    "timestamp": 1525.1428283691407,
    "x": 15616,
    "y": 6400,
    "z": -1024
  },
  {
    "timestamp": 1525.176161702474,
    "x": 15104,
    "y": 6144,
    "z": -1024
  },
  {
    "timestamp": 1525.2094950358073,
    "x": 15616,
    "y": 5888,
    "z": -1024
  },
  {
    "timestamp": 1525.2428283691406,
    "x": 15616,
    "y": 5888,
    "z": -768
  },
  {
    "timestamp": 1525.276161702474,
    "x": 15104,
    "y": 6144,
    "z": -768
  },
  {
    "timestamp": 1525.3094950358072,
    "x": 15872,
    "y": 5632,
    "z": -768
  },
  {
    "timestamp": 1525.3428283691405,
    "x": 15616,
    "y": 5888,
    "z": -768
  },
  {
    "timestamp": 1525.376161702474,
    "x": 15360,
    "y": 5376,
    "z": -1280
  },
  {
    "timestamp": 1525.4094950358074,
    "x": 15360,
    "y": 5632,
    "z": -768
  },
  {
    "timestamp": 1525.4428283691407,
    "x": 15360,
    "y": 5376,
    "z": -768
  },
  {
    "timestamp": 1525.476161702474,
    "x": 15104,
    "y": 5376,
    "z": -768
  },
  {
    "timestamp": 1525.5094950358073,
    "x": 15360,
    "y": 5632,
    "z": -768
  },
  {
    "timestamp": 1525.5428283691406,
    "x": 15360,
    "y": 5632,
    "z": -1024
  },
  {
    "timestamp": 1525.5761617024739,
    "x": 15616,
    "y": 5632,
    "z": -768
  },
  {
    "timestamp": 1525.6094950358072,
    "x": 15872,
    "y": 6144,
    "z": -1024
  },
  {
    "timestamp": 1525.6428283691407,
    "x": 15360,
    "y": 6144,
    "z": -768
  },
  {
    "timestamp": 1525.676161702474,
    "x": 15616,
    "y": 5632,
    "z": -1024
  },
  {
    "timestamp": 1525.7094950358073,
    "x": 15616,
    "y": 5888,
    "z": -1024
  },
  {
    "timestamp": 1525.9314575195312,
    "x": 15360,
    "y": 5888,
    "z": -768
  },
  {
    "timestamp": 1525.9647908528646,
    "x": 15616,
    "y": 5888,
    "z": -1024
  },
  {
    "timestamp": 1525.9981241861979,
    "x": 15360,
    "y": 5632,
    "z": -1024
  },
  {
    "timestamp": 1526.0314575195312,
    "x": 15616,
    "y": 5888,
    "z": -768
  },
  {
    "timestamp": 1526.0647908528647,
    "x": 15616,
    "y": 5888,
    "z": -1024
  },
  {
    "timestamp": 1526.098124186198,
    "x": 15616,
    "y": 5632,
    "z": -1280
  },
  {
    "timestamp": 1526.1314575195313,
    "x": 15872,
    "y": 5888,
    "z": -1024
  },
  {
    "timestamp": 1526.1647908528646,
    "x": 15360,
    "y": 6400,
    "z": -512
  },
  {
    "timestamp": 1526.198124186198,
    "x": 14336,
    "y": 7680,
    "z": 0
  },
  {
    "timestamp": 1526.2314575195312,
    "x": 14592,
    "y": 7680,
    "z": -512
  },
  {
    "timestamp": 1526.2647908528645,
    "x": 15104,
    "y": 6400,
    "z": -1024
  },
  {
    "timestamp": 1526.2981241861978,
    "x": 15616,
    "y": 4864,
    "z": -1792
  },
  {
    "timestamp": 1526.3314575195313,
    "x": 16128,
    "y": 4608,
    "z": -2048
  },
  {
    "timestamp": 1526.3647908528646,
    "x": 16128,
    "y": 4352,
    "z": -1792
  },
  {
    "timestamp": 1526.398124186198,
    "x": 16128,
    "y": 4096,
    "z": -2048
  },
  {
    "timestamp": 1526.4314575195312,
    "x": 16128,
    "y": 5120,
    "z": -1792
  },
  {
    "timestamp": 1526.4647908528646,
    "x": 15872,
    "y": 4864,
    "z": -1792
  },
  {
    "timestamp": 1526.4981241861979,
    "x": 15872,
    "y": 4864,
    "z": -2048
  },
  {
    "timestamp": 1526.5314575195312,
    "x": 15616,
    "y": 5376,
    "z": -1792
  },
  {
    "timestamp": 1526.5647908528647,
    "x": 15872,
    "y": 5376,
    "z": -1792
  },
  {
    "timestamp": 1526.598124186198,
    "x": 15616,
    "y": 4608,
    "z": -2048
  },
  {
    "timestamp": 1526.6314575195313,
    "x": 16384,
    "y": 4352,
    "z": -2304
  },
  {
    "timestamp": 1526.6647908528646,
    "x": 16128,
    "y": 4352,
    "z": -2304
  },
  {
    "timestamp": 1526.698124186198,
    "x": 15104,
    "y": 5120,
    "z": -1536
  },
  {
    "timestamp": 1526.7314575195312,
    "x": 15616,
    "y": 5632,
    "z": -1536
  },
  {
    "timestamp": 1526.7647908528645,
    "x": 15872,
    "y": 6144,
    "z": -1280
  },
  {
    "timestamp": 1526.7981241861978,
    "x": 15104,
    "y": 6400,
    "z": -1280
  },
  {
    "timestamp": 1526.8314575195313,
    "x": 14848,
    "y": 6400,
    "z": -768
  },
  {
    "timestamp": 1526.8647908528646,
    "x": 15104,
    "y": 5888,
    "z": -768
  },
  {
    "timestamp": 1526.898124186198,
    "x": 15360,
    "y": 6144,
    "z": -768
  },
  {
    "timestamp": 1527.1200256347656,
    "x": 15360,
    "y": 5632,
    "z": -1024
  },
  {
    "timestamp": 1527.153358968099,
    "x": 15360,
    "y": 5632,
    "z": -768
  },
  {
    "timestamp": 1527.1866923014322,
    "x": 15104,
    "y": 6144,
    "z": -768
  },
  {
    "timestamp": 1527.2200256347655,
    "x": 15104,
    "y": 5888,
    "z": -768
  },
  {
    "timestamp": 1527.253358968099,
    "x": 15104,
    "y": 6400,
    "z": -256
  },
  {
    "timestamp": 1527.2866923014324,
    "x": 15616,
    "y": 6400,
    "z": -768
  },
  {
    "timestamp": 1527.3200256347657,
    "x": 15616,
    "y": 6144,
    "z": -1024
  },
  {
    "timestamp": 1527.353358968099,
    "x": 15616,
    "y": 5888,
    "z": -1280
  },
  {
    "timestamp": 1527.3866923014323,
    "x": 15616,
    "y": 6144,
    "z": -1280
  },
  {
    "timestamp": 1527.4200256347656,
    "x": 15616,
    "y": 5632,
    "z": -1536
  },
  {
    "timestamp": 1527.4533589680989,
    "x": 15616,
    "y": 5888,
    "z": -1280
  },
  {
    "timestamp": 1527.4866923014322,
    "x": 15104,
    "y": 5632,
    "z": -1024
  },
  {
    "timestamp": 1527.5200256347657,
    "x": 15360,
    "y": 5376,
    "z": -1024
  },
  {
    "timestamp": 1527.553358968099,
    "x": 15616,
    "y": 5632,
    "z": -768
  },
  {
    "timestamp": 1527.5866923014323,
    "x": 15360,
    "y": 5888,
    "z": -1024
  },
  {
    "timestamp": 1527.6200256347656,
    "x": 15616,
    "y": 5632,
    "z": -768
  },
  {
    "timestamp": 1527.653358968099,
    "x": 15616,
    "y": 5888,
    "z": -768
  },
  {
    "timestamp": 1527.6866923014322,
    "x": 15104,
    "y": 5632,
    "z": -768
  },
  {
    "timestamp": 1527.7200256347655,
    "x": 15360,
    "y": 5376,
    "z": -1280
  },
  {
    "timestamp": 1527.753358968099,
    "x": 15872,
    "y": 5888,
    "z": -768
  },
  {
    "timestamp": 1527.7866923014324,
    "x": 15360,
    "y": 5632,
    "z": -1024
  },
  {
    "timestamp": 1527.8200256347657,
    "x": 15616,
    "y": 5632,
    "z": -1024
  },
  {
    "timestamp": 1527.853358968099,
    "x": 15360,
    "y": 5632,
    "z": -1024
  },
  {
    "timestamp": 1527.8866923014323,
    "x": 15616,
    "y": 5376,
    "z": -1024
  },
  {
    "timestamp": 1527.9200256347656,
    "x": 15872,
    "y": 5632,
    "z": -768
  },
  {
    "timestamp": 1527.9533589680989,
    "x": 15616,
    "y": 5376,
    "z": -768
  },
  {
    "timestamp": 1527.9866923014322,
    "x": 15104,
    "y": 5376,
    "z": -768
  },
  {
    "timestamp": 1528.0200256347657,
    "x": 15616,
    "y": 5632,
    "z": -768
  },
  {
    "timestamp": 1528.053358968099,
    "x": 15616,
    "y": 5632,
    "z": -768
  },
  {
    "timestamp": 1528.0866923014323,
    "x": 15616,
    "y": 5632,
    "z": -1024
  }
]