{
  "session_name": "session_20250526_100619",
  "start_time": "2025-05-26T10:06:19.088092",
  "files": [
    {
      "type": "015F2A8E-3772-FB6D-2197-548F305983B0_eeg_raw",
      "filename": "015F2A8E-3772-FB6D-2197-548F305983B0_eeg_raw.json",
      "path": "data/session_20250526_100619/015F2A8E-3772-FB6D-2197-548F305983B0_eeg_raw.json",
      "size": 905161,
      "record_count": 5750,
      "created_at": "2025-05-26T10:06:42.218735"
    },
    {
      "type": "015F2A8E-3772-FB6D-2197-548F305983B0_ppg_raw",
      "filename": "015F2A8E-3772-FB6D-2197-548F305983B0_ppg_raw.json",
      "path": "data/session_20250526_100619/015F2A8E-3772-FB6D-2197-548F305983B0_ppg_raw.json",
      "size": 96040,
      "record_count": 1148,
      "created_at": "2025-05-26T10:06:42.221412"
    },
    {
      "type": "015F2A8E-3772-FB6D-2197-548F305983B0_eeg_processed",
      "filename": "015F2A8E-3772-FB6D-2197-548F305983B0_eeg_processed.json",
      "path": "data/session_20250526_100619/015F2A8E-3772-FB6D-2197-548F305983B0_eeg_processed.json",
      "size": 912647,
      "record_count": 41,
      "created_at": "2025-05-26T10:06:42.240251"
    },
    {
      "type": "015F2A8E-3772-FB6D-2197-548F305983B0_ppg_processed",
      "filename": "015F2A8E-3772-FB6D-2197-548F305983B0_ppg_processed.json",
      "path": "data/session_20250526_100619/015F2A8E-3772-FB6D-2197-548F305983B0_ppg_processed.json",
      "size": 419718,
      "record_count": 39,
      "created_at": "2025-05-26T10:06:42.249830"
    },
    {
      "type": "015F2A8E-3772-FB6D-2197-548F305983B0_acc_raw",
      "filename": "015F2A8E-3772-FB6D-2197-548F305983B0_acc_raw.json",
      "path": "data/session_20250526_100619/015F2A8E-3772-FB6D-2197-548F305983B0_acc_raw.json",
      "size": 52129,
      "record_count": 570,
      "created_at": "2025-05-26T10:06:42.251765"
    },
    {
      "type": "015F2A8E-3772-FB6D-2197-548F305983B0_acc_processed",
      "filename": "015F2A8E-3772-FB6D-2197-548F305983B0_acc_processed.json",
      "path": "data/session_20250526_100619/015F2A8E-3772-FB6D-2197-548F305983B0_acc_processed.json",
      "size": 115900,
      "record_count": 19,
      "created_at": "2025-05-26T10:06:42.254326"
    }
  ],
  "status": "stopped",
  "end_time": "2025-05-26T10:06:42.199488",
  "stats": {
    "total_files": 6,
    "type_details": {
      "015F2A8E-3772-FB6D-2197-548F305983B0_eeg_raw": {
        "filename": "015F2A8E-3772-FB6D-2197-548F305983B0_eeg_raw.json",
        "record_count": 5750,
        "size_bytes": 905161
      },
      "015F2A8E-3772-FB6D-2197-548F305983B0_ppg_raw": {
        "filename": "015F2A8E-3772-FB6D-2197-548F305983B0_ppg_raw.json",
        "record_count": 1148,
        "size_bytes": 96040
      },
      "015F2A8E-3772-FB6D-2197-548F305983B0_eeg_processed": {
        "filename": "015F2A8E-3772-FB6D-2197-548F305983B0_eeg_processed.json",
        "record_count": 41,
        "size_bytes": 912647
      },
      "015F2A8E-3772-FB6D-2197-548F305983B0_ppg_processed": {
        "filename": "015F2A8E-3772-FB6D-2197-548F305983B0_ppg_processed.json",
        "record_count": 39,
        "size_bytes": 419718
      },
      "015F2A8E-3772-FB6D-2197-548F305983B0_acc_raw": {
        "filename": "015F2A8E-3772-FB6D-2197-548F305983B0_acc_raw.json",
        "record_count": 570,
        "size_bytes": 52129
      },
      "015F2A8E-3772-FB6D-2197-548F305983B0_acc_processed": {
        "filename": "015F2A8E-3772-FB6D-2197-548F305983B0_acc_processed.json",
        "record_count": 19,
        "size_bytes": 115900
      }
    },
    "total_records": 7567
  }
}