[
  {
    "timestamp": 29.515625,
    "x": -16128,
    "y": 1280,
    "z": -256
  },
  {
    "timestamp": 29.548958333333335,
    "x": -15872,
    "y": 1024,
    "z": -512
  },
  {
    "timestamp": 29.582291666666666,
    "x": -15872,
    "y": 1280,
    "z": -512
  },
  {
    "timestamp": 29.615625,
    "x": -15872,
    "y": 1280,
    "z": -512
  },
  {
    "timestamp": 29.648958333333333,
    "x": -15872,
    "y": 1280,
    "z": -512
  },
  {
    "timestamp": 29.682291666666668,
    "x": -15872,
    "y": 1536,
    "z": -256
  },
  {
    "timestamp": 29.715625,
    "x": -16128,
    "y": 1280,
    "z": -256
  },
  {
    "timestamp": 29.748958333333334,
    "x": -16128,
    "y": 1280,
    "z": -256
  },
  {
    "timestamp": 29.782291666666666,
    "x": -15872,
    "y": 1024,
    "z": -512
  },
  {
    "timestamp": 29.815625,
    "x": -15872,
    "y": 1280,
    "z": -512
  },
  {
    "timestamp": 29.848958333333332,
    "x": -15872,
    "y": 1280,
    "z": -256
  },
  {
    "timestamp": 29.882291666666667,
    "x": -16128,
    "y": 1536,
    "z": -256
  },
  {
    "timestamp": 29.915625,
    "x": -16128,
    "y": 1280,
    "z": -512
  },
  {
    "timestamp": 29.948958333333334,
    "x": -16128,
    "y": 1280,
    "z": -512
  },
  {
    "timestamp": 29.982291666666665,
    "x": -16128,
    "y": 1280,
    "z": -512
  },
  {
    "timestamp": 30.015625,
    "x": -16128,
    "y": 1280,
    "z": -256
  },
  {
    "timestamp": 30.048958333333335,
    "x": -16128,
    "y": 1280,
    "z": -256
  },
  {
    "timestamp": 30.082291666666666,
    "x": -15872,
    "y": 1536,
    "z": -256
  },
  {
    "timestamp": 30.115625,
    "x": -15872,
    "y": 1280,
    "z": -256
  },
  {
    "timestamp": 30.148958333333333,
    "x": -15872,
    "y": 1280,
    "z": -512
  },
  {
    "timestamp": 30.182291666666668,
    "x": -15872,
    "y": 1280,
    "z": -512
  },
  {
    "timestamp": 30.215625,
    "x": -16128,
    "y": 1280,
    "z": -256
  },
  {
    "timestamp": 30.248958333333334,
    "x": -16128,
    "y": 1280,
    "z": -256
  },
  {
    "timestamp": 30.282291666666666,
    "x": -15872,
    "y": 1536,
    "z": -512
  },
  {
    "timestamp": 30.315625,
    "x": -15872,
    "y": 1024,
    "z": -256
  },
  {
    "timestamp": 30.348958333333332,
    "x": -16128,
    "y": 1280,
    "z": -256
  },
  {
    "timestamp": 30.382291666666667,
    "x": -16128,
    "y": 1536,
    "z": -256
  },
  {
    "timestamp": 30.415625,
    "x": -16128,
    "y": 1280,
    "z": -512
  },
  {
    "timestamp": 30.448958333333334,
    "x": -15872,
    "y": 1280,
    "z": -512
  },
  {
    "timestamp": 30.482291666666665,
    "x": -15872,
    "y": 1280,
    "z": -256
  },
  {
    "timestamp": 30.703887939453125,
    "x": -15872,
    "y": 1024,
    "z": -256
  },
  {
    "timestamp": 30.73722127278646,
    "x": -16128,
    "y": 1280,
    "z": 0
  },
  {
    "timestamp": 30.77055460611979,
    "x": -16128,
    "y": 1024,
    "z": -512
  },
  {
    "timestamp": 30.803887939453126,
    "x": -15872,
    "y": 1536,
    "z": -256
  },
  {
    "timestamp": 30.837221272786458,
    "x": -16128,
    "y": 1280,
    "z": -256
  },
  {
    "timestamp": 30.870554606119793,
    "x": -16128,
    "y": 1536,
    "z": -256
  },
  {
    "timestamp": 30.903887939453124,
    "x": -16128,
    "y": 1280,
    "z": -256
  },
  {
    "timestamp": 30.93722127278646,
    "x": -15872,
    "y": 1280,
    "z": -256
  },
  {
    "timestamp": 30.97055460611979,
    "x": -16128,
    "y": 1280,
    "z": -256
  },
  {
    "timestamp": 31.003887939453126,
    "x": -16128,
    "y": 1280,
    "z": 0
  },
  {
    "timestamp": 31.037221272786457,
    "x": -16128,
    "y": 1280,
    "z": -256
  },
  {
    "timestamp": 31.070554606119792,
    "x": -16128,
    "y": 1536,
    "z": -256
  },
  {
    "timestamp": 31.103887939453124,
    "x": -16128,
    "y": 1024,
    "z": -512
  },
  {
    "timestamp": 31.13722127278646,
    "x": -15872,
    "y": 1280,
    "z": 0
  },
  {
    "timestamp": 31.17055460611979,
    "x": -15872,
    "y": 1280,
    "z": -256
  },
  {
    "timestamp": 31.203887939453125,
    "x": -16384,
    "y": 1280,
    "z": -256
  },
  {
    "timestamp": 31.23722127278646,
    "x": -16128,
    "y": 1280,
    "z": -256
  },
  {
    "timestamp": 31.27055460611979,
    "x": -15872,
    "y": 1280,
    "z": -256
  },
  {
    "timestamp": 31.303887939453126,
    "x": -16384,
    "y": 1280,
    "z": -256
  },
  {
    "timestamp": 31.337221272786458,
    "x": -15872,
    "y": 1280,
    "z": -512
  },
  {
    "timestamp": 31.370554606119793,
    "x": -16128,
    "y": 1536,
    "z": -256
  },
  {
    "timestamp": 31.403887939453124,
    "x": -16128,
    "y": 1280,
    "z": -256
  },
  {
    "timestamp": 31.43722127278646,
    "x": -16128,
    "y": 1280,
    "z": -512
  },
  {
    "timestamp": 31.47055460611979,
    "x": -16128,
    "y": 1024,
    "z": -256
  },
  {
    "timestamp": 31.503887939453126,
    "x": -16128,
    "y": 1536,
    "z": -256
  },
  {
    "timestamp": 31.537221272786457,
    "x": -15872,
    "y": 1280,
    "z": -256
  },
  {
    "timestamp": 31.570554606119792,
    "x": -16128,
    "y": 1280,
    "z": -768
  },
  {
    "timestamp": 31.603887939453124,
    "x": -15872,
    "y": 1280,
    "z": -256
  },
  {
    "timestamp": 31.63722127278646,
    "x": -16128,
    "y": 1536,
    "z": -512
  },
  {
    "timestamp": 31.67055460611979,
    "x": -15872,
    "y": 1024,
    "z": -768
  },
  {
    "timestamp": 31.892120361328125,
    "x": -16128,
    "y": 1280,
    "z": -512
  },
  {
    "timestamp": 31.92545369466146,
    "x": -16128,
    "y": 1280,
    "z": -512
  },
  {
    "timestamp": 31.95878702799479,
    "x": -16128,
    "y": 1280,
    "z": -512
  },
  {
    "timestamp": 31.992120361328126,
    "x": -16128,
    "y": 1280,
    "z": -256
  },
  {
    "timestamp": 32.02545369466146,
    "x": -16128,
    "y": 1024,
    "z": -256
  },
  {
    "timestamp": 32.05878702799479,
    "x": -16128,
    "y": 1280,
    "z": -512
  },
  {
    "timestamp": 32.09212036132813,
    "x": -15872,
    "y": 1280,
    "z": -256
  },
  {
    "timestamp": 32.12545369466146,
    "x": -15872,
    "y": 1280,
    "z": -512
  },
  {
    "timestamp": 32.15878702799479,
    "x": -15872,
    "y": 1280,
    "z": -512
  },
  {
    "timestamp": 32.19212036132812,
    "x": -16128,
    "y": 1280,
    "z": -512
  },
  {
    "timestamp": 32.22545369466146,
    "x": -15872,
    "y": 1280,
    "z": -512
  },
  {
    "timestamp": 32.25878702799479,
    "x": -16128,
    "y": 1280,
    "z": -256
  },
  {
    "timestamp": 32.292120361328124,
    "x": -16128,
    "y": 1280,
    "z": -768
  },
  {
    "timestamp": 32.325453694661455,
    "x": -16128,
    "y": 1280,
    "z": -256
  },
  {
    "timestamp": 32.358787027994794,
    "x": -16128,
    "y": 1280,
    "z": -512
  },
  {
    "timestamp": 32.392120361328125,
    "x": -16128,
    "y": 1280,
    "z": -512
  },
  {
    "timestamp": 32.425453694661456,
    "x": -16128,
    "y": 1536,
    "z": -256
  },
  {
    "timestamp": 32.458787027994795,
    "x": -16384,
    "y": 1280,
    "z": -256
  },
  {
    "timestamp": 32.492120361328126,
    "x": -16128,
    "y": 1024,
    "z": -512
  },
  {
    "timestamp": 32.52545369466146,
    "x": -15872,
    "y": 1280,
    "z": -256
  },
  {
    "timestamp": 32.55878702799479,
    "x": -16128,
    "y": 1280,
    "z": -256
  },
  {
    "timestamp": 32.59212036132813,
    "x": -16128,
    "y": 1280,
    "z": -256
  },
  {
    "timestamp": 32.62545369466146,
    "x": -16128,
    "y": 1280,
    "z": -512
  },
  {
    "timestamp": 32.65878702799479,
    "x": -16128,
    "y": 1280,
    "z": -256
  },
  {
    "timestamp": 32.69212036132812,
    "x": -16128,
    "y": 1536,
    "z": -256
  },
  {
    "timestamp": 32.72545369466146,
    "x": -16128,
    "y": 1536,
    "z": -256
  },
  {
    "timestamp": 32.75878702799479,
    "x": -15872,
    "y": 1280,
    "z": -256
  },
  {
    "timestamp": 32.792120361328124,
    "x": -16128,
    "y": 1280,
    "z": -256
  },
  {
    "timestamp": 32.825453694661455,
    "x": -15616,
    "y": 1280,
    "z": -512
  },
  {
    "timestamp": 32.858787027994794,
    "x": -15872,
    "y": 1024,
    "z": -256
  },
  {
    "timestamp": 33.081146240234375,
    "x": -16128,
    "y": 1024,
    "z": -256
  },
  {
    "timestamp": 33.114479573567706,
    "x": -16128,
    "y": 1280,
    "z": -512
  },
  {
    "timestamp": 33.147812906901045,
    "x": -16128,
    "y": 1536,
    "z": -768
  },
  {
    "timestamp": 33.181146240234376,
    "x": -16384,
    "y": 1280,
    "z": -512
  },
  {
    "timestamp": 33.21447957356771,
    "x": -16128,
    "y": 1280,
    "z": 0
  },
  {
    "timestamp": 33.24781290690104,
    "x": -15872,
    "y": 1536,
    "z": -512
  },
  {
    "timestamp": 33.28114624023438,
    "x": -16128,
    "y": 1280,
    "z": -512
  },
  {
    "timestamp": 33.31447957356771,
    "x": -15872,
    "y": 1280,
    "z": -256
  },
  {
    "timestamp": 33.34781290690104,
    "x": -15872,
    "y": 1280,
    "z": -256
  },
  {
    "timestamp": 33.38114624023437,
    "x": -16128,
    "y": 1280,
    "z": -512
  },
  {
    "timestamp": 33.41447957356771,
    "x": -16128,
    "y": 1280,
    "z": -512
  },
  {
    "timestamp": 33.44781290690104,
    "x": -16128,
    "y": 1280,
    "z": -256
  },
  {
    "timestamp": 33.481146240234374,
    "x": -15872,
    "y": 1280,
    "z": -256
  },
  {
    "timestamp": 33.514479573567705,
    "x": -15872,
    "y": 1280,
    "z": -512
  },
  {
    "timestamp": 33.547812906901044,
    "x": -16128,
    "y": 1280,
    "z": -256
  },
  {
    "timestamp": 33.581146240234375,
    "x": -15872,
    "y": 1280,
    "z": -256
  },
  {
    "timestamp": 33.614479573567706,
    "x": -15872,
    "y": 1280,
    "z": -512
  },
  {
    "timestamp": 33.647812906901045,
    "x": -16384,
    "y": 1536,
    "z": -512
  },
  {
    "timestamp": 33.681146240234376,
    "x": -15872,
    "y": 1280,
    "z": -512
  },
  {
    "timestamp": 33.71447957356771,
    "x": -16128,
    "y": 1280,
    "z": -512
  },
  {
    "timestamp": 33.74781290690104,
    "x": -15872,
    "y": 1280,
    "z": -256
  },
  {
    "timestamp": 33.78114624023438,
    "x": -16128,
    "y": 1280,
    "z": -512
  },
  {
    "timestamp": 33.81447957356771,
    "x": -15872,
    "y": 1536,
    "z": -256
  },
  {
    "timestamp": 33.84781290690104,
    "x": -15872,
    "y": 1280,
    "z": -768
  },
  {
    "timestamp": 33.88114624023437,
    "x": -16128,
    "y": 1280,
    "z": 0
  },
  {
    "timestamp": 33.91447957356771,
    "x": -16128,
    "y": 1280,
    "z": -512
  },
  {
    "timestamp": 33.94781290690104,
    "x": -16128,
    "y": 1024,
    "z": -512
  },
  {
    "timestamp": 33.981146240234374,
    "x": -16128,
    "y": 1024,
    "z": 0
  },
  {
    "timestamp": 34.014479573567705,
    "x": -15872,
    "y": 1280,
    "z": -512
  },
  {
    "timestamp": 34.047812906901044,
    "x": -16128,
    "y": 1024,
    "z": 0
  },
  {
    "timestamp": 34.268524169921875,
    "x": -15872,
    "y": 1280,
    "z": -768
  },
  {
    "timestamp": 34.301857503255206,
    "x": -16128,
    "y": 1280,
    "z": -256
  },
  {
    "timestamp": 34.335190836588545,
    "x": -15872,
    "y": 1024,
    "z": -512
  },
  {
    "timestamp": 34.368524169921876,
    "x": -16128,
    "y": 1280,
    "z": -256
  },
  {
    "timestamp": 34.40185750325521,
    "x": -15872,
    "y": 1536,
    "z": -512
  },
  {
    "timestamp": 34.43519083658854,
    "x": -16128,
    "y": 1280,
    "z": -256
  },
  {
    "timestamp": 34.46852416992188,
    "x": -16128,
    "y": 1024,
    "z": 0
  },
  {
    "timestamp": 34.50185750325521,
    "x": -15872,
    "y": 1280,
    "z": -512
  },
  {
    "timestamp": 34.53519083658854,
    "x": -16384,
    "y": 1280,
    "z": 0
  },
  {
    "timestamp": 34.56852416992187,
    "x": -15872,
    "y": 1280,
    "z": -768
  },
  {
    "timestamp": 34.60185750325521,
    "x": -16128,
    "y": 1280,
    "z": -512
  },
  {
    "timestamp": 34.63519083658854,
    "x": -15872,
    "y": 1280,
    "z": -512
  },
  {
    "timestamp": 34.668524169921874,
    "x": -16384,
    "y": 1536,
    "z": 0
  },
  {
    "timestamp": 34.701857503255205,
    "x": -16128,
    "y": 1280,
    "z": -512
  },
  {
    "timestamp": 34.735190836588544,
    "x": -16128,
    "y": 1280,
    "z": -512
  },
  {
    "timestamp": 34.768524169921875,
    "x": -16128,
    "y": 1280,
    "z": -256
  },
  {
    "timestamp": 34.801857503255206,
    "x": -16128,
    "y": 1280,
    "z": -512
  },
  {
    "timestamp": 34.835190836588545,
    "x": -15872,
    "y": 1024,
    "z": 0
  },
  {
    "timestamp": 34.868524169921876,
    "x": -16128,
    "y": 1280,
    "z": -1024
  },
  {
    "timestamp": 34.90185750325521,
    "x": -16128,
    "y": 1536,
    "z": 0
  },
  {
    "timestamp": 34.93519083658854,
    "x": -16128,
    "y": 1536,
    "z": -512
  },
  {
    "timestamp": 34.96852416992188,
    "x": -16128,
    "y": 1024,
    "z": -256
  },
  {
    "timestamp": 35.00185750325521,
    "x": -16128,
    "y": 1280,
    "z": -256
  },
  {
    "timestamp": 35.03519083658854,
    "x": -15872,
    "y": 1024,
    "z": -512
  },
  {
    "timestamp": 35.06852416992187,
    "x": -16384,
    "y": 1280,
    "z": 0
  },
  {
    "timestamp": 35.10185750325521,
    "x": -16128,
    "y": 1024,
    "z": -512
  },
  {
    "timestamp": 35.13519083658854,
    "x": -16128,
    "y": 1280,
    "z": -256
  },
  {
    "timestamp": 35.168524169921874,
    "x": -16128,
    "y": 1280,
    "z": -512
  },
  {
    "timestamp": 35.201857503255205,
    "x": -15872,
    "y": 1280,
    "z": -512
  },
  {
    "timestamp": 35.235190836588544,
    "x": -15872,
    "y": 1280,
    "z": -256
  },
  {
    "timestamp": 35.456756591796875,
    "x": -16128,
    "y": 1280,
    "z": -256
  },
  {
    "timestamp": 35.490089925130206,
    "x": -16128,
    "y": 1280,
    "z": -512
  },
  {
    "timestamp": 35.523423258463545,
    "x": -16128,
    "y": 1280,
    "z": -256
  },
  {
    "timestamp": 35.556756591796876,
    "x": -15872,
    "y": 1280,
    "z": -512
  },
  {
    "timestamp": 35.59008992513021,
    "x": -15872,
    "y": 1536,
    "z": -512
  },
  {
    "timestamp": 35.62342325846354,
    "x": -15872,
    "y": 1024,
    "z": -256
  },
  {
    "timestamp": 35.65675659179688,
    "x": -16128,
    "y": 1280,
    "z": -256
  },
  {
    "timestamp": 35.69008992513021,
    "x": -16128,
    "y": 1280,
    "z": -256
  },
  {
    "timestamp": 35.72342325846354,
    "x": -16128,
    "y": 1280,
    "z": -512
  },
  {
    "timestamp": 35.75675659179687,
    "x": -16128,
    "y": 1280,
    "z": -512
  },
  {
    "timestamp": 35.79008992513021,
    "x": -16128,
    "y": 1280,
    "z": -512
  },
  {
    "timestamp": 35.82342325846354,
    "x": -16128,
    "y": 1280,
    "z": -256
  },
  {
    "timestamp": 35.856756591796874,
    "x": -16128,
    "y": 1280,
    "z": -256
  },
  {
    "timestamp": 35.890089925130205,
    "x": -16128,
    "y": 1280,
    "z": -512
  },
  {
    "timestamp": 35.923423258463544,
    "x": -16128,
    "y": 1280,
    "z": -512
  },
  {
    "timestamp": 35.956756591796875,
    "x": -16128,
    "y": 1536,
    "z": -256
  },
  {
    "timestamp": 35.990089925130206,
    "x": -16384,
    "y": 1280,
    "z": -256
  },
  {
    "timestamp": 36.023423258463545,
    "x": -16128,
    "y": 1280,
    "z": -256
  },
  {
    "timestamp": 36.056756591796876,
    "x": -16128,
    "y": 1280,
    "z": -512
  },
  {
    "timestamp": 36.09008992513021,
    "x": -16128,
    "y": 1280,
    "z": -256
  },
  {
    "timestamp": 36.12342325846354,
    "x": -16128,
    "y": 1280,
    "z": -256
  },
  {
    "timestamp": 36.15675659179688,
    "x": -15872,
    "y": 1024,
    "z": -256
  },
  {
    "timestamp": 36.19008992513021,
    "x": -16128,
    "y": 1024,
    "z": -512
  },
  {
    "timestamp": 36.22342325846354,
    "x": -15872,
    "y": 1024,
    "z": -256
  },
  {
    "timestamp": 36.25675659179687,
    "x": -15872,
    "y": 1280,
    "z": -512
  },
  {
    "timestamp": 36.29008992513021,
    "x": -16384,
    "y": 1280,
    "z": -512
  },
  {
    "timestamp": 36.32342325846354,
    "x": -15872,
    "y": 1280,
    "z": -512
  },
  {
    "timestamp": 36.356756591796874,
    "x": -16128,
    "y": 1280,
    "z": -256
  },
  {
    "timestamp": 36.390089925130205,
    "x": -16128,
    "y": 1024,
    "z": -512
  },
  {
    "timestamp": 36.423423258463544,
    "x": -16128,
    "y": 1280,
    "z": 0
  },
  {
    "timestamp": 36.64495849609375,
    "x": -16128,
    "y": 1280,
    "z": -512
  },
  {
    "timestamp": 36.67829182942708,
    "x": -15872,
    "y": 1280,
    "z": -512
  },
  {
    "timestamp": 36.71162516276042,
    "x": -15872,
    "y": 1280,
    "z": -256
  },
  {
    "timestamp": 36.74495849609375,
    "x": -16128,
    "y": 1280,
    "z": -256
  },
  {
    "timestamp": 36.77829182942708,
    "x": -16128,
    "y": 1280,
    "z": -768
  },
  {
    "timestamp": 36.811625162760414,
    "x": -16384,
    "y": 1024,
    "z": -256
  },
  {
    "timestamp": 36.84495849609375,
    "x": -16128,
    "y": 1280,
    "z": -256
  },
  {
    "timestamp": 36.878291829427084,
    "x": -16128,
    "y": 1536,
    "z": -512
  },
  {
    "timestamp": 36.911625162760416,
    "x": -16128,
    "y": 1280,
    "z": -256
  },
  {
    "timestamp": 36.94495849609375,
    "x": -16128,
    "y": 1280,
    "z": -512
  },
  {
    "timestamp": 36.978291829427086,
    "x": -16128,
    "y": 1280,
    "z": -256
  },
  {
    "timestamp": 37.01162516276042,
    "x": -16128,
    "y": 1280,
    "z": -256
  },
  {
    "timestamp": 37.04495849609375,
    "x": -16128,
    "y": 1536,
    "z": -512
  },
  {
    "timestamp": 37.07829182942708,
    "x": -16128,
    "y": 1280,
    "z": -256
  },
  {
    "timestamp": 37.11162516276042,
    "x": -15872,
    "y": 1280,
    "z": -512
  },
  {
    "timestamp": 37.14495849609375,
    "x": -15872,
    "y": 1280,
    "z": -256
  },
  {
    "timestamp": 37.17829182942708,
    "x": -16128,
    "y": 1536,
    "z": -256
  },
  {
    "timestamp": 37.21162516276042,
    "x": -15872,
    "y": 1280,
    "z": 0
  },
  {
    "timestamp": 37.24495849609375,
    "x": -16128,
    "y": 1280,
    "z": -256
  },
  {
    "timestamp": 37.27829182942708,
    "x": -16128,
    "y": 1280,
    "z": -256
  },
  {
    "timestamp": 37.311625162760414,
    "x": -16128,
    "y": 1536,
    "z": -256
  },
  {
    "timestamp": 37.34495849609375,
    "x": -16128,
    "y": 1024,
    "z": -256
  },
  {
    "timestamp": 37.378291829427084,
    "x": -16128,
    "y": 1536,
    "z": -512
  },
  {
    "timestamp": 37.411625162760416,
    "x": -16128,
    "y": 1024,
    "z": -256
  },
  {
    "timestamp": 37.44495849609375,
    "x": -16128,
    "y": 1280,
    "z": -256
  },
  {
    "timestamp": 37.478291829427086,
    "x": -16128,
    "y": 1024,
    "z": -256
  },
  {
    "timestamp": 37.51162516276042,
    "x": -16128,
    "y": 1280,
    "z": -512
  },
  {
    "timestamp": 37.54495849609375,
    "x": -16640,
    "y": 1280,
    "z": -512
  },
  {
    "timestamp": 37.57829182942708,
    "x": -16384,
    "y": 1280,
    "z": -512
  },
  {
    "timestamp": 37.61162516276042,
    "x": -15360,
    "y": 1280,
    "z": 0
  },
  {
    "timestamp": 37.833221435546875,
    "x": -16128,
    "y": 1024,
    "z": -512
  },
  {
    "timestamp": 37.866554768880206,
    "x": -15872,
    "y": 1280,
    "z": -256
  },
  {
    "timestamp": 37.899888102213545,
    "x": -15616,
    "y": 1280,
    "z": -256
  },
  {
    "timestamp": 37.933221435546876,
    "x": -16128,
    "y": 1024,
    "z": 0
  },
  {
    "timestamp": 37.96655476888021,
    "x": -15616,
    "y": 1280,
    "z": -256
  },
  {
    "timestamp": 37.99988810221354,
    "x": -16128,
    "y": 1280,
    "z": -768
  },
  {
    "timestamp": 38.03322143554688,
    "x": -16384,
    "y": 1280,
    "z": -256
  },
  {
    "timestamp": 38.06655476888021,
    "x": -15872,
    "y": 1024,
    "z": -256
  },
  {
    "timestamp": 38.09988810221354,
    "x": -16128,
    "y": 1280,
    "z": -512
  },
  {
    "timestamp": 38.13322143554687,
    "x": -16128,
    "y": 1280,
    "z": -512
  },
  {
    "timestamp": 38.16655476888021,
    "x": -16128,
    "y": 1280,
    "z": -512
  },
  {
    "timestamp": 38.19988810221354,
    "x": -16128,
    "y": 1280,
    "z": -512
  },
  {
    "timestamp": 38.233221435546874,
    "x": -16128,
    "y": 1280,
    "z": -512
  },
  {
    "timestamp": 38.266554768880205,
    "x": -16128,
    "y": 1280,
    "z": -512
  },
  {
    "timestamp": 38.299888102213544,
    "x": -16128,
    "y": 1280,
    "z": 0
  },
  {
    "timestamp": 38.333221435546875,
    "x": -15872,
    "y": 1280,
    "z": -512
  },
  {
    "timestamp": 38.366554768880206,
    "x": -15872,
    "y": 1280,
    "z": -256
  },
  {
    "timestamp": 38.399888102213545,
    "x": -15872,
    "y": 1280,
    "z": -768
  },
  {
    "timestamp": 38.433221435546876,
    "x": -15872,
    "y": 1024,
    "z": -256
  },
  {
    "timestamp": 38.46655476888021,
    "x": -16128,
    "y": 1280,
    "z": -256
  },
  {
    "timestamp": 38.49988810221354,
    "x": -15872,
    "y": 1280,
    "z": -256
  },
  {
    "timestamp": 38.53322143554688,
    "x": -16128,
    "y": 1280,
    "z": 0
  },
  {
    "timestamp": 38.56655476888021,
    "x": -15872,
    "y": 1280,
    "z": -512
  },
  {
    "timestamp": 38.59988810221354,
    "x": -16128,
    "y": 1280,
    "z": -256
  },
  {
    "timestamp": 38.63322143554687,
    "x": -16128,
    "y": 1024,
    "z": -512
  },
  {
    "timestamp": 38.66655476888021,
    "x": -16128,
    "y": 1024,
    "z": 0
  },
  {
    "timestamp": 38.69988810221354,
    "x": -16128,
    "y": 1280,
    "z": -256
  },
  {
    "timestamp": 38.733221435546874,
    "x": -16128,
    "y": 1280,
    "z": -512
  },
  {
    "timestamp": 38.766554768880205,
    "x": -15872,
    "y": 1536,
    "z": -512
  },
  {
    "timestamp": 38.799888102213544,
    "x": -15872,
    "y": 1280,
    "z": -512
  },
  {
    "timestamp": 39.021392822265625,
    "x": -16128,
    "y": 1280,
    "z": -256
  },
  {
    "timestamp": 39.054726155598956,
    "x": -15872,
    "y": 1280,
    "z": -512
  },
  {
    "timestamp": 39.088059488932295,
    "x": -16384,
    "y": 1024,
    "z": -256
  },
  {
    "timestamp": 39.121392822265626,
    "x": -15872,
    "y": 1280,
    "z": -512
  },
  {
    "timestamp": 39.15472615559896,
    "x": -16128,
    "y": 1280,
    "z": -512
  },
  {
    "timestamp": 39.18805948893229,
    "x": -16384,
    "y": 1280,
    "z": -512
  },
  {
    "timestamp": 39.22139282226563,
    "x": -16128,
    "y": 1280,
    "z": -512
  },
  {
    "timestamp": 39.25472615559896,
    "x": -16128,
    "y": 1280,
    "z": -256
  },
  {
    "timestamp": 39.28805948893229,
    "x": -16128,
    "y": 1280,
    "z": -256
  },
  {
    "timestamp": 39.32139282226562,
    "x": -16128,
    "y": 1024,
    "z": -256
  },
  {
    "timestamp": 39.35472615559896,
    "x": -15872,
    "y": 1280,
    "z": -512
  },
  {
    "timestamp": 39.38805948893229,
    "x": -16128,
    "y": 1280,
    "z": -512
  },
  {
    "timestamp": 39.421392822265624,
    "x": -15872,
    "y": 1280,
    "z": -512
  },
  {
    "timestamp": 39.454726155598955,
    "x": -15872,
    "y": 1280,
    "z": -256
  },
  {
    "timestamp": 39.488059488932294,
    "x": -15872,
    "y": 1280,
    "z": -256
  },
  {
    "timestamp": 39.521392822265625,
    "x": -15872,
    "y": 1024,
    "z": -512
  },
  {
    "timestamp": 39.554726155598956,
    "x": -16128,
    "y": 1280,
    "z": -256
  },
  {
    "timestamp": 39.588059488932295,
    "x": -15872,
    "y": 1536,
    "z": -256
  },
  {
    "timestamp": 39.621392822265626,
    "x": -16128,
    "y": 1024,
    "z": -512
  },
  {
    "timestamp": 39.65472615559896,
    "x": -16128,
    "y": 1536,
    "z": -256
  },
  {
    "timestamp": 39.68805948893229,
    "x": -15872,
    "y": 1024,
    "z": -512
  },
  {
    "timestamp": 39.72139282226563,
    "x": -16128,
    "y": 1280,
    "z": -512
  },
  {
    "timestamp": 39.75472615559896,
    "x": -15872,
    "y": 1280,
    "z": -512
  },
  {
    "timestamp": 39.78805948893229,
    "x": -16128,
    "y": 1280,
    "z": -512
  },
  {
    "timestamp": 39.82139282226562,
    "x": -15872,
    "y": 1280,
    "z": -512
  },
  {
    "timestamp": 39.85472615559896,
    "x": -15872,
    "y": 1280,
    "z": -256
  },
  {
    "timestamp": 39.88805948893229,
    "x": -16128,
    "y": 1024,
    "z": -256
  },
  {
    "timestamp": 39.921392822265624,
    "x": -16128,
    "y": 1024,
    "z": -256
  },
  {
    "timestamp": 39.954726155598955,
    "x": -16128,
    "y": 1280,
    "z": -256
  },
  {
    "timestamp": 39.988059488932294,
    "x": -16128,
    "y": 1280,
    "z": -256
  },
  {
    "timestamp": 40.2095947265625,
    "x": -16128,
    "y": 1024,
    "z": -256
  },
  {
    "timestamp": 40.24292805989583,
    "x": -16128,
    "y": 1280,
    "z": -512
  },
  {
    "timestamp": 40.27626139322917,
    "x": -16128,
    "y": 1024,
    "z": -512
  },
  {
    "timestamp": 40.3095947265625,
    "x": -16128,
    "y": 1536,
    "z": -512
  },
  {
    "timestamp": 40.34292805989583,
    "x": -15872,
    "y": 1280,
    "z": -512
  },
  {
    "timestamp": 40.376261393229164,
    "x": -16128,
    "y": 1280,
    "z": -256
  },
  {
    "timestamp": 40.4095947265625,
    "x": -16128,
    "y": 1280,
    "z": -512
  },
  {
    "timestamp": 40.442928059895834,
    "x": -16128,
    "y": 1024,
    "z": -256
  },
  {
    "timestamp": 40.476261393229166,
    "x": -15872,
    "y": 1024,
    "z": -512
  },
  {
    "timestamp": 40.5095947265625,
    "x": -16128,
    "y": 1280,
    "z": -512
  },
  {
    "timestamp": 40.542928059895836,
    "x": -16128,
    "y": 1280,
    "z": -512
  },
  {
    "timestamp": 40.57626139322917,
    "x": -15872,
    "y": 1280,
    "z": -256
  },
  {
    "timestamp": 40.6095947265625,
    "x": -15872,
    "y": 1280,
    "z": -512
  },
  {
    "timestamp": 40.64292805989583,
    "x": -16128,
    "y": 1024,
    "z": -512
  },
  {
    "timestamp": 40.67626139322917,
    "x": -16128,
    "y": 1280,
    "z": -512
  },
  {
    "timestamp": 40.7095947265625,
    "x": -16128,
    "y": 1024,
    "z": -512
  },
  {
    "timestamp": 40.74292805989583,
    "x": -15872,
    "y": 1280,
    "z": -256
  },
  {
    "timestamp": 40.77626139322917,
    "x": -16128,
    "y": 1536,
    "z": -512
  },
  {
    "timestamp": 40.8095947265625,
    "x": -16128,
    "y": 1024,
    "z": -256
  },
  {
    "timestamp": 40.84292805989583,
    "x": -15872,
    "y": 1280,
    "z": -512
  },
  {
    "timestamp": 40.876261393229164,
    "x": -15872,
    "y": 1280,
    "z": -512
  },
  {
    "timestamp": 40.9095947265625,
    "x": -15872,
    "y": 1280,
    "z": -768
  },
  {
    "timestamp": 40.942928059895834,
    "x": -15872,
    "y": 1280,
    "z": -256
  },
  {
    "timestamp": 40.976261393229166,
    "x": -16128,
    "y": 1280,
    "z": -512
  },
  {
    "timestamp": 41.0095947265625,
    "x": -15872,
    "y": 1024,
    "z": -512
  },
  {
    "timestamp": 41.042928059895836,
    "x": -16128,
    "y": 1536,
    "z": -256
  },
  {
    "timestamp": 41.07626139322917,
    "x": -15872,
    "y": 1280,
    "z": -512
  },
  {
    "timestamp": 41.1095947265625,
    "x": -15872,
    "y": 1024,
    "z": -256
  },
  {
    "timestamp": 41.14292805989583,
    "x": -15872,
    "y": 1536,
    "z": 0
  },
  {
    "timestamp": 41.17626139322917,
    "x": -16128,
    "y": 1024,
    "z": -512
  },
  {
    "timestamp": 41.3980712890625,
    "x": -15872,
    "y": 1536,
    "z": -512
  },
  {
    "timestamp": 41.43140462239583,
    "x": -15872,
    "y": 1024,
    "z": -512
  },
  {
    "timestamp": 41.46473795572917,
    "x": -16128,
    "y": 1280,
    "z": -512
  },
  {
    "timestamp": 41.4980712890625,
    "x": -16128,
    "y": 1280,
    "z": -256
  },
  {
    "timestamp": 41.53140462239583,
    "x": -15872,
    "y": 1280,
    "z": -512
  },
  {
    "timestamp": 41.564737955729164,
    "x": -16128,
    "y": 1280,
    "z": 0
  },
  {
    "timestamp": 41.5980712890625,
    "x": -16128,
    "y": 1280,
    "z": -256
  },
  {
    "timestamp": 41.631404622395834,
    "x": -16128,
    "y": 1280,
    "z": -256
  },
  {
    "timestamp": 41.664737955729166,
    "x": -16128,
    "y": 1280,
    "z": -512
  },
  {
    "timestamp": 41.6980712890625,
    "x": -15872,
    "y": 1536,
    "z": -512
  },
  {
    "timestamp": 41.731404622395836,
    "x": -15872,
    "y": 1024,
    "z": -768
  },
  {
    "timestamp": 41.76473795572917,
    "x": -16128,
    "y": 1280,
    "z": -256
  },
  {
    "timestamp": 41.7980712890625,
    "x": -16128,
    "y": 1280,
    "z": -256
  },
  {
    "timestamp": 41.83140462239583,
    "x": -15872,
    "y": 1280,
    "z": -256
  },
  {
    "timestamp": 41.86473795572917,
    "x": -16128,
    "y": 1536,
    "z": -512
  },
  {
    "timestamp": 41.8980712890625,
    "x": -16128,
    "y": 1280,
    "z": -512
  },
  {
    "timestamp": 41.93140462239583,
    "x": -16128,
    "y": 1024,
    "z": -512
  },
  {
    "timestamp": 41.96473795572917,
    "x": -15872,
    "y": 1280,
    "z": -256
  },
  {
    "timestamp": 41.9980712890625,
    "x": -16128,
    "y": 1280,
    "z": -512
  },
  {
    "timestamp": 42.03140462239583,
    "x": -15872,
    "y": 1024,
    "z": -512
  },
  {
    "timestamp": 42.064737955729164,
    "x": -15872,
    "y": 1280,
    "z": -512
  },
  {
    "timestamp": 42.0980712890625,
    "x": -15872,
    "y": 1280,
    "z": -256
  },
  {
    "timestamp": 42.131404622395834,
    "x": -15872,
    "y": 1280,
    "z": -512
  },
  {
    "timestamp": 42.164737955729166,
    "x": -16128,
    "y": 1280,
    "z": -256
  },
  {
    "timestamp": 42.1980712890625,
    "x": -16128,
    "y": 1024,
    "z": -256
  },
  {
    "timestamp": 42.231404622395836,
    "x": -16128,
    "y": 1024,
    "z": -512
  },
  {
    "timestamp": 42.26473795572917,
    "x": -15872,
    "y": 768,
    "z": -256
  },
  {
    "timestamp": 42.2980712890625,
    "x": -16128,
    "y": 1280,
    "z": -512
  },
  {
    "timestamp": 42.33140462239583,
    "x": -16128,
    "y": 1024,
    "z": -256
  },
  {
    "timestamp": 42.36473795572917,
    "x": -15872,
    "y": 1280,
    "z": -256
  },
  {
    "timestamp": 42.585784912109375,
    "x": -15872,
    "y": 1280,
    "z": -512
  },
  {
    "timestamp": 42.619118245442706,
    "x": -16128,
    "y": 1536,
    "z": -256
  },
  {
    "timestamp": 42.652451578776045,
    "x": -15872,
    "y": 1024,
    "z": -512
  },
  {
    "timestamp": 42.685784912109376,
    "x": -16128,
    "y": 1280,
    "z": -256
  },
  {
    "timestamp": 42.71911824544271,
    "x": -16128,
    "y": 1280,
    "z": -512
  },
  {
    "timestamp": 42.75245157877604,
    "x": -16128,
    "y": 1024,
    "z": -256
  },
  {
    "timestamp": 42.78578491210938,
    "x": -16128,
    "y": 1280,
    "z": -256
  },
  {
    "timestamp": 42.81911824544271,
    "x": -15872,
    "y": 1024,
    "z": -256
  },
  {
    "timestamp": 42.85245157877604,
    "x": -16128,
    "y": 1280,
    "z": -256
  },
  {
    "timestamp": 42.88578491210937,
    "x": -15872,
    "y": 1280,
    "z": -512
  },
  {
    "timestamp": 42.91911824544271,
    "x": -15872,
    "y": 1024,
    "z": -512
  },
  {
    "timestamp": 42.95245157877604,
    "x": -16128,
    "y": 1280,
    "z": 0
  },
  {
    "timestamp": 42.985784912109374,
    "x": -16128,
    "y": 1280,
    "z": -256
  },
  {
    "timestamp": 43.019118245442705,
    "x": -15872,
    "y": 1280,
    "z": -768
  },
  {
    "timestamp": 43.052451578776044,
    "x": -15872,
    "y": 1024,
    "z": -512
  },
  {
    "timestamp": 43.085784912109375,
    "x": -16128,
    "y": 1280,
    "z": -768
  },
  {
    "timestamp": 43.119118245442706,
    "x": -15872,
    "y": 1280,
    "z": -512
  },
  {
    "timestamp": 43.152451578776045,
    "x": -16128,
    "y": 1280,
    "z": -512
  },
  {
    "timestamp": 43.185784912109376,
    "x": -15872,
    "y": 1536,
    "z": -256
  },
  {
    "timestamp": 43.21911824544271,
    "x": -15872,
    "y": 1280,
    "z": -256
  },
  {
    "timestamp": 43.25245157877604,
    "x": -16128,
    "y": 1024,
    "z": -512
  },
  {
    "timestamp": 43.28578491210938,
    "x": -16128,
    "y": 1024,
    "z": -256
  },
  {
    "timestamp": 43.31911824544271,
    "x": -16128,
    "y": 1280,
    "z": -256
  },
  {
    "timestamp": 43.35245157877604,
    "x": -15872,
    "y": 1280,
    "z": -512
  },
  {
    "timestamp": 43.38578491210937,
    "x": -15872,
    "y": 1280,
    "z": -512
  },
  {
    "timestamp": 43.41911824544271,
    "x": -16128,
    "y": 1280,
    "z": -256
  },
  {
    "timestamp": 43.45245157877604,
    "x": -16128,
    "y": 1280,
    "z": -512
  },
  {
    "timestamp": 43.485784912109374,
    "x": -15872,
    "y": 1280,
    "z": -512
  },
  {
    "timestamp": 43.519118245442705,
    "x": -15872,
    "y": 1024,
    "z": -512
  },
  {
    "timestamp": 43.552451578776044,
    "x": -16128,
    "y": 1280,
    "z": -256
  },
  {
    "timestamp": 43.77392578125,
    "x": -16128,
    "y": 1280,
    "z": -512
  },
  {
    "timestamp": 43.80725911458333,
    "x": -16128,
    "y": 1280,
    "z": -512
  },
  {
    "timestamp": 43.84059244791667,
    "x": -15872,
    "y": 1024,
    "z": -256
  },
  {
    "timestamp": 43.87392578125,
    "x": -16128,
    "y": 1280,
    "z": -256
  },
  {
    "timestamp": 43.90725911458333,
    "x": -16128,
    "y": 1280,
    "z": -256
  },
  {
    "timestamp": 43.940592447916664,
    "x": -15872,
    "y": 1280,
    "z": -256
  },
  {
    "timestamp": 43.97392578125,
    "x": -15872,
    "y": 1280,
    "z": -768
  },
  {
    "timestamp": 44.007259114583334,
    "x": -16128,
    "y": 1280,
    "z": -256
  },
  {
    "timestamp": 44.040592447916666,
    "x": -16128,
    "y": 1280,
    "z": -512
  },
  {
    "timestamp": 44.07392578125,
    "x": -15872,
    "y": 1024,
    "z": -512
  },
  {
    "timestamp": 44.107259114583336,
    "x": -16128,
    "y": 1536,
    "z": -512
  },
  {
    "timestamp": 44.14059244791667,
    "x": -15872,
    "y": 1280,
    "z": -512
  },
  {
    "timestamp": 44.17392578125,
    "x": -16128,
    "y": 1280,
    "z": -256
  },
  {
    "timestamp": 44.20725911458333,
    "x": -16128,
    "y": 1280,
    "z": -512
  },
  {
    "timestamp": 44.24059244791667,
    "x": -15872,
    "y": 1280,
    "z": -512
  },
  {
    "timestamp": 44.27392578125,
    "x": -16128,
    "y": 1280,
    "z": -512
  },
  {
    "timestamp": 44.30725911458333,
    "x": -15872,
    "y": 1280,
    "z": -512
  },
  {
    "timestamp": 44.34059244791667,
    "x": -16128,
    "y": 1280,
    "z": -512
  },
  {
    "timestamp": 44.37392578125,
    "x": -16128,
    "y": 1280,
    "z": -512
  },
  {
    "timestamp": 44.40725911458333,
    "x": -16128,
    "y": 1280,
    "z": -512
  },
  {
    "timestamp": 44.440592447916664,
    "x": -15872,
    "y": 1536,
    "z": -256
  },
  {
    "timestamp": 44.47392578125,
    "x": -15872,
    "y": 1280,
    "z": -256
  },
  {
    "timestamp": 44.507259114583334,
    "x": -16128,
    "y": 1280,
    "z": -256
  },
  {
    "timestamp": 44.540592447916666,
    "x": -16128,
    "y": 1280,
    "z": -512
  },
  {
    "timestamp": 44.57392578125,
    "x": -16128,
    "y": 1280,
    "z": -768
  },
  {
    "timestamp": 44.607259114583336,
    "x": -15872,
    "y": 1280,
    "z": -512
  },
  {
    "timestamp": 44.64059244791667,
    "x": -16128,
    "y": 1536,
    "z": -256
  },
  {
    "timestamp": 44.67392578125,
    "x": -15872,
    "y": 1280,
    "z": -512
  },
  {
    "timestamp": 44.70725911458333,
    "x": -16128,
    "y": 1280,
    "z": -512
  },
  {
    "timestamp": 44.74059244791667,
    "x": -16128,
    "y": 1024,
    "z": -256
  },
  {
    "timestamp": 44.9620361328125,
    "x": -16128,
    "y": 1280,
    "z": -256
  },
  {
    "timestamp": 44.99536946614583,
    "x": -16128,
    "y": 1280,
    "z": -256
  },
  {
    "timestamp": 45.02870279947917,
    "x": -16128,
    "y": 1280,
    "z": -512
  },
  {
    "timestamp": 45.0620361328125,
    "x": -15872,
    "y": 1280,
    "z": -512
  },
  {
    "timestamp": 45.09536946614583,
    "x": -15872,
    "y": 1280,
    "z": -512
  },
  {
    "timestamp": 45.128702799479164,
    "x": -16128,
    "y": 1280,
    "z": -256
  },
  {
    "timestamp": 45.1620361328125,
    "x": -16384,
    "y": 1280,
    "z": -256
  },
  {
    "timestamp": 45.195369466145834,
    "x": -15872,
    "y": 1024,
    "z": -256
  },
  {
    "timestamp": 45.228702799479166,
    "x": -15872,
    "y": 1280,
    "z": -256
  },
  {
    "timestamp": 45.2620361328125,
    "x": -16384,
    "y": 1024,
    "z": -512
  },
  {
    "timestamp": 45.295369466145836,
    "x": -16128,
    "y": 1536,
    "z": -256
  },
  {
    "timestamp": 45.32870279947917,
    "x": -16128,
    "y": 1024,
    "z": -768
  },
  {
    "timestamp": 45.3620361328125,
    "x": -16128,
    "y": 1280,
    "z": -256
  },
  {
    "timestamp": 45.39536946614583,
    "x": -16128,
    "y": 1280,
    "z": -256
  },
  {
    "timestamp": 45.42870279947917,
    "x": -16128,
    "y": 1280,
    "z": -256
  },
  {
    "timestamp": 45.4620361328125,
    "x": -16128,
    "y": 1280,
    "z": -256
  },
  {
    "timestamp": 45.49536946614583,
    "x": -16128,
    "y": 1536,
    "z": -256
  },
  {
    "timestamp": 45.52870279947917,
    "x": -16128,
    "y": 1536,
    "z": -512
  },
  {
    "timestamp": 45.5620361328125,
    "x": -16128,
    "y": 1280,
    "z": -512
  },
  {
    "timestamp": 45.59536946614583,
    "x": -15872,
    "y": 1280,
    "z": -256
  },
  {
    "timestamp": 45.628702799479164,
    "x": -16128,
    "y": 1536,
    "z": -256
  },
  {
    "timestamp": 45.6620361328125,
    "x": -15872,
    "y": 1280,
    "z": -768
  },
  {
    "timestamp": 45.695369466145834,
    "x": -16128,
    "y": 1280,
    "z": -256
  },
  {
    "timestamp": 45.728702799479166,
    "x": -15872,
    "y": 1280,
    "z": -512
  },
  {
    "timestamp": 45.7620361328125,
    "x": -16128,
    "y": 1024,
    "z": -768
  },
  {
    "timestamp": 45.795369466145836,
    "x": -16128,
    "y": 1280,
    "z": -256
  },
  {
    "timestamp": 45.82870279947917,
    "x": -16128,
    "y": 1280,
    "z": -512
  },
  {
    "timestamp": 45.8620361328125,
    "x": -16128,
    "y": 1280,
    "z": -256
  },
  {
    "timestamp": 45.89536946614583,
    "x": -15872,
    "y": 1280,
    "z": -256
  },
  {
    "timestamp": 45.92870279947917,
    "x": -15872,
    "y": 1280,
    "z": -512
  },
  {
    "timestamp": 46.150238037109375,
    "x": -15872,
    "y": 1024,
    "z": -256
  },
  {
    "timestamp": 46.183571370442706,
    "x": -15872,
    "y": 1280,
    "z": -512
  },
  {
    "timestamp": 46.216904703776045,
    "x": -15872,
    "y": 1280,
    "z": -256
  },
  {
    "timestamp": 46.250238037109376,
    "x": -16128,
    "y": 1280,
    "z": -256
  },
  {
    "timestamp": 46.28357137044271,
    "x": -16128,
    "y": 1024,
    "z": -256
  },
  {
    "timestamp": 46.31690470377604,
    "x": -16128,
    "y": 1280,
    "z": -512
  },
  {
    "timestamp": 46.35023803710938,
    "x": -15872,
    "y": 1280,
    "z": -256
  },
  {
    "timestamp": 46.38357137044271,
    "x": -16128,
    "y": 1536,
    "z": -256
  },
  {
    "timestamp": 46.41690470377604,
    "x": -16128,
    "y": 1280,
    "z": -256
  },
  {
    "timestamp": 46.45023803710937,
    "x": -16128,
    "y": 1280,
    "z": -512
  },
  {
    "timestamp": 46.48357137044271,
    "x": -15872,
    "y": 1280,
    "z": -256
  },
  {
    "timestamp": 46.51690470377604,
    "x": -16128,
    "y": 1280,
    "z": -512
  },
  {
    "timestamp": 46.550238037109374,
    "x": -16128,
    "y": 1280,
    "z": -512
  },
  {
    "timestamp": 46.583571370442705,
    "x": -16128,
    "y": 1280,
    "z": -256
  },
  {
    "timestamp": 46.616904703776044,
    "x": -16128,
    "y": 1280,
    "z": -256
  },
  {
    "timestamp": 46.650238037109375,
    "x": -16128,
    "y": 1280,
    "z": -512
  },
  {
    "timestamp": 46.683571370442706,
    "x": -15872,
    "y": 1280,
    "z": -256
  },
  {
    "timestamp": 46.716904703776045,
    "x": -16128,
    "y": 1280,
    "z": 0
  },
  {
    "timestamp": 46.750238037109376,
    "x": -16128,
    "y": 1280,
    "z": -256
  },
  {
    "timestamp": 46.78357137044271,
    "x": -15872,
    "y": 1280,
    "z": -512
  },
  {
    "timestamp": 46.81690470377604,
    "x": -15872,
    "y": 1280,
    "z": -512
  },
  {
    "timestamp": 46.85023803710938,
    "x": -16128,
    "y": 1024,
    "z": -512
  },
  {
    "timestamp": 46.88357137044271,
    "x": -16128,
    "y": 1024,
    "z": -256
  },
  {
    "timestamp": 46.91690470377604,
    "x": -15872,
    "y": 1024,
    "z": -256
  },
  {
    "timestamp": 46.95023803710937,
    "x": -15872,
    "y": 1280,
    "z": -256
  },
  {
    "timestamp": 46.98357137044271,
    "x": -16128,
    "y": 1280,
    "z": 0
  },
  {
    "timestamp": 47.01690470377604,
    "x": -15872,
    "y": 1024,
    "z": -256
  },
  {
    "timestamp": 47.050238037109374,
    "x": -16128,
    "y": 1280,
    "z": -256
  },
  {
    "timestamp": 47.083571370442705,
    "x": -15872,
    "y": 1280,
    "z": -512
  },
  {
    "timestamp": 47.116904703776044,
    "x": -16128,
    "y": 1280,
    "z": -256
  },
  {
    "timestamp": 47.33880615234375,
    "x": -16128,
    "y": 1280,
    "z": -256
  },
  {
    "timestamp": 47.37213948567708,
    "x": -16128,
    "y": 1024,
    "z": -512
  },
  {
    "timestamp": 47.40547281901042,
    "x": -16128,
    "y": 1536,
    "z": -256
  },
  {
    "timestamp": 47.43880615234375,
    "x": -16128,
    "y": 1280,
    "z": -256
  },
  {
    "timestamp": 47.47213948567708,
    "x": -16128,
    "y": 1024,
    "z": -256
  },
  {
    "timestamp": 47.505472819010414,
    "x": -15872,
    "y": 1280,
    "z": -768
  },
  {
    "timestamp": 47.53880615234375,
    "x": -16128,
    "y": 1024,
    "z": -512
  },
  {
    "timestamp": 47.572139485677084,
    "x": -16384,
    "y": 1280,
    "z": -256
  },
  {
    "timestamp": 47.605472819010416,
    "x": -16128,
    "y": 1280,
    "z": -256
  },
  {
    "timestamp": 47.63880615234375,
    "x": -16128,
    "y": 1280,
    "z": -256
  },
  {
    "timestamp": 47.672139485677086,
    "x": -16128,
    "y": 1280,
    "z": -256
  },
  {
    "timestamp": 47.70547281901042,
    "x": -16128,
    "y": 1280,
    "z": -512
  },
  {
    "timestamp": 47.73880615234375,
    "x": -15616,
    "y": 1280,
    "z": -512
  },
  {
    "timestamp": 47.77213948567708,
    "x": -16128,
    "y": 1280,
    "z": -512
  },
  {
    "timestamp": 47.80547281901042,
    "x": -15872,
    "y": 1024,
    "z": -256
  },
  {
    "timestamp": 47.83880615234375,
    "x": -16384,
    "y": 1280,
    "z": -512
  },
  {
    "timestamp": 47.87213948567708,
    "x": -15872,
    "y": 1024,
    "z": -512
  },
  {
    "timestamp": 47.90547281901042,
    "x": -15872,
    "y": 1280,
    "z": -512
  },
  {
    "timestamp": 47.93880615234375,
    "x": -15872,
    "y": 1280,
    "z": -512
  },
  {
    "timestamp": 47.97213948567708,
    "x": -16128,
    "y": 1280,
    "z": -512
  },
  {
    "timestamp": 48.005472819010414,
    "x": -16128,
    "y": 1280,
    "z": -512
  },
  {
    "timestamp": 48.03880615234375,
    "x": -16128,
    "y": 1280,
    "z": -256
  },
  {
    "timestamp": 48.072139485677084,
    "x": -16128,
    "y": 1280,
    "z": -768
  },
  {
    "timestamp": 48.105472819010416,
    "x": -15872,
    "y": 1280,
    "z": -512
  },
  {
    "timestamp": 48.13880615234375,
    "x": -16128,
    "y": 1536,
    "z": -512
  },
  {
    "timestamp": 48.172139485677086,
    "x": -15872,
    "y": 1280,
    "z": -256
  },
  {
    "timestamp": 48.20547281901042,
    "x": -16128,
    "y": 1280,
    "z": -512
  },
  {
    "timestamp": 48.23880615234375,
    "x": -16128,
    "y": 1024,
    "z": -256
  },
  {
    "timestamp": 48.27213948567708,
    "x": -16128,
    "y": 1280,
    "z": -256
  },
  {
    "timestamp": 48.30547281901042,
    "x": -16128,
    "y": 1536,
    "z": -512
  },
  {
    "timestamp": 48.5267333984375,
    "x": -15872,
    "y": 1280,
    "z": -512
  },
  {
    "timestamp": 48.56006673177083,
    "x": -16128,
    "y": 1280,
    "z": -512
  },
  {
    "timestamp": 48.59340006510417,
    "x": -15872,
    "y": 1536,
    "z": -512
  },
  {
    "timestamp": 48.6267333984375,
    "x": -16128,
    "y": 1280,
    "z": -256
  },
  {
    "timestamp": 48.66006673177083,
    "x": -16128,
    "y": 1024,
    "z": -512
  },
  {
    "timestamp": 48.693400065104164,
    "x": -16128,
    "y": 1280,
    "z": -256
  },
  {
    "timestamp": 48.7267333984375,
    "x": -15872,
    "y": 1024,
    "z": -512
  },
  {
    "timestamp": 48.760066731770834,
    "x": -16128,
    "y": 1024,
    "z": -256
  },
  {
    "timestamp": 48.793400065104166,
    "x": -16128,
    "y": 1280,
    "z": -512
  },
  {
    "timestamp": 48.8267333984375,
    "x": -16128,
    "y": 1536,
    "z": -512
  },
  {
    "timestamp": 48.860066731770836,
    "x": -16128,
    "y": 1280,
    "z": -256
  },
  {
    "timestamp": 48.89340006510417,
    "x": -16128,
    "y": 1280,
    "z": -768
  },
  {
    "timestamp": 48.9267333984375,
    "x": -16128,
    "y": 1024,
    "z": 0
  },
  {
    "timestamp": 48.96006673177083,
    "x": -16128,
    "y": 1024,
    "z": -512
  },
  {
    "timestamp": 48.99340006510417,
    "x": -15872,
    "y": 1280,
    "z": -512
  },
  {
    "timestamp": 49.0267333984375,
    "x": -16128,
    "y": 1280,
    "z": -256
  },
  {
    "timestamp": 49.06006673177083,
    "x": -16128,
    "y": 1280,
    "z": -256
  },
  {
    "timestamp": 49.09340006510417,
    "x": -16128,
    "y": 1280,
    "z": 0
  },
  {
    "timestamp": 49.1267333984375,
    "x": -16128,
    "y": 1280,
    "z": -256
  },
  {
    "timestamp": 49.16006673177083,
    "x": -16128,
    "y": 1024,
    "z": -512
  },
  {
    "timestamp": 49.193400065104164,
    "x": -15872,
    "y": 1024,
    "z": -256
  },
  {
    "timestamp": 49.2267333984375,
    "x": -16128,
    "y": 1280,
    "z": -512
  },
  {
    "timestamp": 49.260066731770834,
    "x": -15872,
    "y": 1280,
    "z": -256
  },
  {
    "timestamp": 49.293400065104166,
    "x": -16128,
    "y": 1024,
    "z": -512
  },
  {
    "timestamp": 49.3267333984375,
    "x": -16384,
    "y": 1280,
    "z": -512
  },
  {
    "timestamp": 49.360066731770836,
    "x": -15872,
    "y": 1280,
    "z": -512
  },
  {
    "timestamp": 49.39340006510417,
    "x": -16128,
    "y": 1280,
    "z": -256
  },
  {
    "timestamp": 49.4267333984375,
    "x": -16128,
    "y": 1280,
    "z": -512
  },
  {
    "timestamp": 49.46006673177083,
    "x": -16128,
    "y": 1280,
    "z": -256
  },
  {
    "timestamp": 49.49340006510417,
    "x": -15872,
    "y": 1280,
    "z": -512
  },
  {
    "timestamp": 49.71490478515625,
    "x": -16128,
    "y": 1280,
    "z": -256
  },
  {
    "timestamp": 49.74823811848958,
    "x": -16384,
    "y": 1024,
    "z": -512
  },
  {
    "timestamp": 49.78157145182292,
    "x": -16128,
    "y": 1280,
    "z": -256
  },
  {
    "timestamp": 49.81490478515625,
    "x": -15872,
    "y": 1280,
    "z": -512
  },
  {
    "timestamp": 49.84823811848958,
    "x": -15872,
    "y": 1280,
    "z": -512
  },
  {
    "timestamp": 49.881571451822914,
    "x": -15872,
    "y": 1024,
    "z": -512
  },
  {
    "timestamp": 49.91490478515625,
    "x": -16128,
    "y": 1280,
    "z": -512
  },
  {
    "timestamp": 49.948238118489584,
    "x": -16128,
    "y": 1280,
    "z": -512
  },
  {
    "timestamp": 49.981571451822916,
    "x": -16128,
    "y": 1280,
    "z": -512
  },
  {
    "timestamp": 50.01490478515625,
    "x": -16128,
    "y": 1024,
    "z": -256
  },
  {
    "timestamp": 50.048238118489586,
    "x": -15872,
    "y": 1024,
    "z": -512
  },
  {
    "timestamp": 50.08157145182292,
    "x": -16128,
    "y": 1536,
    "z": -256
  },
  {
    "timestamp": 50.11490478515625,
    "x": -15872,
    "y": 1280,
    "z": -256
  },
  {
    "timestamp": 50.14823811848958,
    "x": -16128,
    "y": 1280,
    "z": -256
  },
  {
    "timestamp": 50.18157145182292,
    "x": -16128,
    "y": 1280,
    "z": -256
  },
  {
    "timestamp": 50.21490478515625,
    "x": -16128,
    "y": 1280,
    "z": -512
  },
  {
    "timestamp": 50.24823811848958,
    "x": -16128,
    "y": 1280,
    "z": -512
  },
  {
    "timestamp": 50.28157145182292,
    "x": -15872,
    "y": 1280,
    "z": -512
  },
  {
    "timestamp": 50.31490478515625,
    "x": -15872,
    "y": 1280,
    "z": -512
  },
  {
    "timestamp": 50.34823811848958,
    "x": -16128,
    "y": 1280,
    "z": -256
  },
  {
    "timestamp": 50.381571451822914,
    "x": -15872,
    "y": 1280,
    "z": -512
  },
  {
    "timestamp": 50.41490478515625,
    "x": -16128,
    "y": 1280,
    "z": -512
  },
  {
    "timestamp": 50.448238118489584,
    "x": -16128,
    "y": 1280,
    "z": -256
  },
  {
    "timestamp": 50.481571451822916,
    "x": -16128,
    "y": 1024,
    "z": -256
  },
  {
    "timestamp": 50.51490478515625,
    "x": -16128,
    "y": 1280,
    "z": -768
  },
  {
    "timestamp": 50.548238118489586,
    "x": -15872,
    "y": 1536,
    "z": -512
  },
  {
    "timestamp": 50.58157145182292,
    "x": -15872,
    "y": 1024,
    "z": -512
  },
  {
    "timestamp": 50.61490478515625,
    "x": -16384,
    "y": 1280,
    "z": -256
  },
  {
    "timestamp": 50.64823811848958,
    "x": -16128,
    "y": 1280,
    "z": -256
  },
  {
    "timestamp": 50.68157145182292,
    "x": -15872,
    "y": 1280,
    "z": -512
  },
  {
    "timestamp": 50.903106689453125,
    "x": -16128,
    "y": 1280,
    "z": -256
  },
  {
    "timestamp": 50.936440022786456,
    "x": -16384,
    "y": 1280,
    "z": -512
  },
  {
    "timestamp": 50.969773356119795,
    "x": -16128,
    "y": 1024,
    "z": -256
  },
  {
    "timestamp": 51.003106689453126,
    "x": -16128,
    "y": 1280,
    "z": -256
  },
  {
    "timestamp": 51.03644002278646,
    "x": -15872,
    "y": 1280,
    "z": -512
  },
  {
    "timestamp": 51.06977335611979,
    "x": -16128,
    "y": 1280,
    "z": -512
  },
  {
    "timestamp": 51.10310668945313,
    "x": -16128,
    "y": 1280,
    "z": -512
  },
  {
    "timestamp": 51.13644002278646,
    "x": -15872,
    "y": 1280,
    "z": -256
  },
  {
    "timestamp": 51.16977335611979,
    "x": -16128,
    "y": 1280,
    "z": -512
  },
  {
    "timestamp": 51.20310668945312,
    "x": -16128,
    "y": 1280,
    "z": -256
  },
  {
    "timestamp": 51.23644002278646,
    "x": -16128,
    "y": 1280,
    "z": -768
  },
  {
    "timestamp": 51.26977335611979,
    "x": -15616,
    "y": 1280,
    "z": -512
  },
  {
    "timestamp": 51.303106689453124,
    "x": -15872,
    "y": 1280,
    "z": -512
  },
  {
    "timestamp": 51.336440022786455,
    "x": -16128,
    "y": 1024,
    "z": -256
  },
  {
    "timestamp": 51.369773356119794,
    "x": -16384,
    "y": 1280,
    "z": -256
  },
  {
    "timestamp": 51.403106689453125,
    "x": -16128,
    "y": 1024,
    "z": -256
  },
  {
    "timestamp": 51.436440022786456,
    "x": -16128,
    "y": 1536,
    "z": -256
  },
  {
    "timestamp": 51.469773356119795,
    "x": -16128,
    "y": 1280,
    "z": -512
  },
  {
    "timestamp": 51.503106689453126,
    "x": -16128,
    "y": 1280,
    "z": -512
  },
  {
    "timestamp": 51.53644002278646,
    "x": -16128,
    "y": 1280,
    "z": -256
  },
  {
    "timestamp": 51.56977335611979,
    "x": -15872,
    "y": 1280,
    "z": -512
  },
  {
    "timestamp": 51.60310668945313,
    "x": -16128,
    "y": 1280,
    "z": -512
  },
  {
    "timestamp": 51.63644002278646,
    "x": -16128,
    "y": 1536,
    "z": -512
  },
  {
    "timestamp": 51.66977335611979,
    "x": -16128,
    "y": 1536,
    "z": -512
  },
  {
    "timestamp": 51.70310668945312,
    "x": -16128,
    "y": 1536,
    "z": -256
  },
  {
    "timestamp": 51.73644002278646,
    "x": -15872,
    "y": 1280,
    "z": -512
  },
  {
    "timestamp": 51.76977335611979,
    "x": -15872,
    "y": 1280,
    "z": -256
  },
  {
    "timestamp": 51.803106689453124,
    "x": -16128,
    "y": 1536,
    "z": -512
  },
  {
    "timestamp": 51.836440022786455,
    "x": -16128,
    "y": 1536,
    "z": -512
  },
  {
    "timestamp": 51.869773356119794,
    "x": -16128,
    "y": 1536,
    "z": -512
  },
  {
    "timestamp": 52.091644287109375,
    "x": -16128,
    "y": 1280,
    "z": -256
  },
  {
    "timestamp": 52.124977620442706,
    "x": -15872,
    "y": 1280,
    "z": -256
  },
  {
    "timestamp": 52.158310953776045,
    "x": -15872,
    "y": 1536,
    "z": -512
  },
  {
    "timestamp": 52.191644287109376,
    "x": -15872,
    "y": 1280,
    "z": -512
  },
  {
    "timestamp": 52.22497762044271,
    "x": -15872,
    "y": 1280,
    "z": -256
  },
  {
    "timestamp": 52.25831095377604,
    "x": -16128,
    "y": 1280,
    "z": -256
  },
  {
    "timestamp": 52.29164428710938,
    "x": -15872,
    "y": 1024,
    "z": -256
  },
  {
    "timestamp": 52.32497762044271,
    "x": -16128,
    "y": 1280,
    "z": -512
  },
  {
    "timestamp": 52.35831095377604,
    "x": -15872,
    "y": 1280,
    "z": -256
  },
  {
    "timestamp": 52.39164428710937,
    "x": -16128,
    "y": 1280,
    "z": -512
  },
  {
    "timestamp": 52.42497762044271,
    "x": -16128,
    "y": 1280,
    "z": -256
  },
  {
    "timestamp": 52.45831095377604,
    "x": -16128,
    "y": 1280,
    "z": -512
  },
  {
    "timestamp": 52.491644287109374,
    "x": -16128,
    "y": 1536,
    "z": -256
  },
  {
    "timestamp": 52.524977620442705,
    "x": -16128,
    "y": 1280,
    "z": -512
  },
  {
    "timestamp": 52.558310953776044,
    "x": -16128,
    "y": 1280,
    "z": -256
  },
  {
    "timestamp": 52.591644287109375,
    "x": -16128,
    "y": 1280,
    "z": -768
  },
  {
    "timestamp": 52.624977620442706,
    "x": -16128,
    "y": 1280,
    "z": -512
  },
  {
    "timestamp": 52.658310953776045,
    "x": -16128,
    "y": 1280,
    "z": -256
  },
  {
    "timestamp": 52.691644287109376,
    "x": -16128,
    "y": 1280,
    "z": -256
  },
  {
    "timestamp": 52.72497762044271,
    "x": -15872,
    "y": 1536,
    "z": -512
  },
  {
    "timestamp": 52.75831095377604,
    "x": -16128,
    "y": 1280,
    "z": -512
  },
  {
    "timestamp": 52.79164428710938,
    "x": -16128,
    "y": 1280,
    "z": -512
  },
  {
    "timestamp": 52.82497762044271,
    "x": -16128,
    "y": 1280,
    "z": -512
  },
  {
    "timestamp": 52.85831095377604,
    "x": -16128,
    "y": 1280,
    "z": -256
  },
  {
    "timestamp": 52.89164428710937,
    "x": -15872,
    "y": 1536,
    "z": -512
  },
  {
    "timestamp": 52.92497762044271,
    "x": -16128,
    "y": 1280,
    "z": -512
  },
  {
    "timestamp": 52.95831095377604,
    "x": -16128,
    "y": 1280,
    "z": 0
  },
  {
    "timestamp": 52.991644287109374,
    "x": -16128,
    "y": 1280,
    "z": -512
  },
  {
    "timestamp": 53.024977620442705,
    "x": -15872,
    "y": 1536,
    "z": -512
  },
  {
    "timestamp": 53.058310953776044,
    "x": -16128,
    "y": 1280,
    "z": -512
  },
  {
    "timestamp": 53.27960205078125,
    "x": -16128,
    "y": 1280,
    "z": -512
  },
  {
    "timestamp": 53.31293538411458,
    "x": -16128,
    "y": 1024,
    "z": 0
  },
  {
    "timestamp": 53.34626871744792,
    "x": -16128,
    "y": 1280,
    "z": -256
  },
  {
    "timestamp": 53.37960205078125,
    "x": -16128,
    "y": 1280,
    "z": -512
  },
  {
    "timestamp": 53.41293538411458,
    "x": -16128,
    "y": 1280,
    "z": -256
  },
  {
    "timestamp": 53.446268717447914,
    "x": -15872,
    "y": 1280,
    "z": -512
  },
  {
    "timestamp": 53.47960205078125,
    "x": -15872,
    "y": 1536,
    "z": -256
  },
  {
    "timestamp": 53.512935384114584,
    "x": -16128,
    "y": 1024,
    "z": -256
  },
  {
    "timestamp": 53.546268717447916,
    "x": -16128,
    "y": 1280,
    "z": -256
  },
  {
    "timestamp": 53.57960205078125,
    "x": -15872,
    "y": 1280,
    "z": -512
  },
  {
    "timestamp": 53.612935384114586,
    "x": -15872,
    "y": 1280,
    "z": -256
  },
  {
    "timestamp": 53.64626871744792,
    "x": -16128,
    "y": 1280,
    "z": -256
  },
  {
    "timestamp": 53.67960205078125,
    "x": -15872,
    "y": 1280,
    "z": -256
  },
  {
    "timestamp": 53.71293538411458,
    "x": -16384,
    "y": 1280,
    "z": -512
  },
  {
    "timestamp": 53.74626871744792,
    "x": -16128,
    "y": 1024,
    "z": -256
  },
  {
    "timestamp": 53.77960205078125,
    "x": -16128,
    "y": 1024,
    "z": -512
  },
  {
    "timestamp": 53.81293538411458,
    "x": -15872,
    "y": 1280,
    "z": -512
  },
  {
    "timestamp": 53.84626871744792,
    "x": -16128,
    "y": 1280,
    "z": -256
  },
  {
    "timestamp": 53.87960205078125,
    "x": -16128,
    "y": 1280,
    "z": -256
  },
  {
    "timestamp": 53.91293538411458,
    "x": -16128,
    "y": 1536,
    "z": -512
  },
  {
    "timestamp": 53.946268717447914,
    "x": -16128,
    "y": 1280,
    "z": -256
  },
  {
    "timestamp": 53.97960205078125,
    "x": -16128,
    "y": 1280,
    "z": -256
  },
  {
    "timestamp": 54.012935384114584,
    "x": -16128,
    "y": 1280,
    "z": -512
  },
  {
    "timestamp": 54.046268717447916,
    "x": -16384,
    "y": 1280,
    "z": -256
  },
  {
    "timestamp": 54.07960205078125,
    "x": -16128,
    "y": 1536,
    "z": -512
  },
  {
    "timestamp": 54.112935384114586,
    "x": -16128,
    "y": 1280,
    "z": -256
  },
  {
    "timestamp": 54.14626871744792,
    "x": -15872,
    "y": 1280,
    "z": -256
  },
  {
    "timestamp": 54.17960205078125,
    "x": -15872,
    "y": 1280,
    "z": -256
  },
  {
    "timestamp": 54.21293538411458,
    "x": -16128,
    "y": 1024,
    "z": -256
  },
  {
    "timestamp": 54.24626871744792,
    "x": -16128,
    "y": 1024,
    "z": -256
  }
]