[
  {
    "timestamp": 29.311536865234373,
    "red": 1642,
    "ir": 859
  },
  {
    "timestamp": 29.431536865234374,
    "red": 1645,
    "ir": 852
  },
  {
    "timestamp": 29.551536865234375,
    "red": 1640,
    "ir": 855
  },
  {
    "timestamp": 29.671536865234376,
    "red": 1641,
    "ir": 855
  },
  {
    "timestamp": 29.791536865234374,
    "red": 1640,
    "ir": 852
  },
  {
    "timestamp": 29.911536865234375,
    "red": 1640,
    "ir": 856
  },
  {
    "timestamp": 30.031536865234376,
    "red": 1640,
    "ir": 853
  },
  {
    "timestamp": 30.151536865234377,
    "red": 1638,
    "ir": 856
  },
  {
    "timestamp": 30.271536865234374,
    "red": 1642,
    "ir": 855
  },
  {
    "timestamp": 30.391536865234375,
    "red": 1639,
    "ir": 855
  },
  {
    "timestamp": 30.511536865234376,
    "red": 1641,
    "ir": 855
  },
  {
    "timestamp": 30.631536865234374,
    "red": 1642,
    "ir": 855
  },
  {
    "timestamp": 30.751536865234375,
    "red": 1643,
    "ir": 855
  },
  {
    "timestamp": 30.871536865234376,
    "red": 1641,
    "ir": 850
  },
  {
    "timestamp": 30.991536865234377,
    "red": 1641,
    "ir": 855
  },
  {
    "timestamp": 31.111536865234374,
    "red": 1639,
    "ir": 854
  },
  {
    "timestamp": 31.231536865234375,
    "red": 1639,
    "ir": 854
  },
  {
    "timestamp": 31.351536865234376,
    "red": 1645,
    "ir": 854
  },
  {
    "timestamp": 31.471536865234377,
    "red": 1642,
    "ir": 857
  },
  {
    "timestamp": 31.591536865234374,
    "red": 1639,
    "ir": 852
  },
  {
    "timestamp": 31.711536865234375,
    "red": 1641,
    "ir": 857
  },
  {
    "timestamp": 31.831536865234376,
    "red": 1638,
    "ir": 854
  },
  {
    "timestamp": 31.951536865234374,
    "red": 1636,
    "ir": 858
  },
  {
    "timestamp": 32.07153686523438,
    "red": 1639,
    "ir": 857
  },
  {
    "timestamp": 32.191536865234376,
    "red": 1638,
    "ir": 853
  },
  {
    "timestamp": 32.31153686523437,
    "red": 1637,
    "ir": 856
  },
  {
    "timestamp": 32.43153686523438,
    "red": 1641,
    "ir": 858
  },
  {
    "timestamp": 32.551536865234375,
    "red": 1640,
    "ir": 856
  },
  {
    "timestamp": 29.872724609375,
    "red": 1644,
    "ir": 854
  },
  {
    "timestamp": 29.992724609375,
    "red": 1638,
    "ir": 855
  },
  {
    "timestamp": 30.112724609375,
    "red": 1640,
    "ir": 853
  },
  {
    "timestamp": 30.232724609375,
    "red": 1642,
    "ir": 857
  },
  {
    "timestamp": 30.352724609375,
    "red": 1644,
    "ir": 844
  },
  {
    "timestamp": 30.472724609375,
    "red": 1645,
    "ir": 854
  },
  {
    "timestamp": 30.592724609375,
    "red": 1639,
    "ir": 853
  },
  {
    "timestamp": 30.712724609375,
    "red": 1640,
    "ir": 853
  },
  {
    "timestamp": 30.832724609375,
    "red": 1641,
    "ir": 855
  },
  {
    "timestamp": 30.952724609375,
    "red": 1640,
    "ir": 857
  },
  {
    "timestamp": 31.072724609375,
    "red": 1637,
    "ir": 854
  },
  {
    "timestamp": 31.192724609375,
    "red": 1641,
    "ir": 856
  },
  {
    "timestamp": 31.312724609375,
    "red": 1641,
    "ir": 855
  },
  {
    "timestamp": 31.432724609375,
    "red": 1638,
    "ir": 856
  },
  {
    "timestamp": 31.552724609375,
    "red": 1636,
    "ir": 855
  },
  {
    "timestamp": 31.672724609375,
    "red": 1641,
    "ir": 857
  },
  {
    "timestamp": 31.792724609375,
    "red": 1642,
    "ir": 857
  },
  {
    "timestamp": 31.912724609375,
    "red": 1640,
    "ir": 859
  },
  {
    "timestamp": 32.032724609375,
    "red": 1635,
    "ir": 855
  },
  {
    "timestamp": 32.152724609375,
    "red": 1641,
    "ir": 853
  },
  {
    "timestamp": 32.272724609375,
    "red": 1641,
    "ir": 853
  },
  {
    "timestamp": 32.392724609375,
    "red": 1639,
    "ir": 853
  },
  {
    "timestamp": 32.512724609375,
    "red": 1639,
    "ir": 855
  },
  {
    "timestamp": 32.632724609375,
    "red": 1641,
    "ir": 856
  },
  {
    "timestamp": 32.752724609375,
    "red": 1640,
    "ir": 855
  },
  {
    "timestamp": 32.872724609375,
    "red": 1639,
    "ir": 856
  },
  {
    "timestamp": 32.992724609375,
    "red": 1641,
    "ir": 853
  },
  {
    "timestamp": 33.112724609375,
    "red": 1637,
    "ir": 857
  },
  {
    "timestamp": 30.4338818359375,
    "red": 1641,
    "ir": 854
  },
  {
    "timestamp": 30.5538818359375,
    "red": 1643,
    "ir": 852
  },
  {
    "timestamp": 30.6738818359375,
    "red": 1640,
    "ir": 852
  },
  {
    "timestamp": 30.7938818359375,
    "red": 1640,
    "ir": 852
  },
  {
    "timestamp": 30.9138818359375,
    "red": 1642,
    "ir": 854
  },
  {
    "timestamp": 31.0338818359375,
    "red": 1642,
    "ir": 854
  },
  {
    "timestamp": 31.1538818359375,
    "red": 1642,
    "ir": 856
  },
  {
    "timestamp": 31.2738818359375,
    "red": 1637,
    "ir": 854
  },
  {
    "timestamp": 31.3938818359375,
    "red": 1639,
    "ir": 855
  },
  {
    "timestamp": 31.5138818359375,
    "red": 1638,
    "ir": 858
  },
  {
    "timestamp": 31.6338818359375,
    "red": 1643,
    "ir": 852
  },
  {
    "timestamp": 31.7538818359375,
    "red": 1640,
    "ir": 855
  },
  {
    "timestamp": 31.8738818359375,
    "red": 1642,
    "ir": 858
  },
  {
    "timestamp": 31.9938818359375,
    "red": 1642,
    "ir": 855
  },
  {
    "timestamp": 32.1138818359375,
    "red": 1638,
    "ir": 855
  },
  {
    "timestamp": 32.2338818359375,
    "red": 1643,
    "ir": 857
  },
  {
    "timestamp": 32.3538818359375,
    "red": 1639,
    "ir": 855
  },
  {
    "timestamp": 32.4738818359375,
    "red": 1644,
    "ir": 850
  },
  {
    "timestamp": 32.5938818359375,
    "red": 1640,
    "ir": 859
  },
  {
    "timestamp": 32.7138818359375,
    "red": 1644,
    "ir": 851
  },
  {
    "timestamp": 32.8338818359375,
    "red": 1641,
    "ir": 855
  },
  {
    "timestamp": 32.9538818359375,
    "red": 1644,
    "ir": 858
  },
  {
    "timestamp": 33.0738818359375,
    "red": 1638,
    "ir": 852
  },
  {
    "timestamp": 33.1938818359375,
    "red": 1641,
    "ir": 857
  },
  {
    "timestamp": 33.3138818359375,
    "red": 1640,
    "ir": 855
  },
  {
    "timestamp": 33.4338818359375,
    "red": 1643,
    "ir": 858
  },
  {
    "timestamp": 33.5538818359375,
    "red": 1641,
    "ir": 853
  },
  {
    "timestamp": 33.6738818359375,
    "red": 1642,
    "ir": 858
  },
  {
    "timestamp": 30.9950390625,
    "red": 1645,
    "ir": 857
  },
  {
    "timestamp": 31.1150390625,
    "red": 1643,
    "ir": 856
  },
  {
    "timestamp": 31.2350390625,
    "red": 1641,
    "ir": 856
  },
  {
    "timestamp": 31.3550390625,
    "red": 1644,
    "ir": 855
  },
  {
    "timestamp": 31.4750390625,
    "red": 1642,
    "ir": 855
  },
  {
    "timestamp": 31.5950390625,
    "red": 1643,
    "ir": 858
  },
  {
    "timestamp": 31.7150390625,
    "red": 1643,
    "ir": 855
  },
  {
    "timestamp": 31.8350390625,
    "red": 1643,
    "ir": 856
  },
  {
    "timestamp": 31.9550390625,
    "red": 1643,
    "ir": 858
  },
  {
    "timestamp": 32.0750390625,
    "red": 1640,
    "ir": 851
  },
  {
    "timestamp": 32.1950390625,
    "red": 1642,
    "ir": 858
  },
  {
    "timestamp": 32.3150390625,
    "red": 1641,
    "ir": 855
  },
  {
    "timestamp": 32.4350390625,
    "red": 1642,
    "ir": 854
  },
  {
    "timestamp": 32.5550390625,
    "red": 1643,
    "ir": 856
  },
  {
    "timestamp": 32.6750390625,
    "red": 1643,
    "ir": 855
  },
  {
    "timestamp": 32.7950390625,
    "red": 1642,
    "ir": 858
  },
  {
    "timestamp": 32.9150390625,
    "red": 1643,
    "ir": 855
  },
  {
    "timestamp": 33.0350390625,
    "red": 1643,
    "ir": 855
  },
  {
    "timestamp": 33.1550390625,
    "red": 1644,
    "ir": 856
  },
  {
    "timestamp": 33.2750390625,
    "red": 1643,
    "ir": 858
  },
  {
    "timestamp": 33.3950390625,
    "red": 1642,
    "ir": 859
  },
  {
    "timestamp": 33.5150390625,
    "red": 1640,
    "ir": 854
  },
  {
    "timestamp": 33.6350390625,
    "red": 1640,
    "ir": 856
  },
  {
    "timestamp": 33.7550390625,
    "red": 1640,
    "ir": 859
  },
  {
    "timestamp": 33.8750390625,
    "red": 1644,
    "ir": 856
  },
  {
    "timestamp": 33.9950390625,
    "red": 1643,
    "ir": 856
  },
  {
    "timestamp": 34.1150390625,
    "red": 1646,
    "ir": 855
  },
  {
    "timestamp": 34.2350390625,
    "red": 1643,
    "ir": 856
  },
  {
    "timestamp": 31.5561962890625,
    "red": 1646,
    "ir": 856
  },
  {
    "timestamp": 31.6761962890625,
    "red": 1642,
    "ir": 858
  },
  {
    "timestamp": 31.7961962890625,
    "red": 1639,
    "ir": 854
  },
  {
    "timestamp": 31.9161962890625,
    "red": 1644,
    "ir": 854
  },
  {
    "timestamp": 32.0361962890625,
    "red": 1639,
    "ir": 858
  },
  {
    "timestamp": 32.1561962890625,
    "red": 1643,
    "ir": 857
  },
  {
    "timestamp": 32.2761962890625,
    "red": 1643,
    "ir": 856
  },
  {
    "timestamp": 32.3961962890625,
    "red": 1643,
    "ir": 854
  },
  {
    "timestamp": 32.5161962890625,
    "red": 1640,
    "ir": 855
  },
  {
    "timestamp": 32.6361962890625,
    "red": 1643,
    "ir": 854
  },
  {
    "timestamp": 32.7561962890625,
    "red": 1640,
    "ir": 856
  },
  {
    "timestamp": 32.8761962890625,
    "red": 1638,
    "ir": 855
  },
  {
    "timestamp": 32.9961962890625,
    "red": 1638,
    "ir": 846
  },
  {
    "timestamp": 33.1161962890625,
    "red": 1644,
    "ir": 856
  },
  {
    "timestamp": 33.2361962890625,
    "red": 1641,
    "ir": 853
  },
  {
    "timestamp": 33.3561962890625,
    "red": 1644,
    "ir": 859
  },
  {
    "timestamp": 33.4761962890625,
    "red": 1643,
    "ir": 854
  },
  {
    "timestamp": 33.5961962890625,
    "red": 1645,
    "ir": 855
  },
  {
    "timestamp": 33.7161962890625,
    "red": 1645,
    "ir": 857
  },
  {
    "timestamp": 33.8361962890625,
    "red": 1641,
    "ir": 853
  },
  {
    "timestamp": 33.9561962890625,
    "red": 1642,
    "ir": 854
  },
  {
    "timestamp": 34.0761962890625,
    "red": 1642,
    "ir": 856
  },
  {
    "timestamp": 34.1961962890625,
    "red": 1645,
    "ir": 857
  },
  {
    "timestamp": 34.3161962890625,
    "red": 1645,
    "ir": 858
  },
  {
    "timestamp": 34.4361962890625,
    "red": 1644,
    "ir": 856
  },
  {
    "timestamp": 34.5561962890625,
    "red": 1641,
    "ir": 856
  },
  {
    "timestamp": 34.6761962890625,
    "red": 1641,
    "ir": 858
  },
  {
    "timestamp": 34.7961962890625,
    "red": 1645,
    "ir": 854
  },
  {
    "timestamp": 32.117353515625,
    "red": 1642,
    "ir": 856
  },
  {
    "timestamp": 32.237353515625,
    "red": 1644,
    "ir": 859
  },
  {
    "timestamp": 32.357353515625,
    "red": 1643,
    "ir": 853
  },
  {
    "timestamp": 32.477353515625,
    "red": 1643,
    "ir": 860
  },
  {
    "timestamp": 32.597353515625,
    "red": 1645,
    "ir": 858
  },
  {
    "timestamp": 32.717353515625,
    "red": 1640,
    "ir": 856
  },
  {
    "timestamp": 32.837353515625,
    "red": 1642,
    "ir": 855
  },
  {
    "timestamp": 32.957353515625,
    "red": 1642,
    "ir": 856
  },
  {
    "timestamp": 33.077353515625,
    "red": 1644,
    "ir": 860
  },
  {
    "timestamp": 33.197353515625,
    "red": 1641,
    "ir": 857
  },
  {
    "timestamp": 33.317353515625,
    "red": 1645,
    "ir": 856
  },
  {
    "timestamp": 33.437353515625,
    "red": 1647,
    "ir": 855
  },
  {
    "timestamp": 33.557353515625,
    "red": 1645,
    "ir": 854
  },
  {
    "timestamp": 33.677353515625,
    "red": 1641,
    "ir": 852
  },
  {
    "timestamp": 33.797353515625,
    "red": 1643,
    "ir": 856
  },
  {
    "timestamp": 33.917353515625,
    "red": 1645,
    "ir": 852
  },
  {
    "timestamp": 34.037353515625,
    "red": 1643,
    "ir": 858
  },
  {
    "timestamp": 34.157353515625,
    "red": 1641,
    "ir": 854
  },
  {
    "timestamp": 34.277353515625,
    "red": 1641,
    "ir": 856
  },
  {
    "timestamp": 34.397353515625,
    "red": 1644,
    "ir": 858
  },
  {
    "timestamp": 34.517353515625,
    "red": 1644,
    "ir": 859
  },
  {
    "timestamp": 34.637353515625,
    "red": 1645,
    "ir": 855
  },
  {
    "timestamp": 34.757353515625,
    "red": 1643,
    "ir": 855
  },
  {
    "timestamp": 34.877353515625,
    "red": 1644,
    "ir": 854
  },
  {
    "timestamp": 34.997353515625,
    "red": 1641,
    "ir": 860
  },
  {
    "timestamp": 35.117353515625,
    "red": 1642,
    "ir": 856
  },
  {
    "timestamp": 35.237353515625,
    "red": 1645,
    "ir": 858
  },
  {
    "timestamp": 35.357353515625,
    "red": 1644,
    "ir": 854
  },
  {
    "timestamp": 32.67848022460937,
    "red": 1645,
    "ir": 855
  },
  {
    "timestamp": 32.79848022460938,
    "red": 1646,
    "ir": 855
  },
  {
    "timestamp": 32.918480224609375,
    "red": 1640,
    "ir": 858
  },
  {
    "timestamp": 33.03848022460937,
    "red": 1643,
    "ir": 858
  },
  {
    "timestamp": 33.15848022460938,
    "red": 1642,
    "ir": 856
  },
  {
    "timestamp": 33.278480224609375,
    "red": 1644,
    "ir": 855
  },
  {
    "timestamp": 33.39848022460937,
    "red": 1645,
    "ir": 855
  },
  {
    "timestamp": 33.51848022460938,
    "red": 1643,
    "ir": 856
  },
  {
    "timestamp": 33.638480224609374,
    "red": 1643,
    "ir": 857
  },
  {
    "timestamp": 33.75848022460937,
    "red": 1645,
    "ir": 857
  },
  {
    "timestamp": 33.878480224609376,
    "red": 1645,
    "ir": 858
  },
  {
    "timestamp": 33.998480224609374,
    "red": 1641,
    "ir": 858
  },
  {
    "timestamp": 34.11848022460938,
    "red": 1643,
    "ir": 858
  },
  {
    "timestamp": 34.238480224609376,
    "red": 1644,
    "ir": 857
  },
  {
    "timestamp": 34.35848022460937,
    "red": 1646,
    "ir": 856
  },
  {
    "timestamp": 34.47848022460938,
    "red": 1643,
    "ir": 858
  },
  {
    "timestamp": 34.598480224609375,
    "red": 1644,
    "ir": 854
  },
  {
    "timestamp": 34.71848022460937,
    "red": 1643,
    "ir": 856
  },
  {
    "timestamp": 34.83848022460938,
    "red": 1647,
    "ir": 855
  },
  {
    "timestamp": 34.958480224609374,
    "red": 1646,
    "ir": 860
  },
  {
    "timestamp": 35.07848022460937,
    "red": 1646,
    "ir": 856
  },
  {
    "timestamp": 35.198480224609376,
    "red": 1645,
    "ir": 857
  },
  {
    "timestamp": 35.318480224609374,
    "red": 1644,
    "ir": 856
  },
  {
    "timestamp": 35.43848022460938,
    "red": 1642,
    "ir": 857
  },
  {
    "timestamp": 35.558480224609376,
    "red": 1645,
    "ir": 858
  },
  {
    "timestamp": 35.67848022460937,
    "red": 1649,
    "ir": 853
  },
  {
    "timestamp": 35.79848022460938,
    "red": 1646,
    "ir": 859
  },
  {
    "timestamp": 35.918480224609375,
    "red": 1645,
    "ir": 856
  },
  {
    "timestamp": 33.23966796875,
    "red": 1643,
    "ir": 860
  },
  {
    "timestamp": 33.35966796875,
    "red": 1644,
    "ir": 858
  },
  {
    "timestamp": 33.47966796875,
    "red": 1643,
    "ir": 860
  },
  {
    "timestamp": 33.59966796875,
    "red": 1648,
    "ir": 857
  },
  {
    "timestamp": 33.71966796875,
    "red": 1646,
    "ir": 853
  },
  {
    "timestamp": 33.83966796875,
    "red": 1646,
    "ir": 861
  },
  {
    "timestamp": 33.95966796875,
    "red": 1646,
    "ir": 857
  },
  {
    "timestamp": 34.07966796875,
    "red": 1645,
    "ir": 858
  },
  {
    "timestamp": 34.19966796875,
    "red": 1645,
    "ir": 856
  },
  {
    "timestamp": 34.31966796875,
    "red": 1640,
    "ir": 861
  },
  {
    "timestamp": 34.43966796875,
    "red": 1648,
    "ir": 858
  },
  {
    "timestamp": 34.55966796875,
    "red": 1645,
    "ir": 859
  },
  {
    "timestamp": 34.67966796875,
    "red": 1646,
    "ir": 859
  },
  {
    "timestamp": 34.79966796875,
    "red": 1643,
    "ir": 859
  },
  {
    "timestamp": 34.91966796875,
    "red": 1646,
    "ir": 859
  },
  {
    "timestamp": 35.03966796875,
    "red": 1644,
    "ir": 855
  },
  {
    "timestamp": 35.15966796875,
    "red": 1645,
    "ir": 860
  },
  {
    "timestamp": 35.27966796875,
    "red": 1644,
    "ir": 857
  },
  {
    "timestamp": 35.39966796875,
    "red": 1646,
    "ir": 855
  },
  {
    "timestamp": 35.51966796875,
    "red": 1646,
    "ir": 856
  },
  {
    "timestamp": 35.63966796875,
    "red": 1648,
    "ir": 855
  },
  {
    "timestamp": 35.75966796875,
    "red": 1648,
    "ir": 857
  },
  {
    "timestamp": 35.87966796875,
    "red": 1644,
    "ir": 859
  },
  {
    "timestamp": 35.99966796875,
    "red": 1644,
    "ir": 860
  },
  {
    "timestamp": 36.11966796875,
    "red": 1647,
    "ir": 860
  },
  {
    "timestamp": 36.23966796875,
    "red": 1648,
    "ir": 856
  },
  {
    "timestamp": 36.35966796875,
    "red": 1645,
    "ir": 856
  },
  {
    "timestamp": 36.47966796875,
    "red": 1646,
    "ir": 857
  },
  {
    "timestamp": 33.80076416015625,
    "red": 1649,
    "ir": 859
  },
  {
    "timestamp": 33.92076416015625,
    "red": 1646,
    "ir": 864
  },
  {
    "timestamp": 34.04076416015625,
    "red": 1645,
    "ir": 855
  },
  {
    "timestamp": 34.16076416015625,
    "red": 1646,
    "ir": 857
  },
  {
    "timestamp": 34.28076416015625,
    "red": 1645,
    "ir": 854
  },
  {
    "timestamp": 34.40076416015625,
    "red": 1647,
    "ir": 856
  },
  {
    "timestamp": 34.52076416015625,
    "red": 1648,
    "ir": 850
  },
  {
    "timestamp": 34.64076416015625,
    "red": 1643,
    "ir": 859
  },
  {
    "timestamp": 34.76076416015625,
    "red": 1641,
    "ir": 855
  },
  {
    "timestamp": 34.88076416015625,
    "red": 1644,
    "ir": 853
  },
  {
    "timestamp": 35.00076416015625,
    "red": 1649,
    "ir": 854
  },
  {
    "timestamp": 35.12076416015625,
    "red": 1644,
    "ir": 858
  },
  {
    "timestamp": 35.24076416015625,
    "red": 1647,
    "ir": 859
  },
  {
    "timestamp": 35.36076416015625,
    "red": 1646,
    "ir": 857
  },
  {
    "timestamp": 35.48076416015625,
    "red": 1647,
    "ir": 859
  },
  {
    "timestamp": 35.60076416015625,
    "red": 1645,
    "ir": 859
  },
  {
    "timestamp": 35.72076416015625,
    "red": 1646,
    "ir": 857
  },
  {
    "timestamp": 35.84076416015625,
    "red": 1645,
    "ir": 860
  },
  {
    "timestamp": 35.96076416015625,
    "red": 1647,
    "ir": 857
  },
  {
    "timestamp": 36.08076416015625,
    "red": 1645,
    "ir": 857
  },
  {
    "timestamp": 36.20076416015625,
    "red": 1649,
    "ir": 854
  },
  {
    "timestamp": 36.32076416015625,
    "red": 1648,
    "ir": 859
  },
  {
    "timestamp": 36.44076416015625,
    "red": 1646,
    "ir": 856
  },
  {
    "timestamp": 36.56076416015625,
    "red": 1647,
    "ir": 860
  },
  {
    "timestamp": 36.68076416015625,
    "red": 1644,
    "ir": 858
  },
  {
    "timestamp": 36.80076416015625,
    "red": 1646,
    "ir": 860
  },
  {
    "timestamp": 36.92076416015625,
    "red": 1647,
    "ir": 856
  },
  {
    "timestamp": 37.04076416015625,
    "red": 1646,
    "ir": 857
  },
  {
    "timestamp": 34.36189086914062,
    "red": 1645,
    "ir": 859
  },
  {
    "timestamp": 34.48189086914063,
    "red": 1647,
    "ir": 855
  },
  {
    "timestamp": 34.601890869140625,
    "red": 1644,
    "ir": 860
  },
  {
    "timestamp": 34.72189086914062,
    "red": 1646,
    "ir": 858
  },
  {
    "timestamp": 34.84189086914063,
    "red": 1648,
    "ir": 856
  },
  {
    "timestamp": 34.961890869140625,
    "red": 1647,
    "ir": 856
  },
  {
    "timestamp": 35.08189086914062,
    "red": 1646,
    "ir": 860
  },
  {
    "timestamp": 35.20189086914063,
    "red": 1647,
    "ir": 856
  },
  {
    "timestamp": 35.321890869140624,
    "red": 1647,
    "ir": 860
  },
  {
    "timestamp": 35.44189086914062,
    "red": 1643,
    "ir": 859
  },
  {
    "timestamp": 35.561890869140626,
    "red": 1647,
    "ir": 859
  },
  {
    "timestamp": 35.681890869140624,
    "red": 1650,
    "ir": 856
  },
  {
    "timestamp": 35.80189086914063,
    "red": 1645,
    "ir": 861
  },
  {
    "timestamp": 35.921890869140626,
    "red": 1646,
    "ir": 853
  },
  {
    "timestamp": 36.04189086914062,
    "red": 1644,
    "ir": 855
  },
  {
    "timestamp": 36.16189086914063,
    "red": 1646,
    "ir": 852
  },
  {
    "timestamp": 36.281890869140625,
    "red": 1642,
    "ir": 855
  },
  {
    "timestamp": 36.40189086914062,
    "red": 1647,
    "ir": 858
  },
  {
    "timestamp": 36.52189086914063,
    "red": 1647,
    "ir": 856
  },
  {
    "timestamp": 36.641890869140624,
    "red": 1644,
    "ir": 855
  },
  {
    "timestamp": 36.76189086914062,
    "red": 1647,
    "ir": 857
  },
  {
    "timestamp": 36.881890869140626,
    "red": 1645,
    "ir": 854
  },
  {
    "timestamp": 37.001890869140624,
    "red": 1643,
    "ir": 855
  },
  {
    "timestamp": 37.12189086914063,
    "red": 1643,
    "ir": 851
  },
  {
    "timestamp": 37.241890869140626,
    "red": 1651,
    "ir": 857
  },
  {
    "timestamp": 37.36189086914062,
    "red": 1644,
    "ir": 858
  },
  {
    "timestamp": 37.48189086914063,
    "red": 1646,
    "ir": 856
  },
  {
    "timestamp": 37.601890869140625,
    "red": 1650,
    "ir": 857
  },
  {
    "timestamp": 34.92304809570312,
    "red": 1645,
    "ir": 856
  },
  {
    "timestamp": 35.04304809570313,
    "red": 1647,
    "ir": 855
  },
  {
    "timestamp": 35.163048095703125,
    "red": 1646,
    "ir": 857
  },
  {
    "timestamp": 35.28304809570312,
    "red": 1645,
    "ir": 862
  },
  {
    "timestamp": 35.40304809570313,
    "red": 1647,
    "ir": 854
  },
  {
    "timestamp": 35.523048095703125,
    "red": 1644,
    "ir": 857
  },
  {
    "timestamp": 35.64304809570312,
    "red": 1646,
    "ir": 854
  },
  {
    "timestamp": 35.76304809570313,
    "red": 1648,
    "ir": 860
  },
  {
    "timestamp": 35.883048095703124,
    "red": 1650,
    "ir": 855
  },
  {
    "timestamp": 36.00304809570312,
    "red": 1648,
    "ir": 859
  },
  {
    "timestamp": 36.123048095703126,
    "red": 1648,
    "ir": 856
  },
  {
    "timestamp": 36.243048095703124,
    "red": 1644,
    "ir": 860
  },
  {
    "timestamp": 36.36304809570313,
    "red": 1646,
    "ir": 860
  },
  {
    "timestamp": 36.483048095703126,
    "red": 1646,
    "ir": 859
  },
  {
    "timestamp": 36.60304809570312,
    "red": 1647,
    "ir": 859
  },
  {
    "timestamp": 36.72304809570313,
    "red": 1643,
    "ir": 860
  },
  {
    "timestamp": 36.843048095703125,
    "red": 1647,
    "ir": 856
  },
  {
    "timestamp": 36.96304809570312,
    "red": 1644,
    "ir": 856
  },
  {
    "timestamp": 37.08304809570313,
    "red": 1644,
    "ir": 860
  },
  {
    "timestamp": 37.203048095703124,
    "red": 1647,
    "ir": 862
  },
  {
    "timestamp": 37.32304809570312,
    "red": 1647,
    "ir": 859
  },
  {
    "timestamp": 37.443048095703126,
    "red": 1645,
    "ir": 860
  },
  {
    "timestamp": 37.563048095703124,
    "red": 1645,
    "ir": 854
  },
  {
    "timestamp": 37.68304809570313,
    "red": 1649,
    "ir": 857
  },
  {
    "timestamp": 37.803048095703126,
    "red": 1644,
    "ir": 858
  },
  {
    "timestamp": 37.92304809570312,
    "red": 1645,
    "ir": 856
  },
  {
    "timestamp": 38.04304809570313,
    "red": 1647,
    "ir": 857
  },
  {
    "timestamp": 38.163048095703125,
    "red": 1643,
    "ir": 856
  },
  {
    "timestamp": 35.48814208984375,
    "red": 1647,
    "ir": 858
  },
  {
    "timestamp": 35.60814208984375,
    "red": 1646,
    "ir": 855
  },
  {
    "timestamp": 35.72814208984375,
    "red": 1643,
    "ir": 856
  },
  {
    "timestamp": 35.84814208984375,
    "red": 1644,
    "ir": 854
  },
  {
    "timestamp": 35.96814208984375,
    "red": 1646,
    "ir": 858
  },
  {
    "timestamp": 36.08814208984375,
    "red": 1644,
    "ir": 862
  },
  {
    "timestamp": 36.20814208984375,
    "red": 1649,
    "ir": 860
  },
  {
    "timestamp": 36.32814208984375,
    "red": 1650,
    "ir": 858
  },
  {
    "timestamp": 36.44814208984375,
    "red": 1644,
    "ir": 859
  },
  {
    "timestamp": 36.56814208984375,
    "red": 1647,
    "ir": 859
  },
  {
    "timestamp": 36.68814208984375,
    "red": 1643,
    "ir": 857
  },
  {
    "timestamp": 36.80814208984375,
    "red": 1646,
    "ir": 856
  },
  {
    "timestamp": 36.92814208984375,
    "red": 1646,
    "ir": 856
  },
  {
    "timestamp": 37.04814208984375,
    "red": 1647,
    "ir": 858
  },
  {
    "timestamp": 37.16814208984375,
    "red": 1646,
    "ir": 859
  },
  {
    "timestamp": 37.28814208984375,
    "red": 1648,
    "ir": 857
  },
  {
    "timestamp": 37.40814208984375,
    "red": 1643,
    "ir": 856
  },
  {
    "timestamp": 37.52814208984375,
    "red": 1643,
    "ir": 858
  },
  {
    "timestamp": 37.64814208984375,
    "red": 1642,
    "ir": 859
  },
  {
    "timestamp": 37.76814208984375,
    "red": 1647,
    "ir": 855
  },
  {
    "timestamp": 37.88814208984375,
    "red": 1644,
    "ir": 857
  },
  {
    "timestamp": 38.00814208984375,
    "red": 1643,
    "ir": 862
  },
  {
    "timestamp": 38.12814208984375,
    "red": 1649,
    "ir": 857
  },
  {
    "timestamp": 38.24814208984375,
    "red": 1643,
    "ir": 859
  },
  {
    "timestamp": 38.36814208984375,
    "red": 1643,
    "ir": 855
  },
  {
    "timestamp": 38.48814208984375,
    "red": 1644,
    "ir": 861
  },
  {
    "timestamp": 38.60814208984375,
    "red": 1647,
    "ir": 857
  },
  {
    "timestamp": 38.72814208984375,
    "red": 1643,
    "ir": 857
  },
  {
    "timestamp": 36.04536254882812,
    "red": 1647,
    "ir": 858
  },
  {
    "timestamp": 36.16536254882813,
    "red": 1647,
    "ir": 859
  },
  {
    "timestamp": 36.285362548828125,
    "red": 1649,
    "ir": 860
  },
  {
    "timestamp": 36.40536254882812,
    "red": 1647,
    "ir": 858
  },
  {
    "timestamp": 36.52536254882813,
    "red": 1643,
    "ir": 859
  },
  {
    "timestamp": 36.645362548828125,
    "red": 1648,
    "ir": 863
  },
  {
    "timestamp": 36.76536254882812,
    "red": 1648,
    "ir": 857
  },
  {
    "timestamp": 36.88536254882813,
    "red": 1643,
    "ir": 859
  },
  {
    "timestamp": 37.005362548828124,
    "red": 1646,
    "ir": 859
  },
  {
    "timestamp": 37.12536254882812,
    "red": 1647,
    "ir": 861
  },
  {
    "timestamp": 37.245362548828126,
    "red": 1647,
    "ir": 859
  },
  {
    "timestamp": 37.365362548828124,
    "red": 1644,
    "ir": 858
  },
  {
    "timestamp": 37.48536254882813,
    "red": 1647,
    "ir": 860
  },
  {
    "timestamp": 37.605362548828126,
    "red": 1645,
    "ir": 860
  },
  {
    "timestamp": 37.72536254882812,
    "red": 1646,
    "ir": 860
  },
  {
    "timestamp": 37.84536254882813,
    "red": 1649,
    "ir": 856
  },
  {
    "timestamp": 37.965362548828125,
    "red": 1644,
    "ir": 857
  },
  {
    "timestamp": 38.08536254882812,
    "red": 1646,
    "ir": 860
  },
  {
    "timestamp": 38.20536254882813,
    "red": 1645,
    "ir": 857
  },
  {
    "timestamp": 38.325362548828124,
    "red": 1649,
    "ir": 858
  },
  {
    "timestamp": 38.44536254882812,
    "red": 1647,
    "ir": 848
  },
  {
    "timestamp": 38.565362548828126,
    "red": 1642,
    "ir": 857
  },
  {
    "timestamp": 38.685362548828124,
    "red": 1643,
    "ir": 860
  },
  {
    "timestamp": 38.80536254882813,
    "red": 1648,
    "ir": 855
  },
  {
    "timestamp": 38.925362548828126,
    "red": 1643,
    "ir": 859
  },
  {
    "timestamp": 39.04536254882812,
    "red": 1644,
    "ir": 858
  },
  {
    "timestamp": 39.16536254882813,
    "red": 1647,
    "ir": 858
  },
  {
    "timestamp": 39.285362548828125,
    "red": 1648,
    "ir": 859
  },
  {
    "timestamp": 36.60651977539062,
    "red": 1645,
    "ir": 859
  },
  {
    "timestamp": 36.72651977539063,
    "red": 1644,
    "ir": 862
  },
  {
    "timestamp": 36.846519775390625,
    "red": 1642,
    "ir": 860
  },
  {
    "timestamp": 36.96651977539062,
    "red": 1646,
    "ir": 857
  },
  {
    "timestamp": 37.08651977539063,
    "red": 1644,
    "ir": 859
  },
  {
    "timestamp": 37.206519775390625,
    "red": 1643,
    "ir": 859
  },
  {
    "timestamp": 37.32651977539062,
    "red": 1647,
    "ir": 857
  },
  {
    "timestamp": 37.44651977539063,
    "red": 1642,
    "ir": 858
  },
  {
    "timestamp": 37.566519775390624,
    "red": 1645,
    "ir": 858
  },
  {
    "timestamp": 37.68651977539062,
    "red": 1645,
    "ir": 857
  },
  {
    "timestamp": 37.806519775390626,
    "red": 1644,
    "ir": 858
  },
  {
    "timestamp": 37.926519775390624,
    "red": 1646,
    "ir": 858
  },
  {
    "timestamp": 38.04651977539063,
    "red": 1645,
    "ir": 858
  },
  {
    "timestamp": 38.166519775390626,
    "red": 1644,
    "ir": 856
  },
  {
    "timestamp": 38.28651977539062,
    "red": 1644,
    "ir": 855
  },
  {
    "timestamp": 38.40651977539063,
    "red": 1643,
    "ir": 858
  },
  {
    "timestamp": 38.526519775390625,
    "red": 1646,
    "ir": 856
  },
  {
    "timestamp": 38.64651977539062,
    "red": 1646,
    "ir": 857
  },
  {
    "timestamp": 38.76651977539063,
    "red": 1645,
    "ir": 860
  },
  {
    "timestamp": 38.886519775390624,
    "red": 1646,
    "ir": 855
  },
  {
    "timestamp": 39.00651977539062,
    "red": 1644,
    "ir": 857
  },
  {
    "timestamp": 39.126519775390626,
    "red": 1644,
    "ir": 857
  },
  {
    "timestamp": 39.246519775390624,
    "red": 1648,
    "ir": 852
  },
  {
    "timestamp": 39.36651977539063,
    "red": 1644,
    "ir": 857
  },
  {
    "timestamp": 39.486519775390626,
    "red": 1646,
    "ir": 854
  },
  {
    "timestamp": 39.60651977539062,
    "red": 1646,
    "ir": 853
  },
  {
    "timestamp": 39.72651977539063,
    "red": 1643,
    "ir": 856
  },
  {
    "timestamp": 39.846519775390625,
    "red": 1648,
    "ir": 859
  },
  {
    "timestamp": 37.167646484375,
    "red": 1648,
    "ir": 856
  },
  {
    "timestamp": 37.287646484375,
    "red": 1648,
    "ir": 860
  },
  {
    "timestamp": 37.407646484375,
    "red": 1644,
    "ir": 858
  },
  {
    "timestamp": 37.527646484375,
    "red": 1644,
    "ir": 857
  },
  {
    "timestamp": 37.647646484375,
    "red": 1642,
    "ir": 859
  },
  {
    "timestamp": 37.767646484375,
    "red": 1646,
    "ir": 860
  },
  {
    "timestamp": 37.887646484375,
    "red": 1648,
    "ir": 857
  },
  {
    "timestamp": 38.007646484375,
    "red": 1646,
    "ir": 858
  },
  {
    "timestamp": 38.127646484375,
    "red": 1646,
    "ir": 858
  },
  {
    "timestamp": 38.247646484375,
    "red": 1644,
    "ir": 859
  },
  {
    "timestamp": 38.367646484375,
    "red": 1640,
    "ir": 857
  },
  {
    "timestamp": 38.487646484375,
    "red": 1646,
    "ir": 854
  },
  {
    "timestamp": 38.607646484375,
    "red": 1650,
    "ir": 858
  },
  {
    "timestamp": 38.727646484375,
    "red": 1646,
    "ir": 857
  },
  {
    "timestamp": 38.847646484375,
    "red": 1648,
    "ir": 859
  },
  {
    "timestamp": 38.967646484375,
    "red": 1645,
    "ir": 855
  },
  {
    "timestamp": 39.087646484375,
    "red": 1646,
    "ir": 858
  },
  {
    "timestamp": 39.207646484375,
    "red": 1645,
    "ir": 856
  },
  {
    "timestamp": 39.327646484375,
    "red": 1648,
    "ir": 861
  },
  {
    "timestamp": 39.447646484375,
    "red": 1645,
    "ir": 859
  },
  {
    "timestamp": 39.567646484375,
    "red": 1641,
    "ir": 857
  },
  {
    "timestamp": 39.687646484375,
    "red": 1646,
    "ir": 857
  },
  {
    "timestamp": 39.807646484375,
    "red": 1648,
    "ir": 857
  },
  {
    "timestamp": 39.927646484375,
    "red": 1643,
    "ir": 861
  },
  {
    "timestamp": 40.047646484375,
    "red": 1644,
    "ir": 859
  },
  {
    "timestamp": 40.167646484375,
    "red": 1645,
    "ir": 858
  },
  {
    "timestamp": 40.287646484375,
    "red": 1648,
    "ir": 860
  },
  {
    "timestamp": 40.407646484375,
    "red": 1643,
    "ir": 856
  },
  {
    "timestamp": 37.72865112304687,
    "red": 1643,
    "ir": 855
  },
  {
    "timestamp": 37.84865112304688,
    "red": 1641,
    "ir": 857
  },
  {
    "timestamp": 37.968651123046875,
    "red": 1647,
    "ir": 860
  },
  {
    "timestamp": 38.08865112304687,
    "red": 1646,
    "ir": 857
  },
  {
    "timestamp": 38.20865112304688,
    "red": 1648,
    "ir": 857
  },
  {
    "timestamp": 38.328651123046875,
    "red": 1647,
    "ir": 856
  },
  {
    "timestamp": 38.44865112304687,
    "red": 1643,
    "ir": 856
  },
  {
    "timestamp": 38.56865112304688,
    "red": 1647,
    "ir": 859
  },
  {
    "timestamp": 38.688651123046874,
    "red": 1647,
    "ir": 856
  },
  {
    "timestamp": 38.80865112304687,
    "red": 1644,
    "ir": 858
  },
  {
    "timestamp": 38.928651123046876,
    "red": 1645,
    "ir": 856
  },
  {
    "timestamp": 39.048651123046874,
    "red": 1644,
    "ir": 858
  },
  {
    "timestamp": 39.16865112304688,
    "red": 1647,
    "ir": 857
  },
  {
    "timestamp": 39.288651123046876,
    "red": 1647,
    "ir": 857
  },
  {
    "timestamp": 39.40865112304687,
    "red": 1646,
    "ir": 855
  },
  {
    "timestamp": 39.52865112304688,
    "red": 1644,
    "ir": 859
  },
  {
    "timestamp": 39.648651123046875,
    "red": 1644,
    "ir": 862
  },
  {
    "timestamp": 39.76865112304687,
    "red": 1647,
    "ir": 857
  },
  {
    "timestamp": 39.88865112304688,
    "red": 1647,
    "ir": 857
  },
  {
    "timestamp": 40.008651123046874,
    "red": 1642,
    "ir": 859
  },
  {
    "timestamp": 40.12865112304687,
    "red": 1647,
    "ir": 859
  },
  {
    "timestamp": 40.248651123046876,
    "red": 1644,
    "ir": 858
  },
  {
    "timestamp": 40.368651123046874,
    "red": 1644,
    "ir": 853
  },
  {
    "timestamp": 40.48865112304688,
    "red": 1648,
    "ir": 859
  },
  {
    "timestamp": 40.608651123046876,
    "red": 1648,
    "ir": 863
  },
  {
    "timestamp": 40.72865112304687,
    "red": 1646,
    "ir": 857
  },
  {
    "timestamp": 40.84865112304688,
    "red": 1646,
    "ir": 857
  },
  {
    "timestamp": 40.968651123046875,
    "red": 1643,
    "ir": 858
  },
  {
    "timestamp": 38.29383666992187,
    "red": 1647,
    "ir": 859
  },
  {
    "timestamp": 38.41383666992188,
    "red": 1644,
    "ir": 857
  },
  {
    "timestamp": 38.533836669921875,
    "red": 1646,
    "ir": 855
  },
  {
    "timestamp": 38.65383666992187,
    "red": 1644,
    "ir": 858
  },
  {
    "timestamp": 38.77383666992188,
    "red": 1646,
    "ir": 858
  },
  {
    "timestamp": 38.893836669921875,
    "red": 1646,
    "ir": 855
  },
  {
    "timestamp": 39.01383666992187,
    "red": 1643,
    "ir": 861
  },
  {
    "timestamp": 39.13383666992188,
    "red": 1647,
    "ir": 857
  },
  {
    "timestamp": 39.253836669921874,
    "red": 1645,
    "ir": 858
  },
  {
    "timestamp": 39.37383666992187,
    "red": 1644,
    "ir": 860
  },
  {
    "timestamp": 39.493836669921876,
    "red": 1643,
    "ir": 857
  },
  {
    "timestamp": 39.613836669921874,
    "red": 1646,
    "ir": 858
  },
  {
    "timestamp": 39.73383666992188,
    "red": 1647,
    "ir": 860
  },
  {
    "timestamp": 39.853836669921876,
    "red": 1650,
    "ir": 859
  },
  {
    "timestamp": 39.97383666992187,
    "red": 1645,
    "ir": 854
  },
  {
    "timestamp": 40.09383666992188,
    "red": 1646,
    "ir": 858
  },
  {
    "timestamp": 40.213836669921875,
    "red": 1647,
    "ir": 857
  },
  {
    "timestamp": 40.33383666992187,
    "red": 1648,
    "ir": 858
  },
  {
    "timestamp": 40.45383666992188,
    "red": 1648,
    "ir": 855
  },
  {
    "timestamp": 40.573836669921874,
    "red": 1646,
    "ir": 863
  },
  {
    "timestamp": 40.69383666992187,
    "red": 1646,
    "ir": 859
  },
  {
    "timestamp": 40.813836669921876,
    "red": 1644,
    "ir": 857
  },
  {
    "timestamp": 40.933836669921874,
    "red": 1645,
    "ir": 863
  },
  {
    "timestamp": 41.05383666992188,
    "red": 1643,
    "ir": 858
  },
  {
    "timestamp": 41.173836669921876,
    "red": 1646,
    "ir": 856
  },
  {
    "timestamp": 41.29383666992187,
    "red": 1647,
    "ir": 864
  },
  {
    "timestamp": 41.41383666992188,
    "red": 1647,
    "ir": 861
  },
  {
    "timestamp": 41.533836669921875,
    "red": 1646,
    "ir": 860
  },
  {
    "timestamp": 38.8511181640625,
    "red": 1642,
    "ir": 860
  },
  {
    "timestamp": 38.9711181640625,
    "red": 1645,
    "ir": 859
  },
  {
    "timestamp": 39.0911181640625,
    "red": 1645,
    "ir": 857
  },
  {
    "timestamp": 39.2111181640625,
    "red": 1645,
    "ir": 860
  },
  {
    "timestamp": 39.3311181640625,
    "red": 1644,
    "ir": 857
  },
  {
    "timestamp": 39.4511181640625,
    "red": 1644,
    "ir": 857
  },
  {
    "timestamp": 39.5711181640625,
    "red": 1647,
    "ir": 864
  },
  {
    "timestamp": 39.6911181640625,
    "red": 1643,
    "ir": 863
  },
  {
    "timestamp": 39.8111181640625,
    "red": 1647,
    "ir": 861
  },
  {
    "timestamp": 39.9311181640625,
    "red": 1642,
    "ir": 857
  },
  {
    "timestamp": 40.0511181640625,
    "red": 1643,
    "ir": 859
  },
  {
    "timestamp": 40.1711181640625,
    "red": 1646,
    "ir": 857
  },
  {
    "timestamp": 40.2911181640625,
    "red": 1648,
    "ir": 861
  },
  {
    "timestamp": 40.4111181640625,
    "red": 1646,
    "ir": 860
  },
  {
    "timestamp": 40.5311181640625,
    "red": 1647,
    "ir": 859
  },
  {
    "timestamp": 40.6511181640625,
    "red": 1647,
    "ir": 860
  },
  {
    "timestamp": 40.7711181640625,
    "red": 1645,
    "ir": 860
  },
  {
    "timestamp": 40.8911181640625,
    "red": 1644,
    "ir": 863
  },
  {
    "timestamp": 41.0111181640625,
    "red": 1647,
    "ir": 857
  },
  {
    "timestamp": 41.1311181640625,
    "red": 1647,
    "ir": 859
  },
  {
    "timestamp": 41.2511181640625,
    "red": 1646,
    "ir": 857
  },
  {
    "timestamp": 41.3711181640625,
    "red": 1645,
    "ir": 861
  },
  {
    "timestamp": 41.4911181640625,
    "red": 1650,
    "ir": 860
  },
  {
    "timestamp": 41.6111181640625,
    "red": 1643,
    "ir": 856
  },
  {
    "timestamp": 41.7311181640625,
    "red": 1644,
    "ir": 861
  },
  {
    "timestamp": 41.8511181640625,
    "red": 1645,
    "ir": 859
  },
  {
    "timestamp": 41.9711181640625,
    "red": 1646,
    "ir": 860
  },
  {
    "timestamp": 42.0911181640625,
    "red": 1649,
    "ir": 862
  },
  {
    "timestamp": 39.412275390625,
    "red": 1648,
    "ir": 859
  },
  {
    "timestamp": 39.532275390625,
    "red": 1647,
    "ir": 857
  },
  {
    "timestamp": 39.652275390625,
    "red": 1645,
    "ir": 856
  },
  {
    "timestamp": 39.772275390625,
    "red": 1645,
    "ir": 860
  },
  {
    "timestamp": 39.892275390625,
    "red": 1643,
    "ir": 857
  },
  {
    "timestamp": 40.012275390625,
    "red": 1642,
    "ir": 856
  },
  {
    "timestamp": 40.132275390625,
    "red": 1649,
    "ir": 857
  },
  {
    "timestamp": 40.252275390625,
    "red": 1646,
    "ir": 859
  },
  {
    "timestamp": 40.372275390625,
    "red": 1644,
    "ir": 861
  },
  {
    "timestamp": 40.492275390625,
    "red": 1643,
    "ir": 859
  },
  {
    "timestamp": 40.612275390625,
    "red": 1648,
    "ir": 858
  },
  {
    "timestamp": 40.732275390625,
    "red": 1645,
    "ir": 858
  },
  {
    "timestamp": 40.852275390625,
    "red": 1645,
    "ir": 861
  },
  {
    "timestamp": 40.972275390625,
    "red": 1646,
    "ir": 859
  },
  {
    "timestamp": 41.092275390625,
    "red": 1648,
    "ir": 856
  },
  {
    "timestamp": 41.212275390625,
    "red": 1646,
    "ir": 856
  },
  {
    "timestamp": 41.332275390625,
    "red": 1649,
    "ir": 856
  },
  {
    "timestamp": 41.452275390625,
    "red": 1645,
    "ir": 859
  },
  {
    "timestamp": 41.572275390625,
    "red": 1649,
    "ir": 859
  },
  {
    "timestamp": 41.692275390625,
    "red": 1644,
    "ir": 854
  },
  {
    "timestamp": 41.812275390625,
    "red": 1648,
    "ir": 860
  },
  {
    "timestamp": 41.932275390625,
    "red": 1644,
    "ir": 856
  },
  {
    "timestamp": 42.052275390625,
    "red": 1645,
    "ir": 861
  },
  {
    "timestamp": 42.172275390625,
    "red": 1646,
    "ir": 857
  },
  {
    "timestamp": 42.292275390625,
    "red": 1648,
    "ir": 860
  },
  {
    "timestamp": 42.412275390625,
    "red": 1645,
    "ir": 860
  },
  {
    "timestamp": 42.532275390625,
    "red": 1645,
    "ir": 859
  },
  {
    "timestamp": 42.652275390625,
    "red": 1647,
    "ir": 858
  },
  {
    "timestamp": 39.97337158203125,
    "red": 1647,
    "ir": 862
  },
  {
    "timestamp": 40.09337158203125,
    "red": 1649,
    "ir": 861
  },
  {
    "timestamp": 40.21337158203125,
    "red": 1648,
    "ir": 855
  },
  {
    "timestamp": 40.33337158203125,
    "red": 1649,
    "ir": 859
  },
  {
    "timestamp": 40.45337158203125,
    "red": 1649,
    "ir": 858
  },
  {
    "timestamp": 40.57337158203125,
    "red": 1647,
    "ir": 854
  },
  {
    "timestamp": 40.69337158203125,
    "red": 1644,
    "ir": 857
  },
  {
    "timestamp": 40.81337158203125,
    "red": 1647,
    "ir": 862
  },
  {
    "timestamp": 40.93337158203125,
    "red": 1646,
    "ir": 856
  },
  {
    "timestamp": 41.05337158203125,
    "red": 1645,
    "ir": 860
  },
  {
    "timestamp": 41.17337158203125,
    "red": 1645,
    "ir": 862
  },
  {
    "timestamp": 41.29337158203125,
    "red": 1648,
    "ir": 861
  },
  {
    "timestamp": 41.41337158203125,
    "red": 1647,
    "ir": 857
  },
  {
    "timestamp": 41.53337158203125,
    "red": 1648,
    "ir": 859
  },
  {
    "timestamp": 41.65337158203125,
    "red": 1647,
    "ir": 857
  },
  {
    "timestamp": 41.77337158203125,
    "red": 1648,
    "ir": 861
  },
  {
    "timestamp": 41.89337158203125,
    "red": 1649,
    "ir": 856
  },
  {
    "timestamp": 42.01337158203125,
    "red": 1647,
    "ir": 857
  },
  {
    "timestamp": 42.13337158203125,
    "red": 1648,
    "ir": 859
  },
  {
    "timestamp": 42.25337158203125,
    "red": 1646,
    "ir": 861
  },
  {
    "timestamp": 42.37337158203125,
    "red": 1645,
    "ir": 862
  },
  {
    "timestamp": 42.49337158203125,
    "red": 1648,
    "ir": 862
  },
  {
    "timestamp": 42.61337158203125,
    "red": 1648,
    "ir": 858
  },
  {
    "timestamp": 42.73337158203125,
    "red": 1646,
    "ir": 857
  },
  {
    "timestamp": 42.85337158203125,
    "red": 1643,
    "ir": 859
  },
  {
    "timestamp": 42.97337158203125,
    "red": 1650,
    "ir": 859
  },
  {
    "timestamp": 43.09337158203125,
    "red": 1649,
    "ir": 860
  },
  {
    "timestamp": 43.21337158203125,
    "red": 1652,
    "ir": 862
  },
  {
    "timestamp": 40.53455932617187,
    "red": 1649,
    "ir": 857
  },
  {
    "timestamp": 40.65455932617188,
    "red": 1645,
    "ir": 858
  },
  {
    "timestamp": 40.774559326171875,
    "red": 1645,
    "ir": 857
  },
  {
    "timestamp": 40.89455932617187,
    "red": 1648,
    "ir": 859
  },
  {
    "timestamp": 41.01455932617188,
    "red": 1645,
    "ir": 857
  },
  {
    "timestamp": 41.134559326171875,
    "red": 1644,
    "ir": 859
  },
  {
    "timestamp": 41.25455932617187,
    "red": 1642,
    "ir": 861
  },
  {
    "timestamp": 41.37455932617188,
    "red": 1645,
    "ir": 857
  },
  {
    "timestamp": 41.494559326171874,
    "red": 1647,
    "ir": 861
  },
  {
    "timestamp": 41.61455932617187,
    "red": 1649,
    "ir": 860
  },
  {
    "timestamp": 41.734559326171876,
    "red": 1647,
    "ir": 857
  },
  {
    "timestamp": 41.854559326171874,
    "red": 1644,
    "ir": 860
  },
  {
    "timestamp": 41.97455932617188,
    "red": 1648,
    "ir": 860
  },
  {
    "timestamp": 42.094559326171876,
    "red": 1653,
    "ir": 855
  },
  {
    "timestamp": 42.21455932617187,
    "red": 1644,
    "ir": 859
  },
  {
    "timestamp": 42.33455932617188,
    "red": 1647,
    "ir": 855
  },
  {
    "timestamp": 42.454559326171875,
    "red": 1645,
    "ir": 858
  },
  {
    "timestamp": 42.57455932617187,
    "red": 1648,
    "ir": 855
  },
  {
    "timestamp": 42.69455932617188,
    "red": 1646,
    "ir": 860
  },
  {
    "timestamp": 42.814559326171874,
    "red": 1652,
    "ir": 862
  },
  {
    "timestamp": 42.93455932617187,
    "red": 1647,
    "ir": 859
  },
  {
    "timestamp": 43.054559326171876,
    "red": 1649,
    "ir": 859
  },
  {
    "timestamp": 43.174559326171874,
    "red": 1644,
    "ir": 858
  },
  {
    "timestamp": 43.29455932617188,
    "red": 1649,
    "ir": 857
  },
  {
    "timestamp": 43.414559326171876,
    "red": 1647,
    "ir": 859
  },
  {
    "timestamp": 43.53455932617187,
    "red": 1645,
    "ir": 857
  },
  {
    "timestamp": 43.65455932617188,
    "red": 1646,
    "ir": 854
  },
  {
    "timestamp": 43.774559326171875,
    "red": 1651,
    "ir": 857
  },
  {
    "timestamp": 41.09953125,
    "red": 1645,
    "ir": 861
  },
  {
    "timestamp": 41.21953125,
    "red": 1648,
    "ir": 860
  },
  {
    "timestamp": 41.33953125,
    "red": 1646,
    "ir": 858
  },
  {
    "timestamp": 41.45953125,
    "red": 1647,
    "ir": 857
  },
  {
    "timestamp": 41.57953125,
    "red": 1650,
    "ir": 861
  },
  {
    "timestamp": 41.69953125,
    "red": 1649,
    "ir": 862
  },
  {
    "timestamp": 41.81953125,
    "red": 1646,
    "ir": 861
  },
  {
    "timestamp": 41.93953125,
    "red": 1647,
    "ir": 861
  },
  {
    "timestamp": 42.05953125,
    "red": 1649,
    "ir": 859
  },
  {
    "timestamp": 42.17953125,
    "red": 1645,
    "ir": 857
  },
  {
    "timestamp": 42.29953125,
    "red": 1648,
    "ir": 860
  },
  {
    "timestamp": 42.41953125,
    "red": 1650,
    "ir": 859
  },
  {
    "timestamp": 42.53953125,
    "red": 1648,
    "ir": 860
  },
  {
    "timestamp": 42.65953125,
    "red": 1647,
    "ir": 859
  },
  {
    "timestamp": 42.77953125,
    "red": 1648,
    "ir": 861
  },
  {
    "timestamp": 42.89953125,
    "red": 1649,
    "ir": 860
  },
  {
    "timestamp": 43.01953125,
    "red": 1648,
    "ir": 860
  },
  {
    "timestamp": 43.13953125,
    "red": 1646,
    "ir": 860
  },
  {
    "timestamp": 43.25953125,
    "red": 1646,
    "ir": 861
  },
  {
    "timestamp": 43.37953125,
    "red": 1643,
    "ir": 862
  },
  {
    "timestamp": 43.49953125,
    "red": 1650,
    "ir": 854
  },
  {
    "timestamp": 43.61953125,
    "red": 1644,
    "ir": 855
  },
  {
    "timestamp": 43.73953125,
    "red": 1646,
    "ir": 856
  },
  {
    "timestamp": 43.85953125,
    "red": 1647,
    "ir": 858
  },
  {
    "timestamp": 43.97953125,
    "red": 1642,
    "ir": 861
  },
  {
    "timestamp": 44.09953125,
    "red": 1646,
    "ir": 856
  },
  {
    "timestamp": 44.21953125,
    "red": 1647,
    "ir": 862
  },
  {
    "timestamp": 44.33953125,
    "red": 1650,
    "ir": 857
  },
  {
    "timestamp": 41.65681274414062,
    "red": 1648,
    "ir": 861
  },
  {
    "timestamp": 41.77681274414063,
    "red": 1649,
    "ir": 862
  },
  {
    "timestamp": 41.896812744140625,
    "red": 1645,
    "ir": 856
  },
  {
    "timestamp": 42.01681274414062,
    "red": 1645,
    "ir": 861
  },
  {
    "timestamp": 42.13681274414063,
    "red": 1644,
    "ir": 858
  },
  {
    "timestamp": 42.256812744140625,
    "red": 1645,
    "ir": 859
  },
  {
    "timestamp": 42.37681274414062,
    "red": 1644,
    "ir": 861
  },
  {
    "timestamp": 42.49681274414063,
    "red": 1645,
    "ir": 857
  },
  {
    "timestamp": 42.616812744140624,
    "red": 1649,
    "ir": 857
  },
  {
    "timestamp": 42.73681274414062,
    "red": 1646,
    "ir": 858
  },
  {
    "timestamp": 42.856812744140626,
    "red": 1648,
    "ir": 857
  },
  {
    "timestamp": 42.976812744140624,
    "red": 1648,
    "ir": 856
  },
  {
    "timestamp": 43.09681274414063,
    "red": 1648,
    "ir": 857
  },
  {
    "timestamp": 43.216812744140626,
    "red": 1647,
    "ir": 859
  },
  {
    "timestamp": 43.33681274414062,
    "red": 1645,
    "ir": 860
  },
  {
    "timestamp": 43.45681274414063,
    "red": 1646,
    "ir": 858
  },
  {
    "timestamp": 43.576812744140625,
    "red": 1646,
    "ir": 854
  },
  {
    "timestamp": 43.69681274414062,
    "red": 1647,
    "ir": 857
  },
  {
    "timestamp": 43.81681274414063,
    "red": 1649,
    "ir": 861
  },
  {
    "timestamp": 43.936812744140624,
    "red": 1649,
    "ir": 862
  },
  {
    "timestamp": 44.05681274414062,
    "red": 1647,
    "ir": 860
  },
  {
    "timestamp": 44.176812744140626,
    "red": 1644,
    "ir": 857
  },
  {
    "timestamp": 44.296812744140624,
    "red": 1646,
    "ir": 860
  },
  {
    "timestamp": 44.41681274414063,
    "red": 1648,
    "ir": 857
  },
  {
    "timestamp": 44.536812744140626,
    "red": 1646,
    "ir": 855
  },
  {
    "timestamp": 44.65681274414062,
    "red": 1647,
    "ir": 858
  },
  {
    "timestamp": 44.77681274414063,
    "red": 1648,
    "ir": 859
  },
  {
    "timestamp": 44.896812744140625,
    "red": 1643,
    "ir": 860
  },
  {
    "timestamp": 42.21796997070312,
    "red": 1646,
    "ir": 860
  },
  {
    "timestamp": 42.33796997070313,
    "red": 1647,
    "ir": 859
  },
  {
    "timestamp": 42.457969970703125,
    "red": 1650,
    "ir": 863
  },
  {
    "timestamp": 42.57796997070312,
    "red": 1644,
    "ir": 861
  },
  {
    "timestamp": 42.69796997070313,
    "red": 1648,
    "ir": 857
  },
  {
    "timestamp": 42.817969970703125,
    "red": 1651,
    "ir": 854
  },
  {
    "timestamp": 42.93796997070312,
    "red": 1650,
    "ir": 859
  },
  {
    "timestamp": 43.05796997070313,
    "red": 1648,
    "ir": 859
  },
  {
    "timestamp": 43.177969970703124,
    "red": 1646,
    "ir": 859
  },
  {
    "timestamp": 43.29796997070312,
    "red": 1648,
    "ir": 853
  },
  {
    "timestamp": 43.417969970703126,
    "red": 1649,
    "ir": 863
  },
  {
    "timestamp": 43.537969970703124,
    "red": 1645,
    "ir": 863
  },
  {
    "timestamp": 43.65796997070313,
    "red": 1646,
    "ir": 857
  },
  {
    "timestamp": 43.777969970703126,
    "red": 1648,
    "ir": 860
  },
  {
    "timestamp": 43.89796997070312,
    "red": 1646,
    "ir": 859
  },
  {
    "timestamp": 44.01796997070313,
    "red": 1647,
    "ir": 858
  },
  {
    "timestamp": 44.137969970703125,
    "red": 1647,
    "ir": 853
  },
  {
    "timestamp": 44.25796997070312,
    "red": 1646,
    "ir": 858
  },
  {
    "timestamp": 44.37796997070313,
    "red": 1648,
    "ir": 857
  },
  {
    "timestamp": 44.497969970703124,
    "red": 1651,
    "ir": 857
  },
  {
    "timestamp": 44.61796997070312,
    "red": 1645,
    "ir": 858
  },
  {
    "timestamp": 44.737969970703126,
    "red": 1649,
    "ir": 862
  },
  {
    "timestamp": 44.857969970703124,
    "red": 1648,
    "ir": 857
  },
  {
    "timestamp": 44.97796997070313,
    "red": 1650,
    "ir": 857
  },
  {
    "timestamp": 45.097969970703126,
    "red": 1643,
    "ir": 859
  },
  {
    "timestamp": 45.21796997070312,
    "red": 1645,
    "ir": 860
  },
  {
    "timestamp": 45.33796997070313,
    "red": 1652,
    "ir": 861
  },
  {
    "timestamp": 45.457969970703125,
    "red": 1647,
    "ir": 858
  },
  {
    "timestamp": 42.7790966796875,
    "red": 1649,
    "ir": 863
  },
  {
    "timestamp": 42.8990966796875,
    "red": 1646,
    "ir": 858
  },
  {
    "timestamp": 43.0190966796875,
    "red": 1644,
    "ir": 861
  },
  {
    "timestamp": 43.1390966796875,
    "red": 1648,
    "ir": 860
  },
  {
    "timestamp": 43.2590966796875,
    "red": 1647,
    "ir": 862
  },
  {
    "timestamp": 43.3790966796875,
    "red": 1643,
    "ir": 862
  },
  {
    "timestamp": 43.4990966796875,
    "red": 1644,
    "ir": 857
  },
  {
    "timestamp": 43.6190966796875,
    "red": 1645,
    "ir": 857
  },
  {
    "timestamp": 43.7390966796875,
    "red": 1647,
    "ir": 862
  },
  {
    "timestamp": 43.8590966796875,
    "red": 1646,
    "ir": 860
  },
  {
    "timestamp": 43.9790966796875,
    "red": 1646,
    "ir": 861
  },
  {
    "timestamp": 44.0990966796875,
    "red": 1650,
    "ir": 856
  },
  {
    "timestamp": 44.2190966796875,
    "red": 1644,
    "ir": 860
  },
  {
    "timestamp": 44.3390966796875,
    "red": 1646,
    "ir": 863
  },
  {
    "timestamp": 44.4590966796875,
    "red": 1646,
    "ir": 860
  },
  {
    "timestamp": 44.5790966796875,
    "red": 1643,
    "ir": 858
  },
  {
    "timestamp": 44.6990966796875,
    "red": 1648,
    "ir": 858
  },
  {
    "timestamp": 44.8190966796875,
    "red": 1647,
    "ir": 857
  },
  {
    "timestamp": 44.9390966796875,
    "red": 1643,
    "ir": 858
  },
  {
    "timestamp": 45.0590966796875,
    "red": 1649,
    "ir": 861
  },
  {
    "timestamp": 45.1790966796875,
    "red": 1651,
    "ir": 857
  },
  {
    "timestamp": 45.2990966796875,
    "red": 1647,
    "ir": 859
  },
  {
    "timestamp": 45.4190966796875,
    "red": 1650,
    "ir": 859
  },
  {
    "timestamp": 45.5390966796875,
    "red": 1648,
    "ir": 858
  },
  {
    "timestamp": 45.6590966796875,
    "red": 1652,
    "ir": 856
  },
  {
    "timestamp": 45.7790966796875,
    "red": 1645,
    "ir": 860
  },
  {
    "timestamp": 45.8990966796875,
    "red": 1648,
    "ir": 856
  },
  {
    "timestamp": 46.0190966796875,
    "red": 1645,
    "ir": 860
  },
  {
    "timestamp": 43.34028442382812,
    "red": 1644,
    "ir": 856
  },
  {
    "timestamp": 43.46028442382813,
    "red": 1646,
    "ir": 856
  },
  {
    "timestamp": 43.580284423828125,
    "red": 1646,
    "ir": 858
  },
  {
    "timestamp": 43.70028442382812,
    "red": 1644,
    "ir": 859
  },
  {
    "timestamp": 43.82028442382813,
    "red": 1644,
    "ir": 858
  },
  {
    "timestamp": 43.940284423828125,
    "red": 1647,
    "ir": 861
  },
  {
    "timestamp": 44.06028442382812,
    "red": 1645,
    "ir": 859
  },
  {
    "timestamp": 44.18028442382813,
    "red": 1646,
    "ir": 861
  },
  {
    "timestamp": 44.300284423828124,
    "red": 1648,
    "ir": 856
  },
  {
    "timestamp": 44.42028442382812,
    "red": 1645,
    "ir": 856
  },
  {
    "timestamp": 44.540284423828126,
    "red": 1648,
    "ir": 858
  },
  {
    "timestamp": 44.660284423828124,
    "red": 1647,
    "ir": 857
  },
  {
    "timestamp": 44.78028442382813,
    "red": 1648,
    "ir": 856
  },
  {
    "timestamp": 44.900284423828126,
    "red": 1647,
    "ir": 858
  },
  {
    "timestamp": 45.02028442382812,
    "red": 1647,
    "ir": 859
  },
  {
    "timestamp": 45.14028442382813,
    "red": 1649,
    "ir": 858
  },
  {
    "timestamp": 45.260284423828125,
    "red": 1646,
    "ir": 858
  },
  {
    "timestamp": 45.38028442382812,
    "red": 1645,
    "ir": 861
  },
  {
    "timestamp": 45.50028442382813,
    "red": 1647,
    "ir": 856
  },
  {
    "timestamp": 45.620284423828124,
    "red": 1647,
    "ir": 857
  },
  {
    "timestamp": 45.74028442382812,
    "red": 1642,
    "ir": 858
  },
  {
    "timestamp": 45.860284423828126,
    "red": 1645,
    "ir": 858
  },
  {
    "timestamp": 45.980284423828124,
    "red": 1645,
    "ir": 862
  },
  {
    "timestamp": 46.10028442382813,
    "red": 1646,
    "ir": 862
  },
  {
    "timestamp": 46.220284423828126,
    "red": 1650,
    "ir": 864
  },
  {
    "timestamp": 46.34028442382812,
    "red": 1646,
    "ir": 860
  },
  {
    "timestamp": 46.46028442382813,
    "red": 1647,
    "ir": 858
  },
  {
    "timestamp": 46.580284423828125,
    "red": 1647,
    "ir": 857
  },
  {
    "timestamp": 43.90144165039062,
    "red": 1645,
    "ir": 848
  },
  {
    "timestamp": 44.02144165039063,
    "red": 1649,
    "ir": 859
  },
  {
    "timestamp": 44.141441650390625,
    "red": 1647,
    "ir": 859
  },
  {
    "timestamp": 44.26144165039062,
    "red": 1646,
    "ir": 862
  },
  {
    "timestamp": 44.38144165039063,
    "red": 1652,
    "ir": 861
  },
  {
    "timestamp": 44.501441650390625,
    "red": 1648,
    "ir": 863
  },
  {
    "timestamp": 44.62144165039062,
    "red": 1648,
    "ir": 859
  },
  {
    "timestamp": 44.74144165039063,
    "red": 1646,
    "ir": 858
  },
  {
    "timestamp": 44.861441650390624,
    "red": 1645,
    "ir": 859
  },
  {
    "timestamp": 44.98144165039062,
    "red": 1646,
    "ir": 864
  },
  {
    "timestamp": 45.101441650390626,
    "red": 1647,
    "ir": 858
  },
  {
    "timestamp": 45.221441650390624,
    "red": 1646,
    "ir": 857
  },
  {
    "timestamp": 45.34144165039063,
    "red": 1645,
    "ir": 859
  },
  {
    "timestamp": 45.461441650390626,
    "red": 1651,
    "ir": 857
  },
  {
    "timestamp": 45.58144165039062,
    "red": 1649,
    "ir": 859
  },
  {
    "timestamp": 45.70144165039063,
    "red": 1645,
    "ir": 859
  },
  {
    "timestamp": 45.821441650390625,
    "red": 1647,
    "ir": 864
  },
  {
    "timestamp": 45.94144165039062,
    "red": 1651,
    "ir": 860
  },
  {
    "timestamp": 46.06144165039063,
    "red": 1646,
    "ir": 857
  },
  {
    "timestamp": 46.181441650390624,
    "red": 1650,
    "ir": 858
  },
  {
    "timestamp": 46.30144165039062,
    "red": 1648,
    "ir": 859
  },
  {
    "timestamp": 46.421441650390626,
    "red": 1652,
    "ir": 858
  },
  {
    "timestamp": 46.541441650390624,
    "red": 1649,
    "ir": 860
  },
  {
    "timestamp": 46.66144165039063,
    "red": 1649,
    "ir": 855
  },
  {
    "timestamp": 46.781441650390626,
    "red": 1649,
    "ir": 862
  },
  {
    "timestamp": 46.90144165039062,
    "red": 1645,
    "ir": 863
  },
  {
    "timestamp": 47.02144165039063,
    "red": 1648,
    "ir": 859
  },
  {
    "timestamp": 47.141441650390625,
    "red": 1649,
    "ir": 856
  },
  {
    "timestamp": 44.46262939453125,
    "red": 1647,
    "ir": 861
  },
  {
    "timestamp": 44.58262939453125,
    "red": 1645,
    "ir": 859
  },
  {
    "timestamp": 44.70262939453125,
    "red": 1647,
    "ir": 860
  },
  {
    "timestamp": 44.82262939453125,
    "red": 1648,
    "ir": 862
  },
  {
    "timestamp": 44.94262939453125,
    "red": 1646,
    "ir": 859
  },
  {
    "timestamp": 45.06262939453125,
    "red": 1646,
    "ir": 860
  },
  {
    "timestamp": 45.18262939453125,
    "red": 1644,
    "ir": 859
  },
  {
    "timestamp": 45.30262939453125,
    "red": 1645,
    "ir": 860
  },
  {
    "timestamp": 45.42262939453125,
    "red": 1647,
    "ir": 862
  },
  {
    "timestamp": 45.54262939453125,
    "red": 1646,
    "ir": 860
  },
  {
    "timestamp": 45.66262939453125,
    "red": 1647,
    "ir": 854
  },
  {
    "timestamp": 45.78262939453125,
    "red": 1646,
    "ir": 863
  },
  {
    "timestamp": 45.90262939453125,
    "red": 1645,
    "ir": 856
  },
  {
    "timestamp": 46.02262939453125,
    "red": 1645,
    "ir": 854
  },
  {
    "timestamp": 46.14262939453125,
    "red": 1646,
    "ir": 858
  },
  {
    "timestamp": 46.26262939453125,
    "red": 1648,
    "ir": 858
  },
  {
    "timestamp": 46.38262939453125,
    "red": 1649,
    "ir": 859
  },
  {
    "timestamp": 46.50262939453125,
    "red": 1648,
    "ir": 859
  },
  {
    "timestamp": 46.62262939453125,
    "red": 1648,
    "ir": 859
  },
  {
    "timestamp": 46.74262939453125,
    "red": 1644,
    "ir": 860
  },
  {
    "timestamp": 46.86262939453125,
    "red": 1647,
    "ir": 859
  },
  {
    "timestamp": 46.98262939453125,
    "red": 1645,
    "ir": 860
  },
  {
    "timestamp": 47.10262939453125,
    "red": 1648,
    "ir": 855
  },
  {
    "timestamp": 47.22262939453125,
    "red": 1646,
    "ir": 858
  },
  {
    "timestamp": 47.34262939453125,
    "red": 1648,
    "ir": 856
  },
  {
    "timestamp": 47.46262939453125,
    "red": 1647,
    "ir": 859
  },
  {
    "timestamp": 47.58262939453125,
    "red": 1645,
    "ir": 861
  },
  {
    "timestamp": 47.70262939453125,
    "red": 1646,
    "ir": 851
  },
  {
    "timestamp": 45.02381713867187,
    "red": 1647,
    "ir": 860
  },
  {
    "timestamp": 45.14381713867188,
    "red": 1645,
    "ir": 856
  },
  {
    "timestamp": 45.263817138671875,
    "red": 1647,
    "ir": 859
  },
  {
    "timestamp": 45.38381713867187,
    "red": 1644,
    "ir": 856
  },
  {
    "timestamp": 45.50381713867188,
    "red": 1646,
    "ir": 859
  },
  {
    "timestamp": 45.623817138671875,
    "red": 1645,
    "ir": 858
  },
  {
    "timestamp": 45.74381713867187,
    "red": 1645,
    "ir": 862
  },
  {
    "timestamp": 45.86381713867188,
    "red": 1649,
    "ir": 859
  },
  {
    "timestamp": 45.983817138671874,
    "red": 1647,
    "ir": 855
  },
  {
    "timestamp": 46.10381713867187,
    "red": 1650,
    "ir": 857
  },
  {
    "timestamp": 46.223817138671876,
    "red": 1647,
    "ir": 858
  },
  {
    "timestamp": 46.343817138671874,
    "red": 1647,
    "ir": 855
  },
  {
    "timestamp": 46.46381713867188,
    "red": 1647,
    "ir": 861
  },
  {
    "timestamp": 46.583817138671876,
    "red": 1645,
    "ir": 861
  },
  {
    "timestamp": 46.70381713867187,
    "red": 1646,
    "ir": 858
  },
  {
    "timestamp": 46.82381713867188,
    "red": 1648,
    "ir": 856
  },
  {
    "timestamp": 46.943817138671875,
    "red": 1648,
    "ir": 859
  },
  {
    "timestamp": 47.06381713867187,
    "red": 1649,
    "ir": 856
  },
  {
    "timestamp": 47.18381713867188,
    "red": 1647,
    "ir": 858
  },
  {
    "timestamp": 47.303817138671874,
    "red": 1650,
    "ir": 861
  },
  {
    "timestamp": 47.42381713867187,
    "red": 1649,
    "ir": 862
  },
  {
    "timestamp": 47.543817138671876,
    "red": 1648,
    "ir": 860
  },
  {
    "timestamp": 47.663817138671874,
    "red": 1649,
    "ir": 862
  },
  {
    "timestamp": 47.78381713867188,
    "red": 1642,
    "ir": 860
  },
  {
    "timestamp": 47.903817138671876,
    "red": 1646,
    "ir": 857
  },
  {
    "timestamp": 48.02381713867187,
    "red": 1647,
    "ir": 857
  },
  {
    "timestamp": 48.14381713867188,
    "red": 1649,
    "ir": 864
  },
  {
    "timestamp": 48.263817138671875,
    "red": 1648,
    "ir": 856
  },
  {
    "timestamp": 45.5850048828125,
    "red": 1645,
    "ir": 855
  },
  {
    "timestamp": 45.7050048828125,
    "red": 1648,
    "ir": 860
  },
  {
    "timestamp": 45.8250048828125,
    "red": 1649,
    "ir": 858
  },
  {
    "timestamp": 45.9450048828125,
    "red": 1644,
    "ir": 861
  },
  {
    "timestamp": 46.0650048828125,
    "red": 1647,
    "ir": 858
  },
  {
    "timestamp": 46.1850048828125,
    "red": 1650,
    "ir": 857
  },
  {
    "timestamp": 46.3050048828125,
    "red": 1650,
    "ir": 856
  },
  {
    "timestamp": 46.4250048828125,
    "red": 1649,
    "ir": 861
  },
  {
    "timestamp": 46.5450048828125,
    "red": 1648,
    "ir": 849
  },
  {
    "timestamp": 46.6650048828125,
    "red": 1644,
    "ir": 860
  },
  {
    "timestamp": 46.7850048828125,
    "red": 1646,
    "ir": 857
  },
  {
    "timestamp": 46.9050048828125,
    "red": 1648,
    "ir": 859
  },
  {
    "timestamp": 47.0250048828125,
    "red": 1650,
    "ir": 857
  },
  {
    "timestamp": 47.1450048828125,
    "red": 1652,
    "ir": 859
  },
  {
    "timestamp": 47.2650048828125,
    "red": 1651,
    "ir": 857
  },
  {
    "timestamp": 47.3850048828125,
    "red": 1643,
    "ir": 860
  },
  {
    "timestamp": 47.5050048828125,
    "red": 1651,
    "ir": 860
  },
  {
    "timestamp": 47.6250048828125,
    "red": 1646,
    "ir": 858
  },
  {
    "timestamp": 47.7450048828125,
    "red": 1649,
    "ir": 864
  },
  {
    "timestamp": 47.8650048828125,
    "red": 1647,
    "ir": 856
  },
  {
    "timestamp": 47.9850048828125,
    "red": 1644,
    "ir": 859
  },
  {
    "timestamp": 48.1050048828125,
    "red": 1652,
    "ir": 859
  },
  {
    "timestamp": 48.2250048828125,
    "red": 1645,
    "ir": 864
  },
  {
    "timestamp": 48.3450048828125,
    "red": 1643,
    "ir": 860
  },
  {
    "timestamp": 48.4650048828125,
    "red": 1647,
    "ir": 859
  },
  {
    "timestamp": 48.5850048828125,
    "red": 1647,
    "ir": 860
  },
  {
    "timestamp": 48.7050048828125,
    "red": 1649,
    "ir": 862
  },
  {
    "timestamp": 48.8250048828125,
    "red": 1645,
    "ir": 863
  },
  {
    "timestamp": 46.14619262695312,
    "red": 1645,
    "ir": 858
  },
  {
    "timestamp": 46.26619262695313,
    "red": 1647,
    "ir": 863
  },
  {
    "timestamp": 46.386192626953125,
    "red": 1648,
    "ir": 861
  },
  {
    "timestamp": 46.50619262695312,
    "red": 1646,
    "ir": 859
  },
  {
    "timestamp": 46.62619262695313,
    "red": 1648,
    "ir": 858
  },
  {
    "timestamp": 46.746192626953125,
    "red": 1646,
    "ir": 861
  },
  {
    "timestamp": 46.86619262695312,
    "red": 1647,
    "ir": 860
  },
  {
    "timestamp": 46.98619262695313,
    "red": 1649,
    "ir": 862
  },
  {
    "timestamp": 47.106192626953124,
    "red": 1647,
    "ir": 857
  },
  {
    "timestamp": 47.22619262695312,
    "red": 1647,
    "ir": 857
  },
  {
    "timestamp": 47.346192626953126,
    "red": 1648,
    "ir": 860
  },
  {
    "timestamp": 47.466192626953124,
    "red": 1645,
    "ir": 858
  },
  {
    "timestamp": 47.58619262695313,
    "red": 1647,
    "ir": 858
  },
  {
    "timestamp": 47.706192626953126,
    "red": 1647,
    "ir": 862
  },
  {
    "timestamp": 47.82619262695312,
    "red": 1648,
    "ir": 861
  },
  {
    "timestamp": 47.94619262695313,
    "red": 1646,
    "ir": 859
  },
  {
    "timestamp": 48.066192626953125,
    "red": 1645,
    "ir": 858
  },
  {
    "timestamp": 48.18619262695312,
    "red": 1649,
    "ir": 859
  },
  {
    "timestamp": 48.30619262695313,
    "red": 1647,
    "ir": 857
  },
  {
    "timestamp": 48.426192626953124,
    "red": 1646,
    "ir": 859
  },
  {
    "timestamp": 48.54619262695312,
    "red": 1647,
    "ir": 862
  },
  {
    "timestamp": 48.666192626953126,
    "red": 1644,
    "ir": 861
  },
  {
    "timestamp": 48.786192626953124,
    "red": 1645,
    "ir": 861
  },
  {
    "timestamp": 48.90619262695313,
    "red": 1648,
    "ir": 859
  },
  {
    "timestamp": 49.026192626953126,
    "red": 1650,
    "ir": 858
  },
  {
    "timestamp": 49.14619262695312,
    "red": 1647,
    "ir": 858
  },
  {
    "timestamp": 49.26619262695313,
    "red": 1647,
    "ir": 859
  },
  {
    "timestamp": 49.386192626953125,
    "red": 1645,
    "ir": 859
  },
  {
    "timestamp": 46.70734985351562,
    "red": 1648,
    "ir": 857
  },
  {
    "timestamp": 46.82734985351563,
    "red": 1650,
    "ir": 860
  },
  {
    "timestamp": 46.947349853515625,
    "red": 1646,
    "ir": 860
  },
  {
    "timestamp": 47.06734985351562,
    "red": 1648,
    "ir": 862
  },
  {
    "timestamp": 47.18734985351563,
    "red": 1650,
    "ir": 856
  },
  {
    "timestamp": 47.307349853515625,
    "red": 1647,
    "ir": 857
  },
  {
    "timestamp": 47.42734985351562,
    "red": 1649,
    "ir": 858
  },
  {
    "timestamp": 47.54734985351563,
    "red": 1649,
    "ir": 861
  },
  {
    "timestamp": 47.667349853515624,
    "red": 1649,
    "ir": 858
  },
  {
    "timestamp": 47.78734985351562,
    "red": 1648,
    "ir": 858
  },
  {
    "timestamp": 47.907349853515626,
    "red": 1651,
    "ir": 859
  },
  {
    "timestamp": 48.027349853515624,
    "red": 1647,
    "ir": 861
  },
  {
    "timestamp": 48.14734985351563,
    "red": 1649,
    "ir": 858
  },
  {
    "timestamp": 48.267349853515626,
    "red": 1649,
    "ir": 857
  },
  {
    "timestamp": 48.38734985351562,
    "red": 1648,
    "ir": 863
  },
  {
    "timestamp": 48.50734985351563,
    "red": 1648,
    "ir": 862
  },
  {
    "timestamp": 48.627349853515625,
    "red": 1649,
    "ir": 856
  },
  {
    "timestamp": 48.74734985351562,
    "red": 1647,
    "ir": 860
  },
  {
    "timestamp": 48.86734985351563,
    "red": 1644,
    "ir": 860
  },
  {
    "timestamp": 48.987349853515624,
    "red": 1648,
    "ir": 860
  },
  {
    "timestamp": 49.10734985351562,
    "red": 1644,
    "ir": 859
  },
  {
    "timestamp": 49.227349853515626,
    "red": 1646,
    "ir": 859
  },
  {
    "timestamp": 49.347349853515624,
    "red": 1648,
    "ir": 856
  },
  {
    "timestamp": 49.46734985351563,
    "red": 1648,
    "ir": 858
  },
  {
    "timestamp": 49.587349853515626,
    "red": 1644,
    "ir": 859
  },
  {
    "timestamp": 49.70734985351562,
    "red": 1648,
    "ir": 860
  },
  {
    "timestamp": 49.82734985351563,
    "red": 1645,
    "ir": 860
  },
  {
    "timestamp": 49.947349853515625,
    "red": 1644,
    "ir": 860
  },
  {
    "timestamp": 47.2684765625,
    "red": 1645,
    "ir": 858
  },
  {
    "timestamp": 47.3884765625,
    "red": 1647,
    "ir": 860
  },
  {
    "timestamp": 47.5084765625,
    "red": 1648,
    "ir": 856
  },
  {
    "timestamp": 47.6284765625,
    "red": 1646,
    "ir": 859
  },
  {
    "timestamp": 47.7484765625,
    "red": 1648,
    "ir": 856
  },
  {
    "timestamp": 47.8684765625,
    "red": 1645,
    "ir": 861
  },
  {
    "timestamp": 47.9884765625,
    "red": 1649,
    "ir": 861
  },
  {
    "timestamp": 48.1084765625,
    "red": 1644,
    "ir": 855
  },
  {
    "timestamp": 48.2284765625,
    "red": 1646,
    "ir": 860
  },
  {
    "timestamp": 48.3484765625,
    "red": 1644,
    "ir": 859
  },
  {
    "timestamp": 48.4684765625,
    "red": 1650,
    "ir": 859
  },
  {
    "timestamp": 48.5884765625,
    "red": 1648,
    "ir": 859
  },
  {
    "timestamp": 48.7084765625,
    "red": 1646,
    "ir": 860
  },
  {
    "timestamp": 48.8284765625,
    "red": 1646,
    "ir": 856
  },
  {
    "timestamp": 48.9484765625,
    "red": 1648,
    "ir": 859
  },
  {
    "timestamp": 49.0684765625,
    "red": 1645,
    "ir": 860
  },
  {
    "timestamp": 49.1884765625,
    "red": 1647,
    "ir": 848
  },
  {
    "timestamp": 49.3084765625,
    "red": 1643,
    "ir": 860
  },
  {
    "timestamp": 49.4284765625,
    "red": 1645,
    "ir": 861
  },
  {
    "timestamp": 49.5484765625,
    "red": 1647,
    "ir": 858
  },
  {
    "timestamp": 49.6684765625,
    "red": 1649,
    "ir": 858
  },
  {
    "timestamp": 49.7884765625,
    "red": 1649,
    "ir": 860
  },
  {
    "timestamp": 49.9084765625,
    "red": 1646,
    "ir": 858
  },
  {
    "timestamp": 50.0284765625,
    "red": 1645,
    "ir": 861
  },
  {
    "timestamp": 50.1484765625,
    "red": 1648,
    "ir": 859
  },
  {
    "timestamp": 50.2684765625,
    "red": 1642,
    "ir": 860
  },
  {
    "timestamp": 50.3884765625,
    "red": 1647,
    "ir": 858
  },
  {
    "timestamp": 50.5084765625,
    "red": 1646,
    "ir": 862
  },
  {
    "timestamp": 47.82966430664062,
    "red": 1644,
    "ir": 857
  },
  {
    "timestamp": 47.94966430664063,
    "red": 1647,
    "ir": 859
  },
  {
    "timestamp": 48.069664306640625,
    "red": 1648,
    "ir": 861
  },
  {
    "timestamp": 48.18966430664062,
    "red": 1642,
    "ir": 859
  },
  {
    "timestamp": 48.30966430664063,
    "red": 1645,
    "ir": 856
  },
  {
    "timestamp": 48.429664306640625,
    "red": 1648,
    "ir": 863
  },
  {
    "timestamp": 48.54966430664062,
    "red": 1647,
    "ir": 863
  },
  {
    "timestamp": 48.66966430664063,
    "red": 1650,
    "ir": 860
  },
  {
    "timestamp": 48.789664306640624,
    "red": 1646,
    "ir": 857
  },
  {
    "timestamp": 48.90966430664062,
    "red": 1648,
    "ir": 861
  },
  {
    "timestamp": 49.029664306640626,
    "red": 1647,
    "ir": 863
  },
  {
    "timestamp": 49.149664306640624,
    "red": 1648,
    "ir": 859
  },
  {
    "timestamp": 49.26966430664063,
    "red": 1645,
    "ir": 858
  },
  {
    "timestamp": 49.389664306640626,
    "red": 1649,
    "ir": 861
  },
  {
    "timestamp": 49.50966430664062,
    "red": 1650,
    "ir": 857
  },
  {
    "timestamp": 49.62966430664063,
    "red": 1646,
    "ir": 856
  },
  {
    "timestamp": 49.749664306640625,
    "red": 1649,
    "ir": 861
  },
  {
    "timestamp": 49.86966430664062,
    "red": 1650,
    "ir": 861
  },
  {
    "timestamp": 49.98966430664063,
    "red": 1643,
    "ir": 859
  },
  {
    "timestamp": 50.109664306640624,
    "red": 1644,
    "ir": 858
  },
  {
    "timestamp": 50.22966430664062,
    "red": 1648,
    "ir": 861
  },
  {
    "timestamp": 50.349664306640626,
    "red": 1644,
    "ir": 860
  },
  {
    "timestamp": 50.469664306640624,
    "red": 1647,
    "ir": 859
  },
  {
    "timestamp": 50.58966430664063,
    "red": 1646,
    "ir": 861
  },
  {
    "timestamp": 50.709664306640626,
    "red": 1648,
    "ir": 858
  },
  {
    "timestamp": 50.82966430664062,
    "red": 1646,
    "ir": 859
  },
  {
    "timestamp": 50.94966430664063,
    "red": 1644,
    "ir": 863
  },
  {
    "timestamp": 51.069664306640625,
    "red": 1649,
    "ir": 855
  },
  {
    "timestamp": 48.39082153320312,
    "red": 1648,
    "ir": 858
  },
  {
    "timestamp": 48.51082153320313,
    "red": 1640,
    "ir": 859
  },
  {
    "timestamp": 48.630821533203125,
    "red": 1647,
    "ir": 859
  },
  {
    "timestamp": 48.75082153320312,
    "red": 1645,
    "ir": 861
  },
  {
    "timestamp": 48.87082153320313,
    "red": 1650,
    "ir": 858
  },
  {
    "timestamp": 48.990821533203125,
    "red": 1646,
    "ir": 861
  },
  {
    "timestamp": 49.11082153320312,
    "red": 1646,
    "ir": 861
  },
  {
    "timestamp": 49.23082153320313,
    "red": 1645,
    "ir": 858
  },
  {
    "timestamp": 49.350821533203124,
    "red": 1644,
    "ir": 854
  },
  {
    "timestamp": 49.47082153320312,
    "red": 1648,
    "ir": 862
  },
  {
    "timestamp": 49.590821533203126,
    "red": 1649,
    "ir": 859
  },
  {
    "timestamp": 49.710821533203124,
    "red": 1644,
    "ir": 858
  },
  {
    "timestamp": 49.83082153320313,
    "red": 1640,
    "ir": 862
  },
  {
    "timestamp": 49.950821533203126,
    "red": 1647,
    "ir": 857
  },
  {
    "timestamp": 50.07082153320312,
    "red": 1648,
    "ir": 860
  },
  {
    "timestamp": 50.19082153320313,
    "red": 1645,
    "ir": 856
  },
  {
    "timestamp": 50.310821533203125,
    "red": 1644,
    "ir": 859
  },
  {
    "timestamp": 50.43082153320312,
    "red": 1645,
    "ir": 857
  },
  {
    "timestamp": 50.55082153320313,
    "red": 1646,
    "ir": 859
  },
  {
    "timestamp": 50.670821533203124,
    "red": 1648,
    "ir": 857
  },
  {
    "timestamp": 50.79082153320312,
    "red": 1645,
    "ir": 858
  },
  {
    "timestamp": 50.910821533203126,
    "red": 1646,
    "ir": 854
  },
  {
    "timestamp": 51.030821533203124,
    "red": 1644,
    "ir": 856
  },
  {
    "timestamp": 51.15082153320313,
    "red": 1645,
    "ir": 859
  },
  {
    "timestamp": 51.270821533203126,
    "red": 1649,
    "ir": 862
  },
  {
    "timestamp": 51.39082153320312,
    "red": 1647,
    "ir": 859
  },
  {
    "timestamp": 51.51082153320313,
    "red": 1648,
    "ir": 858
  },
  {
    "timestamp": 51.630821533203125,
    "red": 1648,
    "ir": 856
  },
  {
    "timestamp": 48.95197875976562,
    "red": 1648,
    "ir": 856
  },
  {
    "timestamp": 49.07197875976563,
    "red": 1647,
    "ir": 855
  },
  {
    "timestamp": 49.191978759765625,
    "red": 1647,
    "ir": 859
  },
  {
    "timestamp": 49.31197875976562,
    "red": 1646,
    "ir": 862
  },
  {
    "timestamp": 49.43197875976563,
    "red": 1648,
    "ir": 858
  },
  {
    "timestamp": 49.551978759765625,
    "red": 1646,
    "ir": 859
  },
  {
    "timestamp": 49.67197875976562,
    "red": 1647,
    "ir": 860
  },
  {
    "timestamp": 49.79197875976563,
    "red": 1647,
    "ir": 859
  },
  {
    "timestamp": 49.911978759765624,
    "red": 1646,
    "ir": 858
  },
  {
    "timestamp": 50.03197875976562,
    "red": 1646,
    "ir": 861
  },
  {
    "timestamp": 50.151978759765626,
    "red": 1648,
    "ir": 857
  },
  {
    "timestamp": 50.271978759765624,
    "red": 1650,
    "ir": 859
  },
  {
    "timestamp": 50.39197875976563,
    "red": 1641,
    "ir": 858
  },
  {
    "timestamp": 50.511978759765626,
    "red": 1648,
    "ir": 856
  },
  {
    "timestamp": 50.63197875976562,
    "red": 1643,
    "ir": 857
  },
  {
    "timestamp": 50.75197875976563,
    "red": 1646,
    "ir": 859
  },
  {
    "timestamp": 50.871978759765625,
    "red": 1646,
    "ir": 858
  },
  {
    "timestamp": 50.99197875976562,
    "red": 1645,
    "ir": 857
  },
  {
    "timestamp": 51.11197875976563,
    "red": 1647,
    "ir": 860
  },
  {
    "timestamp": 51.231978759765624,
    "red": 1645,
    "ir": 861
  },
  {
    "timestamp": 51.35197875976562,
    "red": 1648,
    "ir": 856
  },
  {
    "timestamp": 51.471978759765626,
    "red": 1645,
    "ir": 858
  },
  {
    "timestamp": 51.591978759765624,
    "red": 1645,
    "ir": 858
  },
  {
    "timestamp": 51.71197875976563,
    "red": 1645,
    "ir": 856
  },
  {
    "timestamp": 51.831978759765626,
    "red": 1646,
    "ir": 859
  },
  {
    "timestamp": 51.95197875976562,
    "red": 1647,
    "ir": 857
  },
  {
    "timestamp": 52.07197875976563,
    "red": 1646,
    "ir": 858
  },
  {
    "timestamp": 52.191978759765625,
    "red": 1646,
    "ir": 858
  },
  {
    "timestamp": 49.51310546875,
    "red": 1647,
    "ir": 857
  },
  {
    "timestamp": 49.63310546875,
    "red": 1645,
    "ir": 864
  },
  {
    "timestamp": 49.75310546875,
    "red": 1644,
    "ir": 857
  },
  {
    "timestamp": 49.87310546875,
    "red": 1644,
    "ir": 860
  },
  {
    "timestamp": 49.99310546875,
    "red": 1642,
    "ir": 860
  },
  {
    "timestamp": 50.11310546875,
    "red": 1644,
    "ir": 857
  },
  {
    "timestamp": 50.23310546875,
    "red": 1645,
    "ir": 858
  },
  {
    "timestamp": 50.35310546875,
    "red": 1653,
    "ir": 858
  },
  {
    "timestamp": 50.47310546875,
    "red": 1647,
    "ir": 859
  },
  {
    "timestamp": 50.59310546875,
    "red": 1644,
    "ir": 860
  },
  {
    "timestamp": 50.71310546875,
    "red": 1646,
    "ir": 857
  },
  {
    "timestamp": 50.83310546875,
    "red": 1642,
    "ir": 858
  },
  {
    "timestamp": 50.95310546875,
    "red": 1644,
    "ir": 859
  },
  {
    "timestamp": 51.07310546875,
    "red": 1648,
    "ir": 862
  },
  {
    "timestamp": 51.19310546875,
    "red": 1646,
    "ir": 860
  },
  {
    "timestamp": 51.31310546875,
    "red": 1644,
    "ir": 860
  },
  {
    "timestamp": 51.43310546875,
    "red": 1645,
    "ir": 859
  },
  {
    "timestamp": 51.55310546875,
    "red": 1645,
    "ir": 857
  },
  {
    "timestamp": 51.67310546875,
    "red": 1647,
    "ir": 858
  },
  {
    "timestamp": 51.79310546875,
    "red": 1645,
    "ir": 862
  },
  {
    "timestamp": 51.91310546875,
    "red": 1645,
    "ir": 858
  },
  {
    "timestamp": 52.03310546875,
    "red": 1643,
    "ir": 861
  },
  {
    "timestamp": 52.15310546875,
    "red": 1648,
    "ir": 859
  },
  {
    "timestamp": 52.27310546875,
    "red": 1649,
    "ir": 860
  },
  {
    "timestamp": 52.39310546875,
    "red": 1645,
    "ir": 859
  },
  {
    "timestamp": 52.51310546875,
    "red": 1643,
    "ir": 860
  },
  {
    "timestamp": 52.63310546875,
    "red": 1649,
    "ir": 861
  },
  {
    "timestamp": 52.75310546875,
    "red": 1646,
    "ir": 858
  },
  {
    "timestamp": 50.07423217773437,
    "red": 1644,
    "ir": 856
  },
  {
    "timestamp": 50.19423217773438,
    "red": 1642,
    "ir": 857
  },
  {
    "timestamp": 50.314232177734375,
    "red": 1645,
    "ir": 858
  },
  {
    "timestamp": 50.43423217773437,
    "red": 1646,
    "ir": 856
  },
  {
    "timestamp": 50.55423217773438,
    "red": 1645,
    "ir": 856
  },
  {
    "timestamp": 50.674232177734375,
    "red": 1646,
    "ir": 857
  },
  {
    "timestamp": 50.79423217773437,
    "red": 1648,
    "ir": 856
  },
  {
    "timestamp": 50.91423217773438,
    "red": 1644,
    "ir": 856
  },
  {
    "timestamp": 51.034232177734374,
    "red": 1648,
    "ir": 859
  },
  {
    "timestamp": 51.15423217773437,
    "red": 1645,
    "ir": 862
  },
  {
    "timestamp": 51.274232177734376,
    "red": 1645,
    "ir": 859
  },
  {
    "timestamp": 51.394232177734374,
    "red": 1649,
    "ir": 857
  },
  {
    "timestamp": 51.51423217773438,
    "red": 1644,
    "ir": 862
  },
  {
    "timestamp": 51.634232177734376,
    "red": 1644,
    "ir": 858
  },
  {
    "timestamp": 51.75423217773437,
    "red": 1648,
    "ir": 859
  },
  {
    "timestamp": 51.87423217773438,
    "red": 1647,
    "ir": 859
  },
  {
    "timestamp": 51.994232177734375,
    "red": 1649,
    "ir": 853
  },
  {
    "timestamp": 52.11423217773437,
    "red": 1647,
    "ir": 860
  },
  {
    "timestamp": 52.23423217773438,
    "red": 1648,
    "ir": 858
  },
  {
    "timestamp": 52.354232177734374,
    "red": 1647,
    "ir": 859
  },
  {
    "timestamp": 52.47423217773437,
    "red": 1644,
    "ir": 859
  },
  {
    "timestamp": 52.594232177734376,
    "red": 1648,
    "ir": 861
  },
  {
    "timestamp": 52.714232177734374,
    "red": 1645,
    "ir": 857
  },
  {
    "timestamp": 52.83423217773438,
    "red": 1647,
    "ir": 860
  },
  {
    "timestamp": 52.954232177734376,
    "red": 1649,
    "ir": 859
  },
  {
    "timestamp": 53.07423217773437,
    "red": 1649,
    "ir": 858
  },
  {
    "timestamp": 53.19423217773438,
    "red": 1648,
    "ir": 861
  },
  {
    "timestamp": 53.314232177734375,
    "red": 1644,
    "ir": 859
  },
  {
    "timestamp": 50.635419921875,
    "red": 1645,
    "ir": 861
  },
  {
    "timestamp": 50.755419921875,
    "red": 1646,
    "ir": 857
  },
  {
    "timestamp": 50.875419921875,
    "red": 1648,
    "ir": 859
  },
  {
    "timestamp": 50.995419921875,
    "red": 1645,
    "ir": 858
  },
  {
    "timestamp": 51.115419921875,
    "red": 1646,
    "ir": 858
  },
  {
    "timestamp": 51.235419921875,
    "red": 1645,
    "ir": 858
  },
  {
    "timestamp": 51.355419921875,
    "red": 1648,
    "ir": 859
  },
  {
    "timestamp": 51.475419921875,
    "red": 1647,
    "ir": 859
  },
  {
    "timestamp": 51.595419921875,
    "red": 1648,
    "ir": 858
  },
  {
    "timestamp": 51.715419921875,
    "red": 1643,
    "ir": 859
  },
  {
    "timestamp": 51.835419921875,
    "red": 1648,
    "ir": 859
  },
  {
    "timestamp": 51.955419921875,
    "red": 1643,
    "ir": 856
  },
  {
    "timestamp": 52.075419921875,
    "red": 1645,
    "ir": 857
  },
  {
    "timestamp": 52.195419921875,
    "red": 1647,
    "ir": 855
  },
  {
    "timestamp": 52.315419921875,
    "red": 1649,
    "ir": 862
  },
  {
    "timestamp": 52.435419921875,
    "red": 1647,
    "ir": 856
  },
  {
    "timestamp": 52.555419921875,
    "red": 1646,
    "ir": 861
  },
  {
    "timestamp": 52.675419921875,
    "red": 1645,
    "ir": 857
  },
  {
    "timestamp": 52.795419921875,
    "red": 1646,
    "ir": 861
  },
  {
    "timestamp": 52.915419921875,
    "red": 1650,
    "ir": 859
  },
  {
    "timestamp": 53.035419921875,
    "red": 1643,
    "ir": 856
  },
  {
    "timestamp": 53.155419921875,
    "red": 1646,
    "ir": 859
  },
  {
    "timestamp": 53.275419921875,
    "red": 1645,
    "ir": 858
  },
  {
    "timestamp": 53.395419921875,
    "red": 1643,
    "ir": 860
  },
  {
    "timestamp": 53.515419921875,
    "red": 1647,
    "ir": 859
  },
  {
    "timestamp": 53.635419921875,
    "red": 1649,
    "ir": 859
  },
  {
    "timestamp": 53.755419921875,
    "red": 1649,
    "ir": 863
  },
  {
    "timestamp": 53.875419921875,
    "red": 1645,
    "ir": 859
  },
  {
    "timestamp": 51.19666870117187,
    "red": 1650,
    "ir": 858
  },
  {
    "timestamp": 51.31666870117188,
    "red": 1642,
    "ir": 858
  },
  {
    "timestamp": 51.436668701171875,
    "red": 1647,
    "ir": 859
  },
  {
    "timestamp": 51.55666870117187,
    "red": 1647,
    "ir": 861
  },
  {
    "timestamp": 51.67666870117188,
    "red": 1646,
    "ir": 856
  },
  {
    "timestamp": 51.796668701171875,
    "red": 1646,
    "ir": 859
  },
  {
    "timestamp": 51.91666870117187,
    "red": 1647,
    "ir": 859
  },
  {
    "timestamp": 52.03666870117188,
    "red": 1644,
    "ir": 858
  },
  {
    "timestamp": 52.156668701171874,
    "red": 1645,
    "ir": 861
  },
  {
    "timestamp": 52.27666870117187,
    "red": 1646,
    "ir": 860
  },
  {
    "timestamp": 52.396668701171876,
    "red": 1646,
    "ir": 859
  },
  {
    "timestamp": 52.516668701171874,
    "red": 1648,
    "ir": 860
  },
  {
    "timestamp": 52.63666870117188,
    "red": 1643,
    "ir": 859
  },
  {
    "timestamp": 52.756668701171876,
    "red": 1647,
    "ir": 862
  },
  {
    "timestamp": 52.87666870117187,
    "red": 1644,
    "ir": 856
  },
  {
    "timestamp": 52.99666870117188,
    "red": 1647,
    "ir": 859
  },
  {
    "timestamp": 53.116668701171875,
    "red": 1647,
    "ir": 860
  },
  {
    "timestamp": 53.23666870117187,
    "red": 1648,
    "ir": 860
  },
  {
    "timestamp": 53.35666870117188,
    "red": 1649,
    "ir": 860
  },
  {
    "timestamp": 53.476668701171874,
    "red": 1644,
    "ir": 861
  },
  {
    "timestamp": 53.59666870117187,
    "red": 1644,
    "ir": 861
  },
  {
    "timestamp": 53.716668701171876,
    "red": 1647,
    "ir": 860
  },
  {
    "timestamp": 53.836668701171874,
    "red": 1646,
    "ir": 857
  },
  {
    "timestamp": 53.95666870117188,
    "red": 1650,
    "ir": 859
  },
  {
    "timestamp": 54.076668701171876,
    "red": 1643,
    "ir": 861
  },
  {
    "timestamp": 54.19666870117187,
    "red": 1647,
    "ir": 857
  },
  {
    "timestamp": 54.31666870117188,
    "red": 1644,
    "ir": 859
  },
  {
    "timestamp": 54.436668701171875,
    "red": 1645,
    "ir": 860
  },
  {
    "timestamp": 51.75776489257812,
    "red": 1642,
    "ir": 859
  },
  {
    "timestamp": 51.87776489257813,
    "red": 1647,
    "ir": 862
  },
  {
    "timestamp": 51.997764892578125,
    "red": 1646,
    "ir": 861
  },
  {
    "timestamp": 52.11776489257812,
    "red": 1646,
    "ir": 860
  },
  {
    "timestamp": 52.23776489257813,
    "red": 1641,
    "ir": 860
  },
  {
    "timestamp": 52.357764892578125,
    "red": 1645,
    "ir": 856
  },
  {
    "timestamp": 52.47776489257812,
    "red": 1646,
    "ir": 859
  },
  {
    "timestamp": 52.59776489257813,
    "red": 1645,
    "ir": 856
  },
  {
    "timestamp": 52.717764892578124,
    "red": 1645,
    "ir": 858
  },
  {
    "timestamp": 52.83776489257812,
    "red": 1644,
    "ir": 862
  },
  {
    "timestamp": 52.957764892578126,
    "red": 1645,
    "ir": 857
  },
  {
    "timestamp": 53.077764892578124,
    "red": 1646,
    "ir": 855
  },
  {
    "timestamp": 53.19776489257813,
    "red": 1647,
    "ir": 860
  },
  {
    "timestamp": 53.317764892578126,
    "red": 1645,
    "ir": 856
  },
  {
    "timestamp": 53.43776489257812,
    "red": 1649,
    "ir": 857
  },
  {
    "timestamp": 53.55776489257813,
    "red": 1645,
    "ir": 858
  },
  {
    "timestamp": 53.677764892578125,
    "red": 1645,
    "ir": 862
  },
  {
    "timestamp": 53.79776489257812,
    "red": 1647,
    "ir": 859
  },
  {
    "timestamp": 53.91776489257813,
    "red": 1649,
    "ir": 861
  },
  {
    "timestamp": 54.037764892578124,
    "red": 1650,
    "ir": 856
  },
  {
    "timestamp": 54.15776489257812,
    "red": 1646,
    "ir": 857
  },
  {
    "timestamp": 54.277764892578126,
    "red": 1647,
    "ir": 859
  },
  {
    "timestamp": 54.397764892578124,
    "red": 1645,
    "ir": 856
  },
  {
    "timestamp": 54.51776489257813,
    "red": 1644,
    "ir": 863
  },
  {
    "timestamp": 54.637764892578126,
    "red": 1646,
    "ir": 859
  },
  {
    "timestamp": 54.75776489257812,
    "red": 1646,
    "ir": 856
  },
  {
    "timestamp": 54.87776489257813,
    "red": 1645,
    "ir": 861
  },
  {
    "timestamp": 54.997764892578125,
    "red": 1643,
    "ir": 859
  },
  {
    "timestamp": 52.31898315429687,
    "red": 1646,
    "ir": 860
  },
  {
    "timestamp": 52.43898315429688,
    "red": 1648,
    "ir": 861
  },
  {
    "timestamp": 52.558983154296875,
    "red": 1649,
    "ir": 857
  },
  {
    "timestamp": 52.67898315429687,
    "red": 1649,
    "ir": 861
  },
  {
    "timestamp": 52.79898315429688,
    "red": 1647,
    "ir": 859
  },
  {
    "timestamp": 52.918983154296875,
    "red": 1648,
    "ir": 861
  },
  {
    "timestamp": 53.03898315429687,
    "red": 1649,
    "ir": 861
  },
  {
    "timestamp": 53.15898315429688,
    "red": 1641,
    "ir": 858
  },
  {
    "timestamp": 53.278983154296874,
    "red": 1649,
    "ir": 856
  },
  {
    "timestamp": 53.39898315429687,
    "red": 1648,
    "ir": 858
  },
  {
    "timestamp": 53.518983154296876,
    "red": 1644,
    "ir": 863
  },
  {
    "timestamp": 53.638983154296874,
    "red": 1648,
    "ir": 859
  },
  {
    "timestamp": 53.75898315429688,
    "red": 1648,
    "ir": 860
  },
  {
    "timestamp": 53.878983154296876,
    "red": 1643,
    "ir": 860
  },
  {
    "timestamp": 53.99898315429687,
    "red": 1646,
    "ir": 858
  },
  {
    "timestamp": 54.11898315429688,
    "red": 1646,
    "ir": 859
  },
  {
    "timestamp": 54.238983154296875,
    "red": 1647,
    "ir": 862
  },
  {
    "timestamp": 54.35898315429687,
    "red": 1646,
    "ir": 857
  },
  {
    "timestamp": 54.47898315429688,
    "red": 1648,
    "ir": 858
  },
  {
    "timestamp": 54.598983154296874,
    "red": 1649,
    "ir": 858
  },
  {
    "timestamp": 54.71898315429687,
    "red": 1649,
    "ir": 862
  },
  {
    "timestamp": 54.838983154296876,
    "red": 1648,
    "ir": 860
  },
  {
    "timestamp": 54.958983154296874,
    "red": 1645,
    "ir": 857
  },
  {
    "timestamp": 55.07898315429688,
    "red": 1646,
    "ir": 860
  },
  {
    "timestamp": 55.198983154296876,
    "red": 1649,
    "ir": 860
  },
  {
    "timestamp": 55.31898315429687,
    "red": 1648,
    "ir": 858
  },
  {
    "timestamp": 55.43898315429688,
    "red": 1645,
    "ir": 858
  },
  {
    "timestamp": 55.558983154296875,
    "red": 1647,
    "ir": 858
  },
  {
    "timestamp": 52.88014038085937,
    "red": 1644,
    "ir": 857
  },
  {
    "timestamp": 53.00014038085938,
    "red": 1649,
    "ir": 860
  },
  {
    "timestamp": 53.120140380859375,
    "red": 1646,
    "ir": 857
  },
  {
    "timestamp": 53.24014038085937,
    "red": 1649,
    "ir": 864
  },
  {
    "timestamp": 53.36014038085938,
    "red": 1648,
    "ir": 861
  },
  {
    "timestamp": 53.480140380859375,
    "red": 1646,
    "ir": 862
  },
  {
    "timestamp": 53.60014038085937,
    "red": 1648,
    "ir": 862
  },
  {
    "timestamp": 53.72014038085938,
    "red": 1645,
    "ir": 860
  },
  {
    "timestamp": 53.840140380859374,
    "red": 1647,
    "ir": 857
  },
  {
    "timestamp": 53.96014038085937,
    "red": 1648,
    "ir": 857
  },
  {
    "timestamp": 54.080140380859376,
    "red": 1649,
    "ir": 858
  },
  {
    "timestamp": 54.200140380859374,
    "red": 1648,
    "ir": 859
  },
  {
    "timestamp": 54.32014038085938,
    "red": 1647,
    "ir": 860
  },
  {
    "timestamp": 54.440140380859376,
    "red": 1645,
    "ir": 859
  },
  {
    "timestamp": 54.56014038085937,
    "red": 1649,
    "ir": 860
  },
  {
    "timestamp": 54.68014038085938,
    "red": 1647,
    "ir": 858
  },
  {
    "timestamp": 54.800140380859375,
    "red": 1644,
    "ir": 858
  },
  {
    "timestamp": 54.92014038085937,
    "red": 1647,
    "ir": 857
  },
  {
    "timestamp": 55.04014038085938,
    "red": 1649,
    "ir": 858
  },
  {
    "timestamp": 55.160140380859374,
    "red": 1644,
    "ir": 864
  },
  {
    "timestamp": 55.28014038085937,
    "red": 1648,
    "ir": 860
  },
  {
    "timestamp": 55.400140380859376,
    "red": 1649,
    "ir": 859
  },
  {
    "timestamp": 55.520140380859374,
    "red": 1647,
    "ir": 861
  },
  {
    "timestamp": 55.64014038085938,
    "red": 1650,
    "ir": 857
  },
  {
    "timestamp": 55.760140380859376,
    "red": 1650,
    "ir": 861
  },
  {
    "timestamp": 55.88014038085937,
    "red": 1645,
    "ir": 859
  },
  {
    "timestamp": 56.00014038085938,
    "red": 1648,
    "ir": 860
  },
  {
    "timestamp": 56.120140380859375,
    "red": 1645,
    "ir": 858
  },
  {
    "timestamp": 53.44126708984375,
    "red": 1646,
    "ir": 863
  },
  {
    "timestamp": 53.56126708984375,
    "red": 1648,
    "ir": 857
  },
  {
    "timestamp": 53.68126708984375,
    "red": 1642,
    "ir": 858
  },
  {
    "timestamp": 53.80126708984375,
    "red": 1645,
    "ir": 860
  },
  {
    "timestamp": 53.92126708984375,
    "red": 1649,
    "ir": 859
  },
  {
    "timestamp": 54.04126708984375,
    "red": 1645,
    "ir": 859
  },
  {
    "timestamp": 54.16126708984375,
    "red": 1648,
    "ir": 859
  },
  {
    "timestamp": 54.28126708984375,
    "red": 1645,
    "ir": 860
  },
  {
    "timestamp": 54.40126708984375,
    "red": 1648,
    "ir": 855
  },
  {
    "timestamp": 54.52126708984375,
    "red": 1648,
    "ir": 859
  },
  {
    "timestamp": 54.64126708984375,
    "red": 1645,
    "ir": 855
  },
  {
    "timestamp": 54.76126708984375,
    "red": 1649,
    "ir": 858
  },
  {
    "timestamp": 54.88126708984375,
    "red": 1644,
    "ir": 852
  },
  {
    "timestamp": 55.00126708984375,
    "red": 1648,
    "ir": 855
  },
  {
    "timestamp": 55.12126708984375,
    "red": 1646,
    "ir": 860
  },
  {
    "timestamp": 55.24126708984375,
    "red": 1650,
    "ir": 859
  },
  {
    "timestamp": 55.36126708984375,
    "red": 1645,
    "ir": 860
  },
  {
    "timestamp": 55.48126708984375,
    "red": 1646,
    "ir": 860
  },
  {
    "timestamp": 55.60126708984375,
    "red": 1649,
    "ir": 859
  },
  {
    "timestamp": 55.72126708984375,
    "red": 1645,
    "ir": 861
  },
  {
    "timestamp": 55.84126708984375,
    "red": 1643,
    "ir": 856
  },
  {
    "timestamp": 55.96126708984375,
    "red": 1648,
    "ir": 860
  },
  {
    "timestamp": 56.08126708984375,
    "red": 1646,
    "ir": 857
  },
  {
    "timestamp": 56.20126708984375,
    "red": 1647,
    "ir": 860
  },
  {
    "timestamp": 56.32126708984375,
    "red": 1644,
    "ir": 859
  },
  {
    "timestamp": 56.44126708984375,
    "red": 1647,
    "ir": 856
  },
  {
    "timestamp": 56.56126708984375,
    "red": 1646,
    "ir": 857
  },
  {
    "timestamp": 56.68126708984375,
    "red": 1645,
    "ir": 859
  }
]