[
  {
    "timestamp": 10.18023681640625,
    "red": 1173,
    "ir": 1009
  },
  {
    "timestamp": 10.20023681640625,
    "red": 1171,
    "ir": 1010
  },
  {
    "timestamp": 10.22023681640625,
    "red": 1175,
    "ir": 1015
  },
  {
    "timestamp": 10.24023681640625,
    "red": 1171,
    "ir": 1013
  },
  {
    "timestamp": 10.26023681640625,
    "red": 1175,
    "ir": 1010
  },
  {
    "timestamp": 10.28023681640625,
    "red": 1171,
    "ir": 1011
  },
  {
    "timestamp": 10.30023681640625,
    "red": 1173,
    "ir": 1010
  },
  {
    "timestamp": 10.32023681640625,
    "red": 1172,
    "ir": 1010
  },
  {
    "timestamp": 10.34023681640625,
    "red": 1172,
    "ir": 1014
  },
  {
    "timestamp": 10.36023681640625,
    "red": 1175,
    "ir": 1008
  },
  {
    "timestamp": 10.38023681640625,
    "red": 1174,
    "ir": 1007
  },
  {
    "timestamp": 10.40023681640625,
    "red": 1174,
    "ir": 1009
  },
  {
    "timestamp": 10.42023681640625,
    "red": 1176,
    "ir": 1013
  },
  {
    "timestamp": 10.44023681640625,
    "red": 1172,
    "ir": 1011
  },
  {
    "timestamp": 10.46023681640625,
    "red": 1173,
    "ir": 1012
  },
  {
    "timestamp": 10.48023681640625,
    "red": 1174,
    "ir": 1008
  },
  {
    "timestamp": 10.50023681640625,
    "red": 1172,
    "ir": 1011
  },
  {
    "timestamp": 10.52023681640625,
    "red": 1172,
    "ir": 1016
  },
  {
    "timestamp": 10.54023681640625,
    "red": 1171,
    "ir": 1010
  },
  {
    "timestamp": 10.56023681640625,
    "red": 1169,
    "ir": 1010
  },
  {
    "timestamp": 10.58023681640625,
    "red": 1175,
    "ir": 1015
  },
  {
    "timestamp": 10.60023681640625,
    "red": 1172,
    "ir": 1013
  },
  {
    "timestamp": 10.62023681640625,
    "red": 1175,
    "ir": 1009
  },
  {
    "timestamp": 10.64023681640625,
    "red": 1174,
    "ir": 1013
  },
  {
    "timestamp": 10.66023681640625,
    "red": 1174,
    "ir": 1014
  },
  {
    "timestamp": 10.68023681640625,
    "red": 1171,
    "ir": 1010
  },
  {
    "timestamp": 10.70023681640625,
    "red": 1175,
    "ir": 1011
  },
  {
    "timestamp": 10.72023681640625,
    "red": 1171,
    "ir": 1010
  },
  {
    "timestamp": 10.741485595703125,
    "red": 1174,
    "ir": 1011
  },
  {
    "timestamp": 10.761485595703125,
    "red": 1174,
    "ir": 1013
  },
  {
    "timestamp": 10.781485595703124,
    "red": 1175,
    "ir": 1009
  },
  {
    "timestamp": 10.801485595703125,
    "red": 1173,
    "ir": 1013
  },
  {
    "timestamp": 10.821485595703125,
    "red": 1173,
    "ir": 1011
  },
  {
    "timestamp": 10.841485595703125,
    "red": 1173,
    "ir": 1011
  },
  {
    "timestamp": 10.861485595703124,
    "red": 1177,
    "ir": 1015
  },
  {
    "timestamp": 10.881485595703126,
    "red": 1169,
    "ir": 1012
  },
  {
    "timestamp": 10.901485595703125,
    "red": 1171,
    "ir": 1008
  },
  {
    "timestamp": 10.921485595703125,
    "red": 1177,
    "ir": 1008
  },
  {
    "timestamp": 10.941485595703124,
    "red": 1172,
    "ir": 1013
  },
  {
    "timestamp": 10.961485595703126,
    "red": 1174,
    "ir": 1014
  },
  {
    "timestamp": 10.981485595703125,
    "red": 1176,
    "ir": 1009
  },
  {
    "timestamp": 11.001485595703125,
    "red": 1174,
    "ir": 1012
  },
  {
    "timestamp": 11.021485595703124,
    "red": 1171,
    "ir": 1010
  },
  {
    "timestamp": 11.041485595703126,
    "red": 1176,
    "ir": 1011
  },
  {
    "timestamp": 11.061485595703125,
    "red": 1173,
    "ir": 1013
  },
  {
    "timestamp": 11.081485595703125,
    "red": 1175,
    "ir": 1013
  },
  {
    "timestamp": 11.101485595703124,
    "red": 1170,
    "ir": 1013
  },
  {
    "timestamp": 11.121485595703126,
    "red": 1170,
    "ir": 1012
  },
  {
    "timestamp": 11.141485595703125,
    "red": 1173,
    "ir": 1011
  },
  {
    "timestamp": 11.161485595703125,
    "red": 1174,
    "ir": 1012
  },
  {
    "timestamp": 11.181485595703125,
    "red": 1172,
    "ir": 1012
  },
  {
    "timestamp": 11.201485595703126,
    "red": 1174,
    "ir": 1011
  },
  {
    "timestamp": 11.221485595703125,
    "red": 1170,
    "ir": 1002
  },
  {
    "timestamp": 11.241485595703125,
    "red": 1172,
    "ir": 1013
  },
  {
    "timestamp": 11.261485595703125,
    "red": 1171,
    "ir": 1008
  },
  {
    "timestamp": 11.281485595703124,
    "red": 1170,
    "ir": 1010
  },
  {
    "timestamp": 11.302764892578125,
    "red": 1174,
    "ir": 1012
  },
  {
    "timestamp": 11.322764892578125,
    "red": 1175,
    "ir": 1011
  },
  {
    "timestamp": 11.342764892578124,
    "red": 1174,
    "ir": 1009
  },
  {
    "timestamp": 11.362764892578125,
    "red": 1174,
    "ir": 1013
  },
  {
    "timestamp": 11.382764892578125,
    "red": 1175,
    "ir": 1011
  },
  {
    "timestamp": 11.402764892578125,
    "red": 1172,
    "ir": 1010
  },
  {
    "timestamp": 11.422764892578124,
    "red": 1172,
    "ir": 1011
  },
  {
    "timestamp": 11.442764892578126,
    "red": 1173,
    "ir": 1015
  },
  {
    "timestamp": 11.462764892578125,
    "red": 1177,
    "ir": 1011
  },
  {
    "timestamp": 11.482764892578125,
    "red": 1175,
    "ir": 1010
  },
  {
    "timestamp": 11.502764892578124,
    "red": 1170,
    "ir": 1010
  },
  {
    "timestamp": 11.522764892578126,
    "red": 1172,
    "ir": 1010
  },
  {
    "timestamp": 11.542764892578125,
    "red": 1173,
    "ir": 1014
  },
  {
    "timestamp": 11.562764892578125,
    "red": 1171,
    "ir": 1011
  },
  {
    "timestamp": 11.582764892578124,
    "red": 1172,
    "ir": 1014
  },
  {
    "timestamp": 11.602764892578126,
    "red": 1174,
    "ir": 1013
  },
  {
    "timestamp": 11.622764892578125,
    "red": 1170,
    "ir": 1010
  },
  {
    "timestamp": 11.642764892578125,
    "red": 1177,
    "ir": 1013
  },
  {
    "timestamp": 11.662764892578124,
    "red": 1175,
    "ir": 1009
  },
  {
    "timestamp": 11.682764892578126,
    "red": 1172,
    "ir": 1008
  },
  {
    "timestamp": 11.702764892578125,
    "red": 1174,
    "ir": 1010
  },
  {
    "timestamp": 11.722764892578125,
    "red": 1171,
    "ir": 1013
  },
  {
    "timestamp": 11.742764892578125,
    "red": 1173,
    "ir": 1013
  },
  {
    "timestamp": 11.762764892578126,
    "red": 1175,
    "ir": 1013
  },
  {
    "timestamp": 11.782764892578125,
    "red": 1172,
    "ir": 1011
  },
  {
    "timestamp": 11.802764892578125,
    "red": 1171,
    "ir": 1011
  },
  {
    "timestamp": 11.822764892578125,
    "red": 1172,
    "ir": 1009
  },
  {
    "timestamp": 11.842764892578124,
    "red": 1176,
    "ir": 1013
  },
  {
    "timestamp": 11.863983154296875,
    "red": 1171,
    "ir": 1017
  },
  {
    "timestamp": 11.883983154296875,
    "red": 1173,
    "ir": 1010
  },
  {
    "timestamp": 11.903983154296874,
    "red": 1171,
    "ir": 1013
  },
  {
    "timestamp": 11.923983154296875,
    "red": 1176,
    "ir": 1013
  },
  {
    "timestamp": 11.943983154296875,
    "red": 1170,
    "ir": 1014
  },
  {
    "timestamp": 11.963983154296875,
    "red": 1175,
    "ir": 1012
  },
  {
    "timestamp": 11.983983154296874,
    "red": 1175,
    "ir": 1005
  },
  {
    "timestamp": 12.003983154296876,
    "red": 1175,
    "ir": 1011
  },
  {
    "timestamp": 12.023983154296875,
    "red": 1176,
    "ir": 1010
  },
  {
    "timestamp": 12.043983154296875,
    "red": 1173,
    "ir": 1011
  },
  {
    "timestamp": 12.063983154296874,
    "red": 1174,
    "ir": 1006
  },
  {
    "timestamp": 12.083983154296876,
    "red": 1176,
    "ir": 1013
  },
  {
    "timestamp": 12.103983154296875,
    "red": 1177,
    "ir": 1014
  },
  {
    "timestamp": 12.123983154296875,
    "red": 1174,
    "ir": 1014
  },
  {
    "timestamp": 12.143983154296874,
    "red": 1172,
    "ir": 1012
  },
  {
    "timestamp": 12.163983154296876,
    "red": 1174,
    "ir": 1011
  },
  {
    "timestamp": 12.183983154296875,
    "red": 1172,
    "ir": 1011
  },
  {
    "timestamp": 12.203983154296875,
    "red": 1174,
    "ir": 1010
  },
  {
    "timestamp": 12.223983154296874,
    "red": 1176,
    "ir": 1013
  },
  {
    "timestamp": 12.243983154296876,
    "red": 1173,
    "ir": 1011
  },
  {
    "timestamp": 12.263983154296875,
    "red": 1173,
    "ir": 1013
  },
  {
    "timestamp": 12.283983154296875,
    "red": 1171,
    "ir": 1012
  },
  {
    "timestamp": 12.303983154296875,
    "red": 1170,
    "ir": 1015
  },
  {
    "timestamp": 12.323983154296876,
    "red": 1174,
    "ir": 1012
  },
  {
    "timestamp": 12.343983154296875,
    "red": 1173,
    "ir": 1013
  },
  {
    "timestamp": 12.363983154296875,
    "red": 1176,
    "ir": 1014
  },
  {
    "timestamp": 12.383983154296875,
    "red": 1174,
    "ir": 1015
  },
  {
    "timestamp": 12.403983154296874,
    "red": 1173,
    "ir": 1011
  },
  {
    "timestamp": 12.4251708984375,
    "red": 1175,
    "ir": 1016
  },
  {
    "timestamp": 12.4451708984375,
    "red": 1173,
    "ir": 1013
  },
  {
    "timestamp": 12.4651708984375,
    "red": 1175,
    "ir": 1010
  },
  {
    "timestamp": 12.4851708984375,
    "red": 1173,
    "ir": 1008
  },
  {
    "timestamp": 12.5051708984375,
    "red": 1175,
    "ir": 1010
  },
  {
    "timestamp": 12.5251708984375,
    "red": 1171,
    "ir": 1016
  },
  {
    "timestamp": 12.5451708984375,
    "red": 1175,
    "ir": 1014
  },
  {
    "timestamp": 12.5651708984375,
    "red": 1173,
    "ir": 1008
  },
  {
    "timestamp": 12.5851708984375,
    "red": 1173,
    "ir": 1013
  },
  {
    "timestamp": 12.6051708984375,
    "red": 1174,
    "ir": 1015
  },
  {
    "timestamp": 12.6251708984375,
    "red": 1174,
    "ir": 1009
  },
  {
    "timestamp": 12.6451708984375,
    "red": 1172,
    "ir": 1009
  },
  {
    "timestamp": 12.6651708984375,
    "red": 1173,
    "ir": 1011
  },
  {
    "timestamp": 12.6851708984375,
    "red": 1174,
    "ir": 1010
  },
  {
    "timestamp": 12.7051708984375,
    "red": 1173,
    "ir": 1007
  },
  {
    "timestamp": 12.7251708984375,
    "red": 1173,
    "ir": 1014
  },
  {
    "timestamp": 12.7451708984375,
    "red": 1169,
    "ir": 1013
  },
  {
    "timestamp": 12.7651708984375,
    "red": 1170,
    "ir": 1011
  },
  {
    "timestamp": 12.7851708984375,
    "red": 1175,
    "ir": 1013
  },
  {
    "timestamp": 12.8051708984375,
    "red": 1173,
    "ir": 1010
  },
  {
    "timestamp": 12.8251708984375,
    "red": 1173,
    "ir": 1012
  },
  {
    "timestamp": 12.8451708984375,
    "red": 1173,
    "ir": 1012
  },
  {
    "timestamp": 12.8651708984375,
    "red": 1173,
    "ir": 1014
  },
  {
    "timestamp": 12.8851708984375,
    "red": 1173,
    "ir": 1009
  },
  {
    "timestamp": 12.9051708984375,
    "red": 1173,
    "ir": 1012
  },
  {
    "timestamp": 12.9251708984375,
    "red": 1174,
    "ir": 1012
  },
  {
    "timestamp": 12.9451708984375,
    "red": 1170,
    "ir": 1009
  },
  {
    "timestamp": 12.9651708984375,
    "red": 1172,
    "ir": 1015
  },
  {
    "timestamp": 12.986358642578125,
    "red": 1175,
    "ir": 1012
  },
  {
    "timestamp": 13.006358642578125,
    "red": 1174,
    "ir": 1012
  },
  {
    "timestamp": 13.026358642578124,
    "red": 1172,
    "ir": 1009
  },
  {
    "timestamp": 13.046358642578125,
    "red": 1174,
    "ir": 1015
  },
  {
    "timestamp": 13.066358642578125,
    "red": 1173,
    "ir": 1010
  },
  {
    "timestamp": 13.086358642578125,
    "red": 1169,
    "ir": 1011
  },
  {
    "timestamp": 13.106358642578124,
    "red": 1172,
    "ir": 1012
  },
  {
    "timestamp": 13.126358642578126,
    "red": 1175,
    "ir": 1015
  },
  {
    "timestamp": 13.146358642578125,
    "red": 1175,
    "ir": 1012
  },
  {
    "timestamp": 13.166358642578125,
    "red": 1169,
    "ir": 1012
  },
  {
    "timestamp": 13.186358642578124,
    "red": 1171,
    "ir": 1015
  },
  {
    "timestamp": 13.206358642578126,
    "red": 1174,
    "ir": 1011
  },
  {
    "timestamp": 13.226358642578125,
    "red": 1171,
    "ir": 1014
  },
  {
    "timestamp": 13.246358642578125,
    "red": 1174,
    "ir": 1013
  },
  {
    "timestamp": 13.266358642578124,
    "red": 1172,
    "ir": 1014
  },
  {
    "timestamp": 13.286358642578126,
    "red": 1172,
    "ir": 1009
  },
  {
    "timestamp": 13.306358642578125,
    "red": 1174,
    "ir": 1010
  },
  {
    "timestamp": 13.326358642578125,
    "red": 1175,
    "ir": 1011
  },
  {
    "timestamp": 13.346358642578124,
    "red": 1172,
    "ir": 1011
  },
  {
    "timestamp": 13.366358642578126,
    "red": 1171,
    "ir": 1013
  },
  {
    "timestamp": 13.386358642578125,
    "red": 1173,
    "ir": 1011
  },
  {
    "timestamp": 13.406358642578125,
    "red": 1173,
    "ir": 1012
  },
  {
    "timestamp": 13.426358642578125,
    "red": 1174,
    "ir": 1015
  },
  {
    "timestamp": 13.446358642578126,
    "red": 1173,
    "ir": 1012
  },
  {
    "timestamp": 13.466358642578125,
    "red": 1174,
    "ir": 1012
  },
  {
    "timestamp": 13.486358642578125,
    "red": 1174,
    "ir": 1013
  },
  {
    "timestamp": 13.506358642578125,
    "red": 1170,
    "ir": 1010
  },
  {
    "timestamp": 13.526358642578124,
    "red": 1173,
    "ir": 1017
  },
  {
    "timestamp": 13.551513671875,
    "red": 1165,
    "ir": 1031
  },
  {
    "timestamp": 13.571513671875,
    "red": 1170,
    "ir": 1011
  },
  {
    "timestamp": 13.591513671875,
    "red": 1173,
    "ir": 1014
  },
  {
    "timestamp": 13.611513671875,
    "red": 1173,
    "ir": 1011
  },
  {
    "timestamp": 13.631513671875,
    "red": 1175,
    "ir": 1014
  },
  {
    "timestamp": 13.651513671875,
    "red": 1170,
    "ir": 1008
  },
  {
    "timestamp": 13.671513671875,
    "red": 1171,
    "ir": 1014
  },
  {
    "timestamp": 13.691513671875,
    "red": 1175,
    "ir": 1013
  },
  {
    "timestamp": 13.711513671875,
    "red": 1172,
    "ir": 1010
  },
  {
    "timestamp": 13.731513671875,
    "red": 1173,
    "ir": 1011
  },
  {
    "timestamp": 13.751513671875,
    "red": 1175,
    "ir": 1008
  },
  {
    "timestamp": 13.771513671875,
    "red": 1168,
    "ir": 1009
  },
  {
    "timestamp": 13.791513671875,
    "red": 1174,
    "ir": 1012
  },
  {
    "timestamp": 13.811513671875,
    "red": 1169,
    "ir": 1014
  },
  {
    "timestamp": 13.831513671875,
    "red": 1180,
    "ir": 1010
  },
  {
    "timestamp": 13.851513671875,
    "red": 1174,
    "ir": 1011
  },
  {
    "timestamp": 13.871513671875,
    "red": 1173,
    "ir": 1011
  },
  {
    "timestamp": 13.891513671875,
    "red": 1169,
    "ir": 1015
  },
  {
    "timestamp": 13.911513671875,
    "red": 1173,
    "ir": 1011
  },
  {
    "timestamp": 13.931513671875,
    "red": 1173,
    "ir": 1010
  },
  {
    "timestamp": 13.951513671875,
    "red": 1178,
    "ir": 1014
  },
  {
    "timestamp": 13.971513671875,
    "red": 1172,
    "ir": 1012
  },
  {
    "timestamp": 13.991513671875,
    "red": 1176,
    "ir": 1011
  },
  {
    "timestamp": 14.011513671875,
    "red": 1172,
    "ir": 1009
  },
  {
    "timestamp": 14.031513671875,
    "red": 1175,
    "ir": 1013
  },
  {
    "timestamp": 14.051513671875,
    "red": 1172,
    "ir": 1012
  },
  {
    "timestamp": 14.071513671875,
    "red": 1172,
    "ir": 1011
  },
  {
    "timestamp": 14.091513671875,
    "red": 1175,
    "ir": 1011
  },
  {
    "timestamp": 14.108795166015625,
    "red": 1174,
    "ir": 1013
  },
  {
    "timestamp": 14.128795166015625,
    "red": 1178,
    "ir": 1011
  },
  {
    "timestamp": 14.148795166015624,
    "red": 1175,
    "ir": 1013
  },
  {
    "timestamp": 14.168795166015625,
    "red": 1174,
    "ir": 1010
  },
  {
    "timestamp": 14.188795166015625,
    "red": 1172,
    "ir": 1015
  },
  {
    "timestamp": 14.208795166015625,
    "red": 1178,
    "ir": 1011
  },
  {
    "timestamp": 14.228795166015624,
    "red": 1175,
    "ir": 1009
  },
  {
    "timestamp": 14.248795166015626,
    "red": 1175,
    "ir": 1013
  },
  {
    "timestamp": 14.268795166015625,
    "red": 1175,
    "ir": 1012
  },
  {
    "timestamp": 14.288795166015625,
    "red": 1173,
    "ir": 1008
  },
  {
    "timestamp": 14.308795166015624,
    "red": 1174,
    "ir": 1015
  },
  {
    "timestamp": 14.328795166015626,
    "red": 1173,
    "ir": 1014
  },
  {
    "timestamp": 14.348795166015625,
    "red": 1175,
    "ir": 1012
  },
  {
    "timestamp": 14.368795166015625,
    "red": 1171,
    "ir": 1010
  },
  {
    "timestamp": 14.388795166015624,
    "red": 1174,
    "ir": 1010
  },
  {
    "timestamp": 14.408795166015626,
    "red": 1172,
    "ir": 1015
  },
  {
    "timestamp": 14.428795166015625,
    "red": 1175,
    "ir": 1012
  },
  {
    "timestamp": 14.448795166015625,
    "red": 1174,
    "ir": 1009
  },
  {
    "timestamp": 14.468795166015624,
    "red": 1173,
    "ir": 1016
  },
  {
    "timestamp": 14.488795166015626,
    "red": 1173,
    "ir": 1012
  },
  {
    "timestamp": 14.508795166015625,
    "red": 1175,
    "ir": 1002
  },
  {
    "timestamp": 14.528795166015625,
    "red": 1174,
    "ir": 1010
  },
  {
    "timestamp": 14.548795166015625,
    "red": 1171,
    "ir": 1010
  },
  {
    "timestamp": 14.568795166015626,
    "red": 1174,
    "ir": 1014
  },
  {
    "timestamp": 14.588795166015625,
    "red": 1175,
    "ir": 1011
  },
  {
    "timestamp": 14.608795166015625,
    "red": 1175,
    "ir": 1013
  },
  {
    "timestamp": 14.628795166015625,
    "red": 1173,
    "ir": 1009
  },
  {
    "timestamp": 14.648795166015624,
    "red": 1174,
    "ir": 1014
  },
  {
    "timestamp": 14.670013427734375,
    "red": 1174,
    "ir": 1011
  },
  {
    "timestamp": 14.690013427734375,
    "red": 1173,
    "ir": 1013
  },
  {
    "timestamp": 14.710013427734374,
    "red": 1173,
    "ir": 1011
  },
  {
    "timestamp": 14.730013427734375,
    "red": 1170,
    "ir": 1014
  },
  {
    "timestamp": 14.750013427734375,
    "red": 1171,
    "ir": 1015
  },
  {
    "timestamp": 14.770013427734375,
    "red": 1174,
    "ir": 1013
  },
  {
    "timestamp": 14.790013427734374,
    "red": 1175,
    "ir": 1013
  },
  {
    "timestamp": 14.810013427734376,
    "red": 1174,
    "ir": 1014
  },
  {
    "timestamp": 14.830013427734375,
    "red": 1170,
    "ir": 1012
  },
  {
    "timestamp": 14.850013427734375,
    "red": 1172,
    "ir": 1009
  },
  {
    "timestamp": 14.870013427734374,
    "red": 1176,
    "ir": 1018
  },
  {
    "timestamp": 14.890013427734376,
    "red": 1173,
    "ir": 1013
  },
  {
    "timestamp": 14.910013427734375,
    "red": 1178,
    "ir": 1010
  },
  {
    "timestamp": 14.930013427734375,
    "red": 1176,
    "ir": 1013
  },
  {
    "timestamp": 14.950013427734374,
    "red": 1172,
    "ir": 1010
  },
  {
    "timestamp": 14.970013427734376,
    "red": 1172,
    "ir": 1010
  },
  {
    "timestamp": 14.990013427734375,
    "red": 1172,
    "ir": 1009
  },
  {
    "timestamp": 15.010013427734375,
    "red": 1174,
    "ir": 1015
  },
  {
    "timestamp": 15.030013427734374,
    "red": 1172,
    "ir": 1013
  },
  {
    "timestamp": 15.050013427734376,
    "red": 1178,
    "ir": 1011
  },
  {
    "timestamp": 15.070013427734375,
    "red": 1171,
    "ir": 1011
  },
  {
    "timestamp": 15.090013427734375,
    "red": 1175,
    "ir": 1014
  },
  {
    "timestamp": 15.110013427734375,
    "red": 1174,
    "ir": 1010
  },
  {
    "timestamp": 15.130013427734376,
    "red": 1176,
    "ir": 1013
  },
  {
    "timestamp": 15.150013427734375,
    "red": 1171,
    "ir": 1012
  },
  {
    "timestamp": 15.170013427734375,
    "red": 1174,
    "ir": 1009
  },
  {
    "timestamp": 15.190013427734375,
    "red": 1173,
    "ir": 1013
  },
  {
    "timestamp": 15.210013427734374,
    "red": 1176,
    "ir": 1012
  },
  {
    "timestamp": 15.23126220703125,
    "red": 1175,
    "ir": 1012
  },
  {
    "timestamp": 15.25126220703125,
    "red": 1173,
    "ir": 1013
  },
  {
    "timestamp": 15.27126220703125,
    "red": 1175,
    "ir": 1011
  },
  {
    "timestamp": 15.29126220703125,
    "red": 1172,
    "ir": 1013
  },
  {
    "timestamp": 15.31126220703125,
    "red": 1173,
    "ir": 1015
  },
  {
    "timestamp": 15.33126220703125,
    "red": 1168,
    "ir": 1012
  },
  {
    "timestamp": 15.35126220703125,
    "red": 1176,
    "ir": 1011
  },
  {
    "timestamp": 15.37126220703125,
    "red": 1173,
    "ir": 1015
  },
  {
    "timestamp": 15.39126220703125,
    "red": 1176,
    "ir": 1011
  },
  {
    "timestamp": 15.41126220703125,
    "red": 1171,
    "ir": 1016
  },
  {
    "timestamp": 15.43126220703125,
    "red": 1173,
    "ir": 1010
  },
  {
    "timestamp": 15.45126220703125,
    "red": 1174,
    "ir": 1010
  },
  {
    "timestamp": 15.47126220703125,
    "red": 1173,
    "ir": 1011
  },
  {
    "timestamp": 15.49126220703125,
    "red": 1171,
    "ir": 1012
  },
  {
    "timestamp": 15.51126220703125,
    "red": 1172,
    "ir": 1010
  },
  {
    "timestamp": 15.53126220703125,
    "red": 1174,
    "ir": 1011
  },
  {
    "timestamp": 15.55126220703125,
    "red": 1171,
    "ir": 1012
  },
  {
    "timestamp": 15.57126220703125,
    "red": 1175,
    "ir": 1016
  },
  {
    "timestamp": 15.59126220703125,
    "red": 1174,
    "ir": 1014
  },
  {
    "timestamp": 15.61126220703125,
    "red": 1176,
    "ir": 1012
  },
  {
    "timestamp": 15.63126220703125,
    "red": 1176,
    "ir": 1011
  },
  {
    "timestamp": 15.65126220703125,
    "red": 1177,
    "ir": 1013
  },
  {
    "timestamp": 15.67126220703125,
    "red": 1171,
    "ir": 1014
  },
  {
    "timestamp": 15.69126220703125,
    "red": 1171,
    "ir": 1012
  },
  {
    "timestamp": 15.71126220703125,
    "red": 1174,
    "ir": 1012
  },
  {
    "timestamp": 15.73126220703125,
    "red": 1172,
    "ir": 1012
  },
  {
    "timestamp": 15.75126220703125,
    "red": 1172,
    "ir": 1014
  },
  {
    "timestamp": 15.77126220703125,
    "red": 1173,
    "ir": 1013
  },
  {
    "timestamp": 15.79254150390625,
    "red": 1175,
    "ir": 1013
  },
  {
    "timestamp": 15.81254150390625,
    "red": 1170,
    "ir": 1008
  },
  {
    "timestamp": 15.83254150390625,
    "red": 1169,
    "ir": 1015
  },
  {
    "timestamp": 15.85254150390625,
    "red": 1177,
    "ir": 1013
  },
  {
    "timestamp": 15.87254150390625,
    "red": 1173,
    "ir": 1010
  },
  {
    "timestamp": 15.89254150390625,
    "red": 1175,
    "ir": 1012
  },
  {
    "timestamp": 15.91254150390625,
    "red": 1170,
    "ir": 1018
  },
  {
    "timestamp": 15.93254150390625,
    "red": 1172,
    "ir": 1013
  },
  {
    "timestamp": 15.95254150390625,
    "red": 1172,
    "ir": 1014
  },
  {
    "timestamp": 15.97254150390625,
    "red": 1173,
    "ir": 1007
  },
  {
    "timestamp": 15.99254150390625,
    "red": 1173,
    "ir": 1016
  },
  {
    "timestamp": 16.01254150390625,
    "red": 1167,
    "ir": 1010
  },
  {
    "timestamp": 16.03254150390625,
    "red": 1175,
    "ir": 1010
  },
  {
    "timestamp": 16.05254150390625,
    "red": 1172,
    "ir": 1017
  },
  {
    "timestamp": 16.07254150390625,
    "red": 1174,
    "ir": 1012
  },
  {
    "timestamp": 16.09254150390625,
    "red": 1176,
    "ir": 1013
  },
  {
    "timestamp": 16.11254150390625,
    "red": 1172,
    "ir": 1012
  },
  {
    "timestamp": 16.13254150390625,
    "red": 1172,
    "ir": 1013
  },
  {
    "timestamp": 16.15254150390625,
    "red": 1172,
    "ir": 1010
  },
  {
    "timestamp": 16.17254150390625,
    "red": 1173,
    "ir": 1013
  },
  {
    "timestamp": 16.19254150390625,
    "red": 1173,
    "ir": 1013
  },
  {
    "timestamp": 16.21254150390625,
    "red": 1173,
    "ir": 1010
  },
  {
    "timestamp": 16.23254150390625,
    "red": 1172,
    "ir": 1015
  },
  {
    "timestamp": 16.25254150390625,
    "red": 1173,
    "ir": 1013
  },
  {
    "timestamp": 16.27254150390625,
    "red": 1173,
    "ir": 1010
  },
  {
    "timestamp": 16.29254150390625,
    "red": 1173,
    "ir": 1011
  },
  {
    "timestamp": 16.31254150390625,
    "red": 1170,
    "ir": 1013
  },
  {
    "timestamp": 16.33254150390625,
    "red": 1169,
    "ir": 1012
  },
  {
    "timestamp": 16.353851318359375,
    "red": 1174,
    "ir": 1014
  },
  {
    "timestamp": 16.373851318359375,
    "red": 1170,
    "ir": 1013
  },
  {
    "timestamp": 16.393851318359374,
    "red": 1171,
    "ir": 1013
  },
  {
    "timestamp": 16.413851318359374,
    "red": 1173,
    "ir": 1012
  },
  {
    "timestamp": 16.433851318359373,
    "red": 1173,
    "ir": 1013
  },
  {
    "timestamp": 16.453851318359376,
    "red": 1176,
    "ir": 1011
  },
  {
    "timestamp": 16.473851318359376,
    "red": 1175,
    "ir": 1011
  },
  {
    "timestamp": 16.493851318359376,
    "red": 1174,
    "ir": 1009
  },
  {
    "timestamp": 16.513851318359375,
    "red": 1169,
    "ir": 1011
  },
  {
    "timestamp": 16.533851318359375,
    "red": 1173,
    "ir": 1012
  },
  {
    "timestamp": 16.553851318359374,
    "red": 1174,
    "ir": 1014
  },
  {
    "timestamp": 16.573851318359374,
    "red": 1172,
    "ir": 1010
  },
  {
    "timestamp": 16.593851318359373,
    "red": 1174,
    "ir": 1016
  },
  {
    "timestamp": 16.613851318359377,
    "red": 1174,
    "ir": 1010
  },
  {
    "timestamp": 16.633851318359376,
    "red": 1173,
    "ir": 1013
  },
  {
    "timestamp": 16.653851318359376,
    "red": 1173,
    "ir": 1013
  },
  {
    "timestamp": 16.673851318359375,
    "red": 1173,
    "ir": 1005
  },
  {
    "timestamp": 16.693851318359375,
    "red": 1173,
    "ir": 1013
  },
  {
    "timestamp": 16.713851318359374,
    "red": 1177,
    "ir": 1010
  },
  {
    "timestamp": 16.733851318359374,
    "red": 1172,
    "ir": 1009
  },
  {
    "timestamp": 16.753851318359374,
    "red": 1172,
    "ir": 1011
  },
  {
    "timestamp": 16.773851318359377,
    "red": 1174,
    "ir": 1010
  },
  {
    "timestamp": 16.793851318359376,
    "red": 1172,
    "ir": 1011
  },
  {
    "timestamp": 16.813851318359376,
    "red": 1176,
    "ir": 1009
  },
  {
    "timestamp": 16.833851318359375,
    "red": 1175,
    "ir": 1010
  },
  {
    "timestamp": 16.853851318359375,
    "red": 1177,
    "ir": 1011
  },
  {
    "timestamp": 16.873851318359375,
    "red": 1174,
    "ir": 1014
  },
  {
    "timestamp": 16.893851318359374,
    "red": 1174,
    "ir": 1011
  },
  {
    "timestamp": 16.9151611328125,
    "red": 1170,
    "ir": 1014
  },
  {
    "timestamp": 16.9351611328125,
    "red": 1172,
    "ir": 1015
  },
  {
    "timestamp": 16.9551611328125,
    "red": 1175,
    "ir": 1011
  },
  {
    "timestamp": 16.9751611328125,
    "red": 1174,
    "ir": 1015
  },
  {
    "timestamp": 16.9951611328125,
    "red": 1175,
    "ir": 1010
  },
  {
    "timestamp": 17.0151611328125,
    "red": 1174,
    "ir": 1012
  },
  {
    "timestamp": 17.0351611328125,
    "red": 1170,
    "ir": 1010
  },
  {
    "timestamp": 17.0551611328125,
    "red": 1171,
    "ir": 1013
  },
  {
    "timestamp": 17.0751611328125,
    "red": 1172,
    "ir": 1014
  },
  {
    "timestamp": 17.0951611328125,
    "red": 1173,
    "ir": 1013
  },
  {
    "timestamp": 17.1151611328125,
    "red": 1172,
    "ir": 1011
  },
  {
    "timestamp": 17.1351611328125,
    "red": 1175,
    "ir": 1013
  },
  {
    "timestamp": 17.1551611328125,
    "red": 1173,
    "ir": 1016
  },
  {
    "timestamp": 17.1751611328125,
    "red": 1175,
    "ir": 1016
  },
  {
    "timestamp": 17.1951611328125,
    "red": 1175,
    "ir": 1012
  },
  {
    "timestamp": 17.2151611328125,
    "red": 1175,
    "ir": 1010
  },
  {
    "timestamp": 17.2351611328125,
    "red": 1173,
    "ir": 1011
  },
  {
    "timestamp": 17.2551611328125,
    "red": 1174,
    "ir": 1013
  },
  {
    "timestamp": 17.2751611328125,
    "red": 1171,
    "ir": 1012
  },
  {
    "timestamp": 17.2951611328125,
    "red": 1173,
    "ir": 1016
  },
  {
    "timestamp": 17.3151611328125,
    "red": 1177,
    "ir": 1014
  },
  {
    "timestamp": 17.3351611328125,
    "red": 1176,
    "ir": 1009
  },
  {
    "timestamp": 17.3551611328125,
    "red": 1174,
    "ir": 1009
  },
  {
    "timestamp": 17.3751611328125,
    "red": 1171,
    "ir": 1014
  },
  {
    "timestamp": 17.3951611328125,
    "red": 1174,
    "ir": 1011
  },
  {
    "timestamp": 17.4151611328125,
    "red": 1168,
    "ir": 1013
  },
  {
    "timestamp": 17.4351611328125,
    "red": 1173,
    "ir": 1014
  },
  {
    "timestamp": 17.4551611328125,
    "red": 1174,
    "ir": 1011
  },
  {
    "timestamp": 17.47637939453125,
    "red": 1169,
    "ir": 1009
  },
  {
    "timestamp": 17.49637939453125,
    "red": 1171,
    "ir": 1013
  },
  {
    "timestamp": 17.51637939453125,
    "red": 1175,
    "ir": 1010
  },
  {
    "timestamp": 17.53637939453125,
    "red": 1174,
    "ir": 1012
  },
  {
    "timestamp": 17.55637939453125,
    "red": 1174,
    "ir": 1011
  },
  {
    "timestamp": 17.57637939453125,
    "red": 1172,
    "ir": 1011
  },
  {
    "timestamp": 17.59637939453125,
    "red": 1172,
    "ir": 1010
  },
  {
    "timestamp": 17.61637939453125,
    "red": 1174,
    "ir": 1012
  },
  {
    "timestamp": 17.63637939453125,
    "red": 1176,
    "ir": 1015
  },
  {
    "timestamp": 17.65637939453125,
    "red": 1171,
    "ir": 1011
  },
  {
    "timestamp": 17.67637939453125,
    "red": 1174,
    "ir": 1010
  },
  {
    "timestamp": 17.69637939453125,
    "red": 1174,
    "ir": 1011
  },
  {
    "timestamp": 17.71637939453125,
    "red": 1172,
    "ir": 1003
  },
  {
    "timestamp": 17.73637939453125,
    "red": 1173,
    "ir": 1014
  },
  {
    "timestamp": 17.75637939453125,
    "red": 1176,
    "ir": 1012
  },
  {
    "timestamp": 17.77637939453125,
    "red": 1172,
    "ir": 1013
  },
  {
    "timestamp": 17.79637939453125,
    "red": 1173,
    "ir": 1012
  },
  {
    "timestamp": 17.81637939453125,
    "red": 1176,
    "ir": 1012
  },
  {
    "timestamp": 17.83637939453125,
    "red": 1171,
    "ir": 1013
  },
  {
    "timestamp": 17.85637939453125,
    "red": 1173,
    "ir": 1015
  },
  {
    "timestamp": 17.87637939453125,
    "red": 1173,
    "ir": 1011
  },
  {
    "timestamp": 17.89637939453125,
    "red": 1172,
    "ir": 1012
  },
  {
    "timestamp": 17.91637939453125,
    "red": 1171,
    "ir": 1011
  },
  {
    "timestamp": 17.93637939453125,
    "red": 1174,
    "ir": 1016
  },
  {
    "timestamp": 17.95637939453125,
    "red": 1171,
    "ir": 1012
  },
  {
    "timestamp": 17.97637939453125,
    "red": 1171,
    "ir": 1014
  },
  {
    "timestamp": 17.99637939453125,
    "red": 1170,
    "ir": 1012
  },
  {
    "timestamp": 18.01637939453125,
    "red": 1174,
    "ir": 1010
  },
  {
    "timestamp": 18.037628173828125,
    "red": 1172,
    "ir": 1011
  },
  {
    "timestamp": 18.057628173828125,
    "red": 1174,
    "ir": 1013
  },
  {
    "timestamp": 18.077628173828124,
    "red": 1175,
    "ir": 1015
  },
  {
    "timestamp": 18.097628173828124,
    "red": 1169,
    "ir": 1009
  },
  {
    "timestamp": 18.117628173828123,
    "red": 1175,
    "ir": 1015
  },
  {
    "timestamp": 18.137628173828126,
    "red": 1171,
    "ir": 1014
  },
  {
    "timestamp": 18.157628173828126,
    "red": 1170,
    "ir": 1012
  },
  {
    "timestamp": 18.177628173828126,
    "red": 1173,
    "ir": 1013
  },
  {
    "timestamp": 18.197628173828125,
    "red": 1174,
    "ir": 1013
  },
  {
    "timestamp": 18.217628173828125,
    "red": 1170,
    "ir": 1010
  },
  {
    "timestamp": 18.237628173828124,
    "red": 1174,
    "ir": 1012
  },
  {
    "timestamp": 18.257628173828124,
    "red": 1172,
    "ir": 1010
  },
  {
    "timestamp": 18.277628173828123,
    "red": 1172,
    "ir": 1011
  },
  {
    "timestamp": 18.297628173828127,
    "red": 1173,
    "ir": 1013
  },
  {
    "timestamp": 18.317628173828126,
    "red": 1174,
    "ir": 1011
  },
  {
    "timestamp": 18.337628173828126,
    "red": 1173,
    "ir": 1010
  },
  {
    "timestamp": 18.357628173828125,
    "red": 1172,
    "ir": 1011
  },
  {
    "timestamp": 18.377628173828125,
    "red": 1172,
    "ir": 1009
  },
  {
    "timestamp": 18.397628173828124,
    "red": 1171,
    "ir": 1012
  },
  {
    "timestamp": 18.417628173828124,
    "red": 1173,
    "ir": 1013
  },
  {
    "timestamp": 18.437628173828124,
    "red": 1171,
    "ir": 1012
  },
  {
    "timestamp": 18.457628173828127,
    "red": 1173,
    "ir": 1010
  },
  {
    "timestamp": 18.477628173828126,
    "red": 1174,
    "ir": 1012
  },
  {
    "timestamp": 18.497628173828126,
    "red": 1174,
    "ir": 1012
  },
  {
    "timestamp": 18.517628173828125,
    "red": 1171,
    "ir": 1017
  },
  {
    "timestamp": 18.537628173828125,
    "red": 1172,
    "ir": 1011
  },
  {
    "timestamp": 18.557628173828125,
    "red": 1177,
    "ir": 1013
  },
  {
    "timestamp": 18.577628173828124,
    "red": 1174,
    "ir": 1008
  },
  {
    "timestamp": 18.59893798828125,
    "red": 1174,
    "ir": 1012
  },
  {
    "timestamp": 18.61893798828125,
    "red": 1170,
    "ir": 1013
  },
  {
    "timestamp": 18.63893798828125,
    "red": 1170,
    "ir": 1009
  },
  {
    "timestamp": 18.65893798828125,
    "red": 1175,
    "ir": 1015
  },
  {
    "timestamp": 18.67893798828125,
    "red": 1177,
    "ir": 1013
  },
  {
    "timestamp": 18.69893798828125,
    "red": 1168,
    "ir": 1010
  },
  {
    "timestamp": 18.71893798828125,
    "red": 1173,
    "ir": 1013
  },
  {
    "timestamp": 18.73893798828125,
    "red": 1174,
    "ir": 1010
  },
  {
    "timestamp": 18.75893798828125,
    "red": 1173,
    "ir": 1011
  },
  {
    "timestamp": 18.77893798828125,
    "red": 1175,
    "ir": 1014
  },
  {
    "timestamp": 18.79893798828125,
    "red": 1175,
    "ir": 1012
  },
  {
    "timestamp": 18.81893798828125,
    "red": 1175,
    "ir": 1013
  },
  {
    "timestamp": 18.83893798828125,
    "red": 1172,
    "ir": 1010
  },
  {
    "timestamp": 18.85893798828125,
    "red": 1173,
    "ir": 1012
  },
  {
    "timestamp": 18.87893798828125,
    "red": 1173,
    "ir": 1015
  },
  {
    "timestamp": 18.89893798828125,
    "red": 1175,
    "ir": 1013
  },
  {
    "timestamp": 18.91893798828125,
    "red": 1174,
    "ir": 1010
  },
  {
    "timestamp": 18.93893798828125,
    "red": 1172,
    "ir": 1011
  },
  {
    "timestamp": 18.95893798828125,
    "red": 1171,
    "ir": 1013
  },
  {
    "timestamp": 18.97893798828125,
    "red": 1175,
    "ir": 1008
  },
  {
    "timestamp": 18.99893798828125,
    "red": 1173,
    "ir": 1014
  },
  {
    "timestamp": 19.01893798828125,
    "red": 1170,
    "ir": 1015
  },
  {
    "timestamp": 19.03893798828125,
    "red": 1173,
    "ir": 1011
  },
  {
    "timestamp": 19.05893798828125,
    "red": 1173,
    "ir": 1014
  },
  {
    "timestamp": 19.07893798828125,
    "red": 1175,
    "ir": 1015
  },
  {
    "timestamp": 19.09893798828125,
    "red": 1172,
    "ir": 1015
  },
  {
    "timestamp": 19.11893798828125,
    "red": 1174,
    "ir": 1015
  },
  {
    "timestamp": 19.13893798828125,
    "red": 1173,
    "ir": 1016
  }
]