[
  {
    "timestamp": 10.563751220703125,
    "x": 16640,
    "y": 2048,
    "z": 512
  },
  {
    "timestamp": 10.597084554036458,
    "x": 16640,
    "y": 2048,
    "z": 768
  },
  {
    "timestamp": 10.630417887369791,
    "x": 16640,
    "y": 2048,
    "z": 768
  },
  {
    "timestamp": 10.663751220703125,
    "x": 16640,
    "y": 2048,
    "z": 512
  },
  {
    "timestamp": 10.697084554036458,
    "x": 16640,
    "y": 2048,
    "z": 768
  },
  {
    "timestamp": 10.730417887369791,
    "x": 16384,
    "y": 2048,
    "z": 768
  },
  {
    "timestamp": 10.763751220703124,
    "x": 16640,
    "y": 2048,
    "z": 768
  },
  {
    "timestamp": 10.797084554036458,
    "x": 16640,
    "y": 2048,
    "z": 768
  },
  {
    "timestamp": 10.830417887369792,
    "x": 16896,
    "y": 2048,
    "z": 512
  },
  {
    "timestamp": 10.863751220703126,
    "x": 16640,
    "y": 2048,
    "z": 512
  },
  {
    "timestamp": 10.897084554036459,
    "x": 16640,
    "y": 2048,
    "z": 1024
  },
  {
    "timestamp": 10.930417887369792,
    "x": 16640,
    "y": 2048,
    "z": 768
  },
  {
    "timestamp": 10.963751220703125,
    "x": 16640,
    "y": 2304,
    "z": 768
  },
  {
    "timestamp": 10.997084554036459,
    "x": 16640,
    "y": 1792,
    "z": 768
  },
  {
    "timestamp": 11.030417887369792,
    "x": 16640,
    "y": 2048,
    "z": 512
  },
  {
    "timestamp": 11.063751220703125,
    "x": 16896,
    "y": 1792,
    "z": 1024
  },
  {
    "timestamp": 11.097084554036458,
    "x": 16640,
    "y": 2048,
    "z": 512
  },
  {
    "timestamp": 11.130417887369791,
    "x": 16640,
    "y": 2048,
    "z": 512
  },
  {
    "timestamp": 11.163751220703125,
    "x": 16384,
    "y": 2048,
    "z": 512
  },
  {
    "timestamp": 11.197084554036458,
    "x": 16640,
    "y": 2048,
    "z": 1024
  },
  {
    "timestamp": 11.230417887369791,
    "x": 16640,
    "y": 1792,
    "z": 768
  },
  {
    "timestamp": 11.263751220703124,
    "x": 16640,
    "y": 2048,
    "z": 512
  },
  {
    "timestamp": 11.297084554036458,
    "x": 16640,
    "y": 2048,
    "z": 768
  },
  {
    "timestamp": 11.330417887369792,
    "x": 16640,
    "y": 2048,
    "z": 768
  },
  {
    "timestamp": 11.363751220703126,
    "x": 16640,
    "y": 1792,
    "z": 512
  },
  {
    "timestamp": 11.397084554036459,
    "x": 16640,
    "y": 2048,
    "z": 768
  },
  {
    "timestamp": 11.430417887369792,
    "x": 16640,
    "y": 2048,
    "z": 512
  },
  {
    "timestamp": 11.463751220703125,
    "x": 16384,
    "y": 2048,
    "z": 768
  },
  {
    "timestamp": 11.497084554036459,
    "x": 16640,
    "y": 2304,
    "z": 768
  },
  {
    "timestamp": 11.530417887369792,
    "x": 16640,
    "y": 2304,
    "z": 512
  },
  {
    "timestamp": 11.752410888671875,
    "x": 16640,
    "y": 2048,
    "z": 768
  },
  {
    "timestamp": 11.785744222005208,
    "x": 16640,
    "y": 2048,
    "z": 768
  },
  {
    "timestamp": 11.819077555338541,
    "x": 16640,
    "y": 2304,
    "z": 768
  },
  {
    "timestamp": 11.852410888671875,
    "x": 16640,
    "y": 2304,
    "z": 768
  },
  {
    "timestamp": 11.885744222005208,
    "x": 16640,
    "y": 2048,
    "z": 512
  },
  {
    "timestamp": 11.919077555338541,
    "x": 16640,
    "y": 2048,
    "z": 1024
  },
  {
    "timestamp": 11.952410888671874,
    "x": 16896,
    "y": 2048,
    "z": 512
  },
  {
    "timestamp": 11.985744222005208,
    "x": 16640,
    "y": 2048,
    "z": 512
  },
  {
    "timestamp": 12.019077555338542,
    "x": 16896,
    "y": 2048,
    "z": 1024
  },
  {
    "timestamp": 12.052410888671876,
    "x": 16640,
    "y": 2048,
    "z": 512
  },
  {
    "timestamp": 12.085744222005209,
    "x": 16640,
    "y": 2048,
    "z": 256
  },
  {
    "timestamp": 12.119077555338542,
    "x": 16640,
    "y": 2304,
    "z": 256
  },
  {
    "timestamp": 12.152410888671875,
    "x": 16640,
    "y": 2048,
    "z": 512
  },
  {
    "timestamp": 12.185744222005209,
    "x": 16384,
    "y": 2048,
    "z": 512
  },
  {
    "timestamp": 12.219077555338542,
    "x": 16640,
    "y": 2048,
    "z": 768
  },
  {
    "timestamp": 12.252410888671875,
    "x": 16640,
    "y": 1792,
    "z": 768
  },
  {
    "timestamp": 12.285744222005208,
    "x": 16640,
    "y": 2048,
    "z": 512
  },
  {
    "timestamp": 12.319077555338541,
    "x": 16640,
    "y": 2048,
    "z": 768
  },
  {
    "timestamp": 12.352410888671875,
    "x": 16640,
    "y": 2048,
    "z": 512
  },
  {
    "timestamp": 12.385744222005208,
    "x": 16640,
    "y": 2304,
    "z": 768
  },
  {
    "timestamp": 12.419077555338541,
    "x": 16640,
    "y": 2048,
    "z": 768
  },
  {
    "timestamp": 12.452410888671874,
    "x": 16640,
    "y": 2048,
    "z": 512
  },
  {
    "timestamp": 12.485744222005208,
    "x": 16640,
    "y": 2304,
    "z": 512
  },
  {
    "timestamp": 12.519077555338542,
    "x": 16640,
    "y": 2048,
    "z": 512
  },
  {
    "timestamp": 12.552410888671876,
    "x": 16384,
    "y": 2048,
    "z": 768
  },
  {
    "timestamp": 12.585744222005209,
    "x": 16640,
    "y": 2304,
    "z": 768
  },
  {
    "timestamp": 12.619077555338542,
    "x": 16896,
    "y": 2048,
    "z": 512
  },
  {
    "timestamp": 12.652410888671875,
    "x": 16640,
    "y": 1792,
    "z": 512
  },
  {
    "timestamp": 12.685744222005209,
    "x": 16896,
    "y": 2048,
    "z": 768
  },
  {
    "timestamp": 12.719077555338542,
    "x": 16640,
    "y": 1792,
    "z": 768
  },
  {
    "timestamp": 12.94097900390625,
    "x": 16896,
    "y": 2048,
    "z": 768
  },
  {
    "timestamp": 12.974312337239583,
    "x": 16640,
    "y": 2304,
    "z": 512
  },
  {
    "timestamp": 13.007645670572916,
    "x": 16640,
    "y": 2048,
    "z": 512
  },
  {
    "timestamp": 13.04097900390625,
    "x": 16640,
    "y": 2048,
    "z": 512
  },
  {
    "timestamp": 13.074312337239583,
    "x": 16640,
    "y": 2304,
    "z": 768
  },
  {
    "timestamp": 13.107645670572916,
    "x": 16640,
    "y": 2048,
    "z": 512
  },
  {
    "timestamp": 13.14097900390625,
    "x": 16640,
    "y": 2048,
    "z": 512
  },
  {
    "timestamp": 13.174312337239583,
    "x": 16640,
    "y": 1792,
    "z": 768
  },
  {
    "timestamp": 13.207645670572917,
    "x": 16640,
    "y": 2048,
    "z": 512
  },
  {
    "timestamp": 13.24097900390625,
    "x": 16640,
    "y": 2304,
    "z": 768
  },
  {
    "timestamp": 13.274312337239584,
    "x": 16640,
    "y": 2048,
    "z": 512
  },
  {
    "timestamp": 13.307645670572917,
    "x": 16640,
    "y": 2048,
    "z": 768
  },
  {
    "timestamp": 13.34097900390625,
    "x": 16640,
    "y": 2048,
    "z": 768
  },
  {
    "timestamp": 13.374312337239584,
    "x": 16896,
    "y": 2048,
    "z": 768
  },
  {
    "timestamp": 13.407645670572917,
    "x": 16640,
    "y": 2048,
    "z": 512
  },
  {
    "timestamp": 13.44097900390625,
    "x": 16640,
    "y": 2048,
    "z": 768
  },
  {
    "timestamp": 13.474312337239583,
    "x": 16640,
    "y": 2048,
    "z": 512
  },
  {
    "timestamp": 13.507645670572916,
    "x": 16640,
    "y": 2048,
    "z": 768
  },
  {
    "timestamp": 13.54097900390625,
    "x": 16640,
    "y": 2048,
    "z": 512
  },
  {
    "timestamp": 13.574312337239583,
    "x": 16640,
    "y": 2048,
    "z": 512
  },
  {
    "timestamp": 13.607645670572916,
    "x": 16384,
    "y": 2048,
    "z": 512
  },
  {
    "timestamp": 13.64097900390625,
    "x": 16640,
    "y": 2048,
    "z": 768
  },
  {
    "timestamp": 13.674312337239583,
    "x": 16640,
    "y": 2304,
    "z": 256
  },
  {
    "timestamp": 13.707645670572917,
    "x": 16640,
    "y": 2048,
    "z": 512
  },
  {
    "timestamp": 13.74097900390625,
    "x": 16640,
    "y": 2304,
    "z": 768
  },
  {
    "timestamp": 13.774312337239584,
    "x": 16640,
    "y": 2048,
    "z": 768
  },
  {
    "timestamp": 13.807645670572917,
    "x": 16640,
    "y": 2048,
    "z": 512
  },
  {
    "timestamp": 13.84097900390625,
    "x": 16384,
    "y": 2048,
    "z": 512
  },
  {
    "timestamp": 13.874312337239584,
    "x": 16640,
    "y": 2304,
    "z": 768
  },
  {
    "timestamp": 13.907645670572917,
    "x": 16384,
    "y": 2048,
    "z": 512
  },
  {
    "timestamp": 14.12957763671875,
    "x": 16640,
    "y": 2048,
    "z": 512
  },
  {
    "timestamp": 14.162910970052083,
    "x": 16384,
    "y": 2048,
    "z": 768
  },
  {
    "timestamp": 14.196244303385416,
    "x": 16640,
    "y": 2048,
    "z": 768
  },
  {
    "timestamp": 14.22957763671875,
    "x": 16640,
    "y": 2304,
    "z": 512
  },
  {
    "timestamp": 14.262910970052083,
    "x": 16640,
    "y": 2048,
    "z": 768
  },
  {
    "timestamp": 14.296244303385416,
    "x": 16896,
    "y": 2048,
    "z": 512
  },
  {
    "timestamp": 14.32957763671875,
    "x": 16640,
    "y": 2304,
    "z": 768
  },
  {
    "timestamp": 14.362910970052083,
    "x": 16640,
    "y": 2304,
    "z": 768
  },
  {
    "timestamp": 14.396244303385417,
    "x": 16896,
    "y": 2048,
    "z": 768
  },
  {
    "timestamp": 14.42957763671875,
    "x": 16384,
    "y": 2048,
    "z": 512
  },
  {
    "timestamp": 14.462910970052084,
    "x": 16640,
    "y": 2304,
    "z": 768
  },
  {
    "timestamp": 14.496244303385417,
    "x": 16640,
    "y": 2048,
    "z": 768
  },
  {
    "timestamp": 14.52957763671875,
    "x": 16640,
    "y": 2048,
    "z": 512
  },
  {
    "timestamp": 14.562910970052084,
    "x": 16640,
    "y": 2048,
    "z": 768
  },
  {
    "timestamp": 14.596244303385417,
    "x": 16640,
    "y": 2048,
    "z": 512
  },
  {
    "timestamp": 14.62957763671875,
    "x": 16640,
    "y": 2048,
    "z": 768
  },
  {
    "timestamp": 14.662910970052083,
    "x": 16384,
    "y": 2048,
    "z": 768
  },
  {
    "timestamp": 14.696244303385416,
    "x": 16640,
    "y": 2048,
    "z": 512
  },
  {
    "timestamp": 14.72957763671875,
    "x": 16640,
    "y": 2048,
    "z": 512
  },
  {
    "timestamp": 14.762910970052083,
    "x": 16640,
    "y": 2304,
    "z": 768
  },
  {
    "timestamp": 14.796244303385416,
    "x": 16896,
    "y": 2048,
    "z": 768
  },
  {
    "timestamp": 14.82957763671875,
    "x": 16384,
    "y": 2048,
    "z": 768
  },
  {
    "timestamp": 14.862910970052083,
    "x": 16640,
    "y": 2048,
    "z": 512
  },
  {
    "timestamp": 14.896244303385417,
    "x": 16640,
    "y": 2048,
    "z": 512
  },
  {
    "timestamp": 14.92957763671875,
    "x": 16384,
    "y": 2048,
    "z": 512
  },
  {
    "timestamp": 14.962910970052084,
    "x": 16640,
    "y": 2048,
    "z": 768
  },
  {
    "timestamp": 14.996244303385417,
    "x": 16896,
    "y": 2048,
    "z": 768
  },
  {
    "timestamp": 15.02957763671875,
    "x": 16640,
    "y": 2048,
    "z": 512
  },
  {
    "timestamp": 15.062910970052084,
    "x": 16640,
    "y": 2048,
    "z": 512
  },
  {
    "timestamp": 15.096244303385417,
    "x": 16640,
    "y": 1792,
    "z": 768
  },
  {
    "timestamp": 15.3182373046875,
    "x": 16640,
    "y": 2048,
    "z": 512
  },
  {
    "timestamp": 15.351570638020833,
    "x": 16640,
    "y": 2048,
    "z": 512
  },
  {
    "timestamp": 15.384903971354166,
    "x": 16640,
    "y": 1792,
    "z": 512
  },
  {
    "timestamp": 15.4182373046875,
    "x": 16640,
    "y": 2048,
    "z": 512
  },
  {
    "timestamp": 15.451570638020833,
    "x": 16384,
    "y": 2304,
    "z": 768
  },
  {
    "timestamp": 15.484903971354166,
    "x": 16640,
    "y": 2048,
    "z": 256
  },
  {
    "timestamp": 15.5182373046875,
    "x": 16640,
    "y": 2048,
    "z": 512
  },
  {
    "timestamp": 15.551570638020833,
    "x": 16640,
    "y": 2048,
    "z": 512
  },
  {
    "timestamp": 15.584903971354167,
    "x": 16640,
    "y": 2048,
    "z": 512
  },
  {
    "timestamp": 15.6182373046875,
    "x": 16640,
    "y": 2048,
    "z": 512
  },
  {
    "timestamp": 15.651570638020834,
    "x": 16640,
    "y": 2048,
    "z": 768
  },
  {
    "timestamp": 15.684903971354167,
    "x": 16640,
    "y": 2048,
    "z": 768
  },
  {
    "timestamp": 15.7182373046875,
    "x": 16640,
    "y": 2048,
    "z": 512
  },
  {
    "timestamp": 15.751570638020834,
    "x": 16384,
    "y": 2048,
    "z": 512
  },
  {
    "timestamp": 15.784903971354167,
    "x": 16640,
    "y": 2304,
    "z": 768
  },
  {
    "timestamp": 15.8182373046875,
    "x": 16640,
    "y": 2048,
    "z": 512
  },
  {
    "timestamp": 15.851570638020833,
    "x": 16640,
    "y": 2304,
    "z": 512
  },
  {
    "timestamp": 15.884903971354166,
    "x": 16896,
    "y": 2048,
    "z": 512
  },
  {
    "timestamp": 15.9182373046875,
    "x": 16640,
    "y": 2048,
    "z": 768
  },
  {
    "timestamp": 15.951570638020833,
    "x": 16640,
    "y": 2304,
    "z": 512
  },
  {
    "timestamp": 15.984903971354166,
    "x": 16896,
    "y": 2048,
    "z": 768
  },
  {
    "timestamp": 16.0182373046875,
    "x": 16640,
    "y": 1792,
    "z": 512
  },
  {
    "timestamp": 16.051570638020834,
    "x": 16640,
    "y": 2304,
    "z": 512
  },
  {
    "timestamp": 16.084903971354166,
    "x": 16896,
    "y": 2304,
    "z": 512
  },
  {
    "timestamp": 16.1182373046875,
    "x": 16640,
    "y": 2048,
    "z": 768
  },
  {
    "timestamp": 16.151570638020832,
    "x": 16384,
    "y": 2048,
    "z": 512
  },
  {
    "timestamp": 16.184903971354167,
    "x": 16640,
    "y": 2304,
    "z": 768
  },
  {
    "timestamp": 16.2182373046875,
    "x": 16640,
    "y": 2048,
    "z": 512
  },
  {
    "timestamp": 16.251570638020834,
    "x": 16640,
    "y": 2048,
    "z": 512
  },
  {
    "timestamp": 16.284903971354165,
    "x": 16640,
    "y": 1792,
    "z": 512
  },
  {
    "timestamp": 16.5068359375,
    "x": 16640,
    "y": 2304,
    "z": 512
  },
  {
    "timestamp": 16.540169270833335,
    "x": 16384,
    "y": 1792,
    "z": 512
  },
  {
    "timestamp": 16.573502604166666,
    "x": 16640,
    "y": 2048,
    "z": 768
  },
  {
    "timestamp": 16.6068359375,
    "x": 16640,
    "y": 2304,
    "z": 768
  },
  {
    "timestamp": 16.640169270833333,
    "x": 16640,
    "y": 2304,
    "z": 512
  },
  {
    "timestamp": 16.673502604166668,
    "x": 16640,
    "y": 2048,
    "z": 768
  },
  {
    "timestamp": 16.7068359375,
    "x": 16640,
    "y": 2048,
    "z": 512
  },
  {
    "timestamp": 16.740169270833334,
    "x": 16640,
    "y": 2048,
    "z": 512
  },
  {
    "timestamp": 16.773502604166666,
    "x": 16640,
    "y": 2048,
    "z": 768
  },
  {
    "timestamp": 16.8068359375,
    "x": 16640,
    "y": 2304,
    "z": 512
  },
  {
    "timestamp": 16.840169270833332,
    "x": 16640,
    "y": 2048,
    "z": 768
  },
  {
    "timestamp": 16.873502604166667,
    "x": 16640,
    "y": 2048,
    "z": 512
  },
  {
    "timestamp": 16.9068359375,
    "x": 16640,
    "y": 2048,
    "z": 768
  },
  {
    "timestamp": 16.940169270833334,
    "x": 16640,
    "y": 2304,
    "z": 768
  },
  {
    "timestamp": 16.973502604166665,
    "x": 16640,
    "y": 2048,
    "z": 512
  },
  {
    "timestamp": 17.0068359375,
    "x": 16640,
    "y": 2048,
    "z": 768
  },
  {
    "timestamp": 17.040169270833335,
    "x": 16640,
    "y": 2048,
    "z": 512
  },
  {
    "timestamp": 17.073502604166666,
    "x": 16640,
    "y": 2048,
    "z": 768
  },
  {
    "timestamp": 17.1068359375,
    "x": 16640,
    "y": 2048,
    "z": 512
  },
  {
    "timestamp": 17.140169270833333,
    "x": 16640,
    "y": 2048,
    "z": 768
  },
  {
    "timestamp": 17.173502604166668,
    "x": 16640,
    "y": 2048,
    "z": 512
  },
  {
    "timestamp": 17.2068359375,
    "x": 16640,
    "y": 2048,
    "z": 512
  },
  {
    "timestamp": 17.240169270833334,
    "x": 16640,
    "y": 2048,
    "z": 512
  },
  {
    "timestamp": 17.273502604166666,
    "x": 16640,
    "y": 2048,
    "z": 768
  },
  {
    "timestamp": 17.3068359375,
    "x": 16640,
    "y": 2048,
    "z": 768
  },
  {
    "timestamp": 17.340169270833332,
    "x": 16384,
    "y": 2048,
    "z": 512
  },
  {
    "timestamp": 17.373502604166667,
    "x": 16640,
    "y": 2048,
    "z": 512
  },
  {
    "timestamp": 17.4068359375,
    "x": 16640,
    "y": 2048,
    "z": 768
  },
  {
    "timestamp": 17.440169270833334,
    "x": 16384,
    "y": 2048,
    "z": 768
  },
  {
    "timestamp": 17.473502604166665,
    "x": 16640,
    "y": 2048,
    "z": 512
  },
  {
    "timestamp": 17.695404052734375,
    "x": 16384,
    "y": 2304,
    "z": 768
  },
  {
    "timestamp": 17.72873738606771,
    "x": 16640,
    "y": 2048,
    "z": 512
  },
  {
    "timestamp": 17.76207071940104,
    "x": 16896,
    "y": 2048,
    "z": 512
  },
  {
    "timestamp": 17.795404052734376,
    "x": 16896,
    "y": 1792,
    "z": 512
  },
  {
    "timestamp": 17.828737386067708,
    "x": 16640,
    "y": 2048,
    "z": 768
  },
  {
    "timestamp": 17.862070719401043,
    "x": 16640,
    "y": 2048,
    "z": 768
  },
  {
    "timestamp": 17.895404052734374,
    "x": 16640,
    "y": 2048,
    "z": 768
  },
  {
    "timestamp": 17.92873738606771,
    "x": 16640,
    "y": 2304,
    "z": 768
  },
  {
    "timestamp": 17.96207071940104,
    "x": 16640,
    "y": 2048,
    "z": 512
  },
  {
    "timestamp": 17.995404052734376,
    "x": 16896,
    "y": 2304,
    "z": 768
  },
  {
    "timestamp": 18.028737386067707,
    "x": 16640,
    "y": 2048,
    "z": 512
  },
  {
    "timestamp": 18.062070719401042,
    "x": 16640,
    "y": 2304,
    "z": 768
  },
  {
    "timestamp": 18.095404052734374,
    "x": 16640,
    "y": 2048,
    "z": 768
  },
  {
    "timestamp": 18.12873738606771,
    "x": 16896,
    "y": 2304,
    "z": 1024
  },
  {
    "timestamp": 18.16207071940104,
    "x": 16384,
    "y": 2048,
    "z": 512
  },
  {
    "timestamp": 18.195404052734375,
    "x": 16640,
    "y": 2048,
    "z": 768
  },
  {
    "timestamp": 18.22873738606771,
    "x": 16640,
    "y": 2048,
    "z": 512
  },
  {
    "timestamp": 18.26207071940104,
    "x": 16640,
    "y": 2304,
    "z": 768
  },
  {
    "timestamp": 18.295404052734376,
    "x": 16640,
    "y": 2048,
    "z": 768
  },
  {
    "timestamp": 18.328737386067708,
    "x": 16640,
    "y": 2048,
    "z": 512
  },
  {
    "timestamp": 18.362070719401043,
    "x": 16640,
    "y": 2048,
    "z": 768
  },
  {
    "timestamp": 18.395404052734374,
    "x": 16640,
    "y": 1792,
    "z": 512
  },
  {
    "timestamp": 18.42873738606771,
    "x": 16640,
    "y": 2048,
    "z": 768
  },
  {
    "timestamp": 18.46207071940104,
    "x": 16640,
    "y": 2304,
    "z": 768
  },
  {
    "timestamp": 18.495404052734376,
    "x": 16640,
    "y": 2048,
    "z": 1024
  },
  {
    "timestamp": 18.528737386067707,
    "x": 16640,
    "y": 2304,
    "z": 768
  },
  {
    "timestamp": 18.562070719401042,
    "x": 16640,
    "y": 2048,
    "z": 512
  },
  {
    "timestamp": 18.595404052734374,
    "x": 16896,
    "y": 2048,
    "z": 512
  },
  {
    "timestamp": 18.62873738606771,
    "x": 16384,
    "y": 2048,
    "z": 512
  },
  {
    "timestamp": 18.66207071940104,
    "x": 16640,
    "y": 2048,
    "z": 768
  },
  {
    "timestamp": 18.883819580078125,
    "x": 16640,
    "y": 2048,
    "z": 512
  },
  {
    "timestamp": 18.91715291341146,
    "x": 16384,
    "y": 2048,
    "z": 512
  },
  {
    "timestamp": 18.95048624674479,
    "x": 16640,
    "y": 2048,
    "z": 768
  },
  {
    "timestamp": 18.983819580078126,
    "x": 16640,
    "y": 2048,
    "z": 1024
  },
  {
    "timestamp": 19.017152913411458,
    "x": 16640,
    "y": 2304,
    "z": 512
  },
  {
    "timestamp": 19.050486246744793,
    "x": 16640,
    "y": 1792,
    "z": 768
  },
  {
    "timestamp": 19.083819580078124,
    "x": 16640,
    "y": 2048,
    "z": 768
  },
  {
    "timestamp": 19.11715291341146,
    "x": 16640,
    "y": 2048,
    "z": 512
  },
  {
    "timestamp": 19.15048624674479,
    "x": 16640,
    "y": 2048,
    "z": 768
  },
  {
    "timestamp": 19.183819580078126,
    "x": 16640,
    "y": 2048,
    "z": 768
  },
  {
    "timestamp": 19.217152913411457,
    "x": 16640,
    "y": 2048,
    "z": 512
  },
  {
    "timestamp": 19.250486246744792,
    "x": 16640,
    "y": 2048,
    "z": 768
  },
  {
    "timestamp": 19.283819580078124,
    "x": 16640,
    "y": 1792,
    "z": 768
  },
  {
    "timestamp": 19.31715291341146,
    "x": 16640,
    "y": 2048,
    "z": 768
  },
  {
    "timestamp": 19.35048624674479,
    "x": 16640,
    "y": 2048,
    "z": 768
  },
  {
    "timestamp": 19.383819580078125,
    "x": 16640,
    "y": 2304,
    "z": 512
  },
  {
    "timestamp": 19.41715291341146,
    "x": 16640,
    "y": 1792,
    "z": 768
  },
  {
    "timestamp": 19.45048624674479,
    "x": 16640,
    "y": 2304,
    "z": 512
  },
  {
    "timestamp": 19.483819580078126,
    "x": 16640,
    "y": 2048,
    "z": 768
  },
  {
    "timestamp": 19.517152913411458,
    "x": 16640,
    "y": 2048,
    "z": 512
  },
  {
    "timestamp": 19.550486246744793,
    "x": 16384,
    "y": 2048,
    "z": 768
  },
  {
    "timestamp": 19.583819580078124,
    "x": 16640,
    "y": 2048,
    "z": 768
  },
  {
    "timestamp": 19.61715291341146,
    "x": 16640,
    "y": 2304,
    "z": 768
  },
  {
    "timestamp": 19.65048624674479,
    "x": 16640,
    "y": 2048,
    "z": 768
  },
  {
    "timestamp": 19.683819580078126,
    "x": 16640,
    "y": 2048,
    "z": 512
  },
  {
    "timestamp": 19.717152913411457,
    "x": 16640,
    "y": 2048,
    "z": 512
  },
  {
    "timestamp": 19.750486246744792,
    "x": 16896,
    "y": 2048,
    "z": 768
  },
  {
    "timestamp": 19.783819580078124,
    "x": 16384,
    "y": 2048,
    "z": 768
  },
  {
    "timestamp": 19.81715291341146,
    "x": 16640,
    "y": 2304,
    "z": 768
  },
  {
    "timestamp": 19.85048624674479,
    "x": 16640,
    "y": 2048,
    "z": 768
  }
]