{
  "session_name": "session_2025_06_25_20250625_234800",
  "start_time": "2025-06-25T23:48:00.415489",
  "files": [
    {
      "type": "015F2A8E-3772-FB6D-2197-548F305983B0_eeg_raw",
      "filename": "015F2A8E-3772-FB6D-2197-548F305983B0_eeg_raw.json",
      "path": "/Users/brian_chae/link-band-sdk/data/session_2025_06_25_20250625_234800/015F2A8E-3772-FB6D-2197-548F305983B0_eeg_raw.json",
      "size": 359234,
      "record_count": 2325,
      "created_at": "2025-06-25T23:48:09.902837"
    },
    {
      "type": "015F2A8E-3772-FB6D-2197-548F305983B0_ppg_raw",
      "filename": "015F2A8E-3772-FB6D-2197-548F305983B0_ppg_raw.json",
      "path": "/Users/brian_chae/link-band-sdk/data/session_2025_06_25_20250625_234800/015F2A8E-3772-FB6D-2197-548F305983B0_ppg_raw.json",
      "size": 34610,
      "record_count": 448,
      "created_at": "2025-06-25T23:48:09.904271"
    },
    {
      "type": "015F2A8E-3772-FB6D-2197-548F305983B0_acc_raw",
      "filename": "015F2A8E-3772-FB6D-2197-548F305983B0_acc_raw.json",
      "path": "/Users/brian_chae/link-band-sdk/data/session_2025_06_25_20250625_234800/015F2A8E-3772-FB6D-2197-548F305983B0_acc_raw.json",
      "size": 21496,
      "record_count": 240,
      "created_at": "2025-06-25T23:48:09.905171"
    },
    {
      "type": "015F2A8E-3772-FB6D-2197-548F305983B0_acc_processed",
      "filename": "015F2A8E-3772-FB6D-2197-548F305983B0_acc_processed.json",
      "path": "/Users/brian_chae/link-band-sdk/data/session_2025_06_25_20250625_234800/015F2A8E-3772-FB6D-2197-548F305983B0_acc_processed.json",
      "size": 34956,
      "record_count": 6,
      "created_at": "2025-06-25T23:48:09.906201"
    },
    {
      "type": "015F2A8E-3772-FB6D-2197-548F305983B0_eeg_processed",
      "filename": "015F2A8E-3772-FB6D-2197-548F305983B0_eeg_processed.json",
      "path": "/Users/brian_chae/link-band-sdk/data/session_2025_06_25_20250625_234800/015F2A8E-3772-FB6D-2197-548F305983B0_eeg_processed.json",
      "size": 169438,
      "record_count": 7,
      "created_at": "2025-06-25T23:48:09.909989"
    }
  ],
  "status": "stopped",
  "export_path": "/Users/brian_chae/link-band-sdk/data",
  "end_time": "2025-06-25T23:48:09.893243",
  "stats": {
    "total_files": 5,
    "type_details": {
      "015F2A8E-3772-FB6D-2197-548F305983B0_eeg_raw": {
        "filename": "015F2A8E-3772-FB6D-2197-548F305983B0_eeg_raw.json",
        "record_count": 2325,
        "size_bytes": 359234
      },
      "015F2A8E-3772-FB6D-2197-548F305983B0_ppg_raw": {
        "filename": "015F2A8E-3772-FB6D-2197-548F305983B0_ppg_raw.json",
        "record_count": 448,
        "size_bytes": 34610
      },
      "015F2A8E-3772-FB6D-2197-548F305983B0_acc_raw": {
        "filename": "015F2A8E-3772-FB6D-2197-548F305983B0_acc_raw.json",
        "record_count": 240,
        "size_bytes": 21496
      },
      "015F2A8E-3772-FB6D-2197-548F305983B0_acc_processed": {
        "filename": "015F2A8E-3772-FB6D-2197-548F305983B0_acc_processed.json",
        "record_count": 6,
        "size_bytes": 34956
      },
      "015F2A8E-3772-FB6D-2197-548F305983B0_eeg_processed": {
        "filename": "015F2A8E-3772-FB6D-2197-548F305983B0_eeg_processed.json",
        "record_count": 7,
        "size_bytes": 169438
      }
    },
    "total_records": 3026
  }
}