{
  "session_name": "session_20250624_172345",
  "start_time": "2025-06-24T17:23:45.483146",
  "files": [
    {
      "type": "015F2A8E-3772-FB6D-2197-548F305983B0_eeg_raw",
      "filename": "015F2A8E-3772-FB6D-2197-548F305983B0_eeg_raw.json",
      "path": "data/session_20250624_172345/015F2A8E-3772-FB6D-2197-548F305983B0_eeg_raw.json",
      "size": 14901653,
      "record_count": 94300,
      "created_at": "2025-06-24T17:30:05.478609"
    },
    {
      "type": "015F2A8E-3772-FB6D-2197-548F305983B0_acc_raw",
      "filename": "015F2A8E-3772-FB6D-2197-548F305983B0_acc_raw.json",
      "path": "data/session_20250624_172345/015F2A8E-3772-FB6D-2197-548F305983B0_acc_raw.json",
      "size": 873088,
      "record_count": 9570,
      "created_at": "2025-06-24T17:30:05.503663"
    },
    {
      "type": "015F2A8E-3772-FB6D-2197-548F305983B0_acc_processed",
      "filename": "015F2A8E-3772-FB6D-2197-548F305983B0_acc_processed.json",
      "path": "data/session_20250624_172345/015F2A8E-3772-FB6D-2197-548F305983B0_acc_processed.json",
      "size": 1890161,
      "record_count": 319,
      "created_at": "2025-06-24T17:30:05.543842"
    },
    {
      "type": "015F2A8E-3772-FB6D-2197-548F305983B0_eeg_processed",
      "filename": "015F2A8E-3772-FB6D-2197-548F305983B0_eeg_processed.json",
      "path": "data/session_20250624_172345/015F2A8E-3772-FB6D-2197-548F305983B0_eeg_processed.json",
      "size": 14986548,
      "record_count": 673,
      "created_at": "2025-06-24T17:30:05.839035"
    },
    {
      "type": "015F2A8E-3772-FB6D-2197-548F305983B0_ppg_raw",
      "filename": "015F2A8E-3772-FB6D-2197-548F305983B0_ppg_raw.json",
      "path": "data/session_20250624_172345/015F2A8E-3772-FB6D-2197-548F305983B0_ppg_raw.json",
      "size": 1574433,
      "record_count": 18928,
      "created_at": "2025-06-24T17:30:05.877902"
    },
    {
      "type": "015F2A8E-3772-FB6D-2197-548F305983B0_ppg_processed",
      "filename": "015F2A8E-3772-FB6D-2197-548F305983B0_ppg_processed.json",
      "path": "data/session_20250624_172345/015F2A8E-3772-FB6D-2197-548F305983B0_ppg_processed.json",
      "size": 5944303,
      "record_count": 572,
      "created_at": "2025-06-24T17:30:05.999363"
    },
    {
      "type": "015F2A8E-3772-FB6D-2197-548F305983B0_bat",
      "filename": "015F2A8E-3772-FB6D-2197-548F305983B0_bat.json",
      "path": "data/session_20250624_172345/015F2A8E-3772-FB6D-2197-548F305983B0_bat.json",
      "size": 183,
      "record_count": 3,
      "created_at": "2025-06-24T17:30:06.000961"
    }
  ],
  "status": "stopped",
  "end_time": "2025-06-24T17:30:05.161238",
  "stats": {
    "total_files": 7,
    "type_details": {
      "015F2A8E-3772-FB6D-2197-548F305983B0_eeg_raw": {
        "filename": "015F2A8E-3772-FB6D-2197-548F305983B0_eeg_raw.json",
        "record_count": 94300,
        "size_bytes": 14901653
      },
      "015F2A8E-3772-FB6D-2197-548F305983B0_acc_raw": {
        "filename": "015F2A8E-3772-FB6D-2197-548F305983B0_acc_raw.json",
        "record_count": 9570,
        "size_bytes": 873088
      },
      "015F2A8E-3772-FB6D-2197-548F305983B0_acc_processed": {
        "filename": "015F2A8E-3772-FB6D-2197-548F305983B0_acc_processed.json",
        "record_count": 319,
        "size_bytes": 1890161
      },
      "015F2A8E-3772-FB6D-2197-548F305983B0_eeg_processed": {
        "filename": "015F2A8E-3772-FB6D-2197-548F305983B0_eeg_processed.json",
        "record_count": 673,
        "size_bytes": 14986548
      },
      "015F2A8E-3772-FB6D-2197-548F305983B0_ppg_raw": {
        "filename": "015F2A8E-3772-FB6D-2197-548F305983B0_ppg_raw.json",
        "record_count": 18928,
        "size_bytes": 1574433
      },
      "015F2A8E-3772-FB6D-2197-548F305983B0_ppg_processed": {
        "filename": "015F2A8E-3772-FB6D-2197-548F305983B0_ppg_processed.json",
        "record_count": 572,
        "size_bytes": 5944303
      },
      "015F2A8E-3772-FB6D-2197-548F305983B0_bat": {
        "filename": "015F2A8E-3772-FB6D-2197-548F305983B0_bat.json",
        "record_count": 3,
        "size_bytes": 183
      }
    },
    "total_records": 124365
  }
}