[
  {
    "timestamp": 23.919189453125,
    "x": -15872,
    "y": -2816,
    "z": 1792
  },
  {
    "timestamp": 23.952522786458335,
    "x": -15872,
    "y": -2560,
    "z": 1536
  },
  {
    "timestamp": 23.985856119791666,
    "x": -15360,
    "y": -2816,
    "z": 1792
  },
  {
    "timestamp": 24.019189453125,
    "x": -15616,
    "y": -2560,
    "z": 1536
  },
  {
    "timestamp": 24.052522786458333,
    "x": -15616,
    "y": -2816,
    "z": 1536
  },
  {
    "timestamp": 24.085856119791668,
    "x": -15616,
    "y": -2816,
    "z": 1792
  },
  {
    "timestamp": 24.119189453125,
    "x": -15616,
    "y": -2816,
    "z": 1792
  },
  {
    "timestamp": 24.152522786458334,
    "x": -15616,
    "y": -2560,
    "z": 1792
  },
  {
    "timestamp": 24.185856119791666,
    "x": -15872,
    "y": -2560,
    "z": 1792
  },
  {
    "timestamp": 24.219189453125,
    "x": -15872,
    "y": -2816,
    "z": 1536
  },
  {
    "timestamp": 24.252522786458332,
    "x": -15616,
    "y": -2816,
    "z": 1792
  },
  {
    "timestamp": 24.285856119791667,
    "x": -15872,
    "y": -2816,
    "z": 1792
  },
  {
    "timestamp": 24.319189453125,
    "x": -15872,
    "y": -2816,
    "z": 1536
  },
  {
    "timestamp": 24.352522786458334,
    "x": -15872,
    "y": -3072,
    "z": 1536
  },
  {
    "timestamp": 24.385856119791665,
    "x": -15616,
    "y": -2816,
    "z": 2048
  },
  {
    "timestamp": 24.419189453125,
    "x": -15616,
    "y": -2560,
    "z": 1792
  },
  {
    "timestamp": 24.452522786458335,
    "x": -15872,
    "y": -2816,
    "z": 1792
  },
  {
    "timestamp": 24.485856119791666,
    "x": -15616,
    "y": -2560,
    "z": 1536
  },
  {
    "timestamp": 24.519189453125,
    "x": -15872,
    "y": -2816,
    "z": 1792
  },
  {
    "timestamp": 24.552522786458333,
    "x": -15872,
    "y": -2816,
    "z": 1536
  },
  {
    "timestamp": 24.585856119791668,
    "x": -15616,
    "y": -2560,
    "z": 1792
  },
  {
    "timestamp": 24.619189453125,
    "x": -15872,
    "y": -2560,
    "z": 1792
  },
  {
    "timestamp": 24.652522786458334,
    "x": -15872,
    "y": -2816,
    "z": 1536
  },
  {
    "timestamp": 24.685856119791666,
    "x": -15872,
    "y": -2816,
    "z": 1792
  },
  {
    "timestamp": 24.719189453125,
    "x": -15872,
    "y": -2816,
    "z": 1792
  },
  {
    "timestamp": 24.752522786458332,
    "x": -15872,
    "y": -2304,
    "z": 1792
  },
  {
    "timestamp": 24.785856119791667,
    "x": -15616,
    "y": -2560,
    "z": 1792
  },
  {
    "timestamp": 24.819189453125,
    "x": -15872,
    "y": -2560,
    "z": 1792
  },
  {
    "timestamp": 24.852522786458334,
    "x": -15616,
    "y": -2816,
    "z": 1792
  },
  {
    "timestamp": 24.885856119791665,
    "x": -15616,
    "y": -2816,
    "z": 1792
  },
  {
    "timestamp": 25.1075439453125,
    "x": -15872,
    "y": -2560,
    "z": 1536
  },
  {
    "timestamp": 25.140877278645835,
    "x": -15872,
    "y": -2560,
    "z": 2048
  },
  {
    "timestamp": 25.174210611979166,
    "x": -15616,
    "y": -2816,
    "z": 1792
  },
  {
    "timestamp": 25.2075439453125,
    "x": -15616,
    "y": -2816,
    "z": 1792
  },
  {
    "timestamp": 25.240877278645833,
    "x": -15616,
    "y": -2560,
    "z": 1792
  },
  {
    "timestamp": 25.274210611979168,
    "x": -15616,
    "y": -2816,
    "z": 1536
  },
  {
    "timestamp": 25.3075439453125,
    "x": -15616,
    "y": -2816,
    "z": 1792
  },
  {
    "timestamp": 25.340877278645834,
    "x": -15872,
    "y": -2816,
    "z": 1536
  },
  {
    "timestamp": 25.374210611979166,
    "x": -15616,
    "y": -2560,
    "z": 1536
  },
  {
    "timestamp": 25.4075439453125,
    "x": -15616,
    "y": -2816,
    "z": 1536
  },
  {
    "timestamp": 25.440877278645832,
    "x": -15616,
    "y": -2816,
    "z": 2048
  },
  {
    "timestamp": 25.474210611979167,
    "x": -15872,
    "y": -2560,
    "z": 1792
  },
  {
    "timestamp": 25.5075439453125,
    "x": -15872,
    "y": -2816,
    "z": 1536
  },
  {
    "timestamp": 25.540877278645834,
    "x": -15872,
    "y": -2816,
    "z": 1792
  },
  {
    "timestamp": 25.574210611979165,
    "x": -15616,
    "y": -2560,
    "z": 1792
  },
  {
    "timestamp": 25.6075439453125,
    "x": -15872,
    "y": -2816,
    "z": 1536
  },
  {
    "timestamp": 25.640877278645835,
    "x": -15616,
    "y": -3072,
    "z": 2048
  },
  {
    "timestamp": 25.674210611979166,
    "x": -15872,
    "y": -2560,
    "z": 1792
  },
  {
    "timestamp": 25.7075439453125,
    "x": -15616,
    "y": -2560,
    "z": 1536
  },
  {
    "timestamp": 25.740877278645833,
    "x": -15616,
    "y": -2560,
    "z": 1792
  },
  {
    "timestamp": 25.774210611979168,
    "x": -15872,
    "y": -2560,
    "z": 1536
  },
  {
    "timestamp": 25.8075439453125,
    "x": -15872,
    "y": -2816,
    "z": 1792
  },
  {
    "timestamp": 25.840877278645834,
    "x": -15616,
    "y": -2560,
    "z": 2048
  },
  {
    "timestamp": 25.874210611979166,
    "x": -15616,
    "y": -2560,
    "z": 1792
  },
  {
    "timestamp": 25.9075439453125,
    "x": -15616,
    "y": -2560,
    "z": 1792
  },
  {
    "timestamp": 25.940877278645832,
    "x": -15872,
    "y": -2560,
    "z": 1792
  },
  {
    "timestamp": 25.974210611979167,
    "x": -15616,
    "y": -2816,
    "z": 1792
  },
  {
    "timestamp": 26.0075439453125,
    "x": -15872,
    "y": -2816,
    "z": 1536
  },
  {
    "timestamp": 26.040877278645834,
    "x": -15616,
    "y": -2560,
    "z": 1792
  },
  {
    "timestamp": 26.074210611979165,
    "x": -15616,
    "y": -2816,
    "z": 1792
  },
  {
    "timestamp": 26.295867919921875,
    "x": -15872,
    "y": -2560,
    "z": 1536
  },
  {
    "timestamp": 26.32920125325521,
    "x": -15616,
    "y": -2816,
    "z": 1792
  },
  {
    "timestamp": 26.36253458658854,
    "x": -15872,
    "y": -2560,
    "z": 1536
  },
  {
    "timestamp": 26.395867919921876,
    "x": -15872,
    "y": -2560,
    "z": 1536
  },
  {
    "timestamp": 26.429201253255208,
    "x": -15616,
    "y": -2816,
    "z": 1792
  },
  {
    "timestamp": 26.462534586588543,
    "x": -15616,
    "y": -2560,
    "z": 1792
  },
  {
    "timestamp": 26.495867919921874,
    "x": -15872,
    "y": -2816,
    "z": 1792
  },
  {
    "timestamp": 26.52920125325521,
    "x": -15616,
    "y": -2560,
    "z": 1536
  },
  {
    "timestamp": 26.56253458658854,
    "x": -15616,
    "y": -2816,
    "z": 1536
  },
  {
    "timestamp": 26.595867919921876,
    "x": -15872,
    "y": -2816,
    "z": 1536
  },
  {
    "timestamp": 26.629201253255207,
    "x": -15872,
    "y": -2816,
    "z": 1792
  },
  {
    "timestamp": 26.662534586588542,
    "x": -15616,
    "y": -2560,
    "z": 1792
  },
  {
    "timestamp": 26.695867919921874,
    "x": -15872,
    "y": -2560,
    "z": 1792
  },
  {
    "timestamp": 26.72920125325521,
    "x": -15872,
    "y": -2560,
    "z": 1792
  },
  {
    "timestamp": 26.76253458658854,
    "x": -15616,
    "y": -2560,
    "z": 1792
  },
  {
    "timestamp": 26.795867919921875,
    "x": -15872,
    "y": -2560,
    "z": 1792
  },
  {
    "timestamp": 26.82920125325521,
    "x": -15616,
    "y": -2816,
    "z": 2048
  },
  {
    "timestamp": 26.86253458658854,
    "x": -15616,
    "y": -2816,
    "z": 1792
  },
  {
    "timestamp": 26.895867919921876,
    "x": -15616,
    "y": -2816,
    "z": 1536
  },
  {
    "timestamp": 26.929201253255208,
    "x": -15872,
    "y": -2816,
    "z": 1792
  },
  {
    "timestamp": 26.962534586588543,
    "x": -15872,
    "y": -2560,
    "z": 2048
  },
  {
    "timestamp": 26.995867919921874,
    "x": -15872,
    "y": -2816,
    "z": 1792
  },
  {
    "timestamp": 27.02920125325521,
    "x": -15616,
    "y": -2816,
    "z": 1536
  },
  {
    "timestamp": 27.06253458658854,
    "x": -15616,
    "y": -2816,
    "z": 1536
  },
  {
    "timestamp": 27.095867919921876,
    "x": -15616,
    "y": -2560,
    "z": 1536
  },
  {
    "timestamp": 27.129201253255207,
    "x": -15872,
    "y": -2560,
    "z": 1792
  },
  {
    "timestamp": 27.162534586588542,
    "x": -15616,
    "y": -2560,
    "z": 1536
  },
  {
    "timestamp": 27.195867919921874,
    "x": -15872,
    "y": -2816,
    "z": 1792
  },
  {
    "timestamp": 27.22920125325521,
    "x": -15616,
    "y": -2816,
    "z": 1536
  },
  {
    "timestamp": 27.26253458658854,
    "x": -15872,
    "y": -2560,
    "z": 1536
  },
  {
    "timestamp": 27.48431396484375,
    "x": -15616,
    "y": -2816,
    "z": 1536
  },
  {
    "timestamp": 27.517647298177085,
    "x": -15872,
    "y": -2816,
    "z": 1792
  },
  {
    "timestamp": 27.550980631510416,
    "x": -15616,
    "y": -2816,
    "z": 1536
  },
  {
    "timestamp": 27.58431396484375,
    "x": -15616,
    "y": -2560,
    "z": 1792
  },
  {
    "timestamp": 27.617647298177083,
    "x": -15872,
    "y": -2560,
    "z": 1536
  },
  {
    "timestamp": 27.650980631510418,
    "x": -15616,
    "y": -2560,
    "z": 1536
  },
  {
    "timestamp": 27.68431396484375,
    "x": -15616,
    "y": -2816,
    "z": 1792
  },
  {
    "timestamp": 27.717647298177084,
    "x": -15616,
    "y": -2816,
    "z": 1536
  },
  {
    "timestamp": 27.750980631510416,
    "x": -15872,
    "y": -2560,
    "z": 1792
  },
  {
    "timestamp": 27.78431396484375,
    "x": -15616,
    "y": -2816,
    "z": 1536
  },
  {
    "timestamp": 27.817647298177082,
    "x": -15616,
    "y": -2560,
    "z": 1536
  },
  {
    "timestamp": 27.850980631510417,
    "x": -15872,
    "y": -2816,
    "z": 1536
  },
  {
    "timestamp": 27.88431396484375,
    "x": -15616,
    "y": -2560,
    "z": 1792
  },
  {
    "timestamp": 27.917647298177084,
    "x": -15616,
    "y": -2560,
    "z": 1792
  },
  {
    "timestamp": 27.950980631510415,
    "x": -15872,
    "y": -3072,
    "z": 1536
  },
  {
    "timestamp": 27.98431396484375,
    "x": -15872,
    "y": -2816,
    "z": 1536
  },
  {
    "timestamp": 28.017647298177085,
    "x": -15872,
    "y": -2560,
    "z": 1792
  },
  {
    "timestamp": 28.050980631510416,
    "x": -15616,
    "y": -2816,
    "z": 1536
  },
  {
    "timestamp": 28.08431396484375,
    "x": -15872,
    "y": -2816,
    "z": 1536
  },
  {
    "timestamp": 28.117647298177083,
    "x": -15616,
    "y": -2560,
    "z": 1792
  },
  {
    "timestamp": 28.150980631510418,
    "x": -15872,
    "y": -2816,
    "z": 1536
  },
  {
    "timestamp": 28.18431396484375,
    "x": -15616,
    "y": -2816,
    "z": 1536
  },
  {
    "timestamp": 28.217647298177084,
    "x": -15616,
    "y": -2816,
    "z": 1792
  },
  {
    "timestamp": 28.250980631510416,
    "x": -15872,
    "y": -2304,
    "z": 1536
  },
  {
    "timestamp": 28.28431396484375,
    "x": -15616,
    "y": -3072,
    "z": 1280
  },
  {
    "timestamp": 28.317647298177082,
    "x": -15616,
    "y": -2816,
    "z": 1536
  },
  {
    "timestamp": 28.350980631510417,
    "x": -15872,
    "y": -2560,
    "z": 1792
  },
  {
    "timestamp": 28.38431396484375,
    "x": -15872,
    "y": -2816,
    "z": 1792
  },
  {
    "timestamp": 28.417647298177084,
    "x": -15872,
    "y": -2816,
    "z": 1792
  },
  {
    "timestamp": 28.450980631510415,
    "x": -15616,
    "y": -2816,
    "z": 1792
  },
  {
    "timestamp": 28.672760009765625,
    "x": -15872,
    "y": -2560,
    "z": 1792
  },
  {
    "timestamp": 28.70609334309896,
    "x": -15872,
    "y": -2560,
    "z": 1792
  },
  {
    "timestamp": 28.73942667643229,
    "x": -15872,
    "y": -2816,
    "z": 1792
  },
  {
    "timestamp": 28.772760009765626,
    "x": -15360,
    "y": -2560,
    "z": 1792
  },
  {
    "timestamp": 28.806093343098958,
    "x": -15872,
    "y": -2816,
    "z": 1536
  },
  {
    "timestamp": 28.839426676432293,
    "x": -16128,
    "y": -2816,
    "z": 1792
  },
  {
    "timestamp": 28.872760009765624,
    "x": -15616,
    "y": -2816,
    "z": 1536
  },
  {
    "timestamp": 28.90609334309896,
    "x": -15872,
    "y": -2816,
    "z": 2048
  },
  {
    "timestamp": 28.93942667643229,
    "x": -15616,
    "y": -2816,
    "z": 1536
  },
  {
    "timestamp": 28.972760009765626,
    "x": -15872,
    "y": -2560,
    "z": 1536
  },
  {
    "timestamp": 29.006093343098957,
    "x": -15616,
    "y": -2816,
    "z": 1792
  },
  {
    "timestamp": 29.039426676432292,
    "x": -15616,
    "y": -2560,
    "z": 1536
  },
  {
    "timestamp": 29.072760009765624,
    "x": -15616,
    "y": -2816,
    "z": 2048
  },
  {
    "timestamp": 29.10609334309896,
    "x": -15616,
    "y": -2560,
    "z": 1536
  },
  {
    "timestamp": 29.13942667643229,
    "x": -15616,
    "y": -2560,
    "z": 1536
  },
  {
    "timestamp": 29.172760009765625,
    "x": -15616,
    "y": -2816,
    "z": 1536
  },
  {
    "timestamp": 29.20609334309896,
    "x": -15872,
    "y": -2560,
    "z": 1792
  },
  {
    "timestamp": 29.23942667643229,
    "x": -15616,
    "y": -2560,
    "z": 1792
  },
  {
    "timestamp": 29.272760009765626,
    "x": -15872,
    "y": -2816,
    "z": 1536
  },
  {
    "timestamp": 29.306093343098958,
    "x": -15872,
    "y": -2816,
    "z": 1792
  },
  {
    "timestamp": 29.339426676432293,
    "x": -15616,
    "y": -2560,
    "z": 1536
  },
  {
    "timestamp": 29.372760009765624,
    "x": -15872,
    "y": -2560,
    "z": 1536
  },
  {
    "timestamp": 29.40609334309896,
    "x": -15616,
    "y": -2560,
    "z": 1792
  },
  {
    "timestamp": 29.43942667643229,
    "x": -15616,
    "y": -2560,
    "z": 1792
  },
  {
    "timestamp": 29.472760009765626,
    "x": -15616,
    "y": -2816,
    "z": 1536
  },
  {
    "timestamp": 29.506093343098957,
    "x": -15616,
    "y": -2816,
    "z": 1792
  },
  {
    "timestamp": 29.539426676432292,
    "x": -15616,
    "y": -2560,
    "z": 1536
  },
  {
    "timestamp": 29.572760009765624,
    "x": -15616,
    "y": -2304,
    "z": 1792
  },
  {
    "timestamp": 29.60609334309896,
    "x": -15616,
    "y": -2816,
    "z": 1792
  },
  {
    "timestamp": 29.63942667643229,
    "x": -15872,
    "y": -2816,
    "z": 1536
  },
  {
    "timestamp": 29.86114501953125,
    "x": -15872,
    "y": -2816,
    "z": 1792
  },
  {
    "timestamp": 29.894478352864585,
    "x": -15360,
    "y": -2816,
    "z": 1792
  },
  {
    "timestamp": 29.927811686197916,
    "x": -15616,
    "y": -2816,
    "z": 1792
  },
  {
    "timestamp": 29.96114501953125,
    "x": -15616,
    "y": -2560,
    "z": 1792
  },
  {
    "timestamp": 29.994478352864583,
    "x": -15616,
    "y": -2816,
    "z": 1792
  },
  {
    "timestamp": 30.027811686197918,
    "x": -15872,
    "y": -2816,
    "z": 1280
  },
  {
    "timestamp": 30.06114501953125,
    "x": -15616,
    "y": -2816,
    "z": 1536
  },
  {
    "timestamp": 30.094478352864584,
    "x": -15616,
    "y": -2816,
    "z": 1536
  },
  {
    "timestamp": 30.127811686197916,
    "x": -15616,
    "y": -2560,
    "z": 1536
  },
  {
    "timestamp": 30.16114501953125,
    "x": -15872,
    "y": -2816,
    "z": 1792
  },
  {
    "timestamp": 30.194478352864582,
    "x": -15872,
    "y": -2560,
    "z": 1280
  },
  {
    "timestamp": 30.227811686197917,
    "x": -15872,
    "y": -2560,
    "z": 1792
  },
  {
    "timestamp": 30.26114501953125,
    "x": -15616,
    "y": -2816,
    "z": 1792
  },
  {
    "timestamp": 30.294478352864584,
    "x": -15616,
    "y": -2560,
    "z": 1792
  },
  {
    "timestamp": 30.327811686197915,
    "x": -15616,
    "y": -2816,
    "z": 1536
  },
  {
    "timestamp": 30.36114501953125,
    "x": -15616,
    "y": -2816,
    "z": 1536
  },
  {
    "timestamp": 30.394478352864585,
    "x": -15872,
    "y": -2816,
    "z": 1536
  },
  {
    "timestamp": 30.427811686197916,
    "x": -15616,
    "y": -2560,
    "z": 1792
  },
  {
    "timestamp": 30.46114501953125,
    "x": -15872,
    "y": -2560,
    "z": 1536
  },
  {
    "timestamp": 30.494478352864583,
    "x": -15872,
    "y": -2560,
    "z": 1792
  },
  {
    "timestamp": 30.527811686197918,
    "x": -15616,
    "y": -2816,
    "z": 1792
  },
  {
    "timestamp": 30.56114501953125,
    "x": -15872,
    "y": -2560,
    "z": 1536
  },
  {
    "timestamp": 30.594478352864584,
    "x": -15616,
    "y": -2816,
    "z": 1792
  },
  {
    "timestamp": 30.627811686197916,
    "x": -15872,
    "y": -2560,
    "z": 1536
  },
  {
    "timestamp": 30.66114501953125,
    "x": -16128,
    "y": -2816,
    "z": 1792
  },
  {
    "timestamp": 30.694478352864582,
    "x": -15616,
    "y": -2816,
    "z": 1280
  },
  {
    "timestamp": 30.727811686197917,
    "x": -15872,
    "y": -2560,
    "z": 1792
  },
  {
    "timestamp": 30.76114501953125,
    "x": -15616,
    "y": -2816,
    "z": 1792
  },
  {
    "timestamp": 30.794478352864584,
    "x": -15616,
    "y": -2816,
    "z": 1536
  },
  {
    "timestamp": 30.827811686197915,
    "x": -15616,
    "y": -2816,
    "z": 1792
  },
  {
    "timestamp": 31.049591064453125,
    "x": -15872,
    "y": -2816,
    "z": 1792
  },
  {
    "timestamp": 31.08292439778646,
    "x": -15872,
    "y": -2560,
    "z": 1792
  },
  {
    "timestamp": 31.11625773111979,
    "x": -15616,
    "y": -2816,
    "z": 1792
  },
  {
    "timestamp": 31.149591064453126,
    "x": -15872,
    "y": -2816,
    "z": 1536
  },
  {
    "timestamp": 31.182924397786458,
    "x": -15872,
    "y": -2816,
    "z": 1792
  },
  {
    "timestamp": 31.216257731119793,
    "x": -15616,
    "y": -2816,
    "z": 1792
  },
  {
    "timestamp": 31.249591064453124,
    "x": -16128,
    "y": -2304,
    "z": 1536
  },
  {
    "timestamp": 31.28292439778646,
    "x": -15104,
    "y": -3072,
    "z": 2048
  },
  {
    "timestamp": 31.31625773111979,
    "x": -16128,
    "y": -2816,
    "z": 1536
  },
  {
    "timestamp": 31.349591064453126,
    "x": -15616,
    "y": -2816,
    "z": 2048
  },
  {
    "timestamp": 31.382924397786457,
    "x": -15872,
    "y": -2816,
    "z": 2048
  },
  {
    "timestamp": 31.416257731119792,
    "x": -15872,
    "y": -2816,
    "z": 1792
  },
  {
    "timestamp": 31.449591064453124,
    "x": -15616,
    "y": -2816,
    "z": 2048
  },
  {
    "timestamp": 31.48292439778646,
    "x": -15616,
    "y": -2560,
    "z": 1792
  },
  {
    "timestamp": 31.51625773111979,
    "x": -15616,
    "y": -2816,
    "z": 1536
  },
  {
    "timestamp": 31.549591064453125,
    "x": -15616,
    "y": -2560,
    "z": 1536
  },
  {
    "timestamp": 31.58292439778646,
    "x": -15616,
    "y": -2560,
    "z": 1536
  },
  {
    "timestamp": 31.61625773111979,
    "x": -15616,
    "y": -2816,
    "z": 1536
  },
  {
    "timestamp": 31.649591064453126,
    "x": -15872,
    "y": -2816,
    "z": 1792
  },
  {
    "timestamp": 31.682924397786458,
    "x": -15616,
    "y": -2816,
    "z": 1792
  },
  {
    "timestamp": 31.716257731119793,
    "x": -15872,
    "y": -2560,
    "z": 1536
  },
  {
    "timestamp": 31.749591064453124,
    "x": -15616,
    "y": -2816,
    "z": 2048
  },
  {
    "timestamp": 31.78292439778646,
    "x": -15872,
    "y": -2816,
    "z": 1536
  },
  {
    "timestamp": 31.81625773111979,
    "x": -15616,
    "y": -2816,
    "z": 1536
  },
  {
    "timestamp": 31.849591064453126,
    "x": -15872,
    "y": -2816,
    "z": 1792
  },
  {
    "timestamp": 31.882924397786457,
    "x": -15616,
    "y": -2560,
    "z": 1536
  },
  {
    "timestamp": 31.916257731119792,
    "x": -15872,
    "y": -2816,
    "z": 1536
  },
  {
    "timestamp": 31.949591064453124,
    "x": -15616,
    "y": -2816,
    "z": 1536
  },
  {
    "timestamp": 31.98292439778646,
    "x": -15616,
    "y": -2816,
    "z": 1536
  },
  {
    "timestamp": 32.016257731119794,
    "x": -15616,
    "y": -2560,
    "z": 1792
  }
]