[
  {
    "timestamp": 23.350599365234373,
    "red": 2372,
    "ir": 1566
  },
  {
    "timestamp": 23.470599365234374,
    "red": 2363,
    "ir": 1558
  },
  {
    "timestamp": 23.590599365234375,
    "red": 2361,
    "ir": 1563
  },
  {
    "timestamp": 23.710599365234376,
    "red": 2342,
    "ir": 1548
  },
  {
    "timestamp": 23.830599365234374,
    "red": 2347,
    "ir": 1560
  },
  {
    "timestamp": 23.950599365234375,
    "red": 2368,
    "ir": 1566
  },
  {
    "timestamp": 24.070599365234376,
    "red": 2345,
    "ir": 1555
  },
  {
    "timestamp": 24.190599365234377,
    "red": 2352,
    "ir": 1563
  },
  {
    "timestamp": 24.310599365234374,
    "red": 2338,
    "ir": 1548
  },
  {
    "timestamp": 24.430599365234375,
    "red": 2352,
    "ir": 1564
  },
  {
    "timestamp": 24.550599365234376,
    "red": 2362,
    "ir": 1556
  },
  {
    "timestamp": 24.670599365234374,
    "red": 2347,
    "ir": 1554
  },
  {
    "timestamp": 24.790599365234375,
    "red": 2356,
    "ir": 1561
  },
  {
    "timestamp": 24.910599365234376,
    "red": 2342,
    "ir": 1552
  },
  {
    "timestamp": 25.030599365234377,
    "red": 2351,
    "ir": 1564
  },
  {
    "timestamp": 25.150599365234374,
    "red": 2356,
    "ir": 1555
  },
  {
    "timestamp": 25.270599365234375,
    "red": 2348,
    "ir": 1553
  },
  {
    "timestamp": 25.390599365234376,
    "red": 2356,
    "ir": 1563
  },
  {
    "timestamp": 25.510599365234377,
    "red": 2342,
    "ir": 1553
  },
  {
    "timestamp": 25.630599365234374,
    "red": 2352,
    "ir": 1565
  },
  {
    "timestamp": 25.750599365234375,
    "red": 2357,
    "ir": 1555
  },
  {
    "timestamp": 25.870599365234376,
    "red": 2348,
    "ir": 1552
  },
  {
    "timestamp": 25.990599365234374,
    "red": 2357,
    "ir": 1563
  },
  {
    "timestamp": 26.110599365234375,
    "red": 2348,
    "ir": 1552
  },
  {
    "timestamp": 26.230599365234376,
    "red": 2355,
    "ir": 1569
  },
  {
    "timestamp": 26.350599365234373,
    "red": 2354,
    "ir": 1555
  },
  {
    "timestamp": 26.470599365234374,
    "red": 2349,
    "ir": 1557
  },
  {
    "timestamp": 26.590599365234375,
    "red": 2358,
    "ir": 1558
  },
  {
    "timestamp": 23.911756591796873,
    "red": 2349,
    "ir": 1555
  },
  {
    "timestamp": 24.031756591796874,
    "red": 2354,
    "ir": 1571
  },
  {
    "timestamp": 24.151756591796875,
    "red": 2350,
    "ir": 1555
  },
  {
    "timestamp": 24.271756591796876,
    "red": 2343,
    "ir": 1556
  },
  {
    "timestamp": 24.391756591796874,
    "red": 2357,
    "ir": 1562
  },
  {
    "timestamp": 24.511756591796875,
    "red": 2347,
    "ir": 1559
  },
  {
    "timestamp": 24.631756591796876,
    "red": 2357,
    "ir": 1568
  },
  {
    "timestamp": 24.751756591796877,
    "red": 2347,
    "ir": 1555
  },
  {
    "timestamp": 24.871756591796874,
    "red": 2344,
    "ir": 1554
  },
  {
    "timestamp": 24.991756591796875,
    "red": 2359,
    "ir": 1559
  },
  {
    "timestamp": 25.111756591796876,
    "red": 2342,
    "ir": 1548
  },
  {
    "timestamp": 25.231756591796874,
    "red": 2358,
    "ir": 1564
  },
  {
    "timestamp": 25.351756591796875,
    "red": 2346,
    "ir": 1553
  },
  {
    "timestamp": 25.471756591796876,
    "red": 2345,
    "ir": 1557
  },
  {
    "timestamp": 25.591756591796877,
    "red": 2356,
    "ir": 1557
  },
  {
    "timestamp": 25.711756591796874,
    "red": 2345,
    "ir": 1555
  },
  {
    "timestamp": 25.831756591796875,
    "red": 2357,
    "ir": 1568
  },
  {
    "timestamp": 25.951756591796876,
    "red": 2347,
    "ir": 1553
  },
  {
    "timestamp": 26.071756591796877,
    "red": 2344,
    "ir": 1561
  },
  {
    "timestamp": 26.191756591796874,
    "red": 2357,
    "ir": 1559
  },
  {
    "timestamp": 26.311756591796875,
    "red": 2345,
    "ir": 1552
  },
  {
    "timestamp": 26.431756591796876,
    "red": 2355,
    "ir": 1563
  },
  {
    "timestamp": 26.551756591796874,
    "red": 2343,
    "ir": 1551
  },
  {
    "timestamp": 26.671756591796875,
    "red": 2348,
    "ir": 1559
  },
  {
    "timestamp": 26.791756591796876,
    "red": 2355,
    "ir": 1560
  },
  {
    "timestamp": 26.911756591796873,
    "red": 2346,
    "ir": 1558
  },
  {
    "timestamp": 27.031756591796874,
    "red": 2360,
    "ir": 1566
  },
  {
    "timestamp": 27.151756591796875,
    "red": 2342,
    "ir": 1553
  },
  {
    "timestamp": 24.47288330078125,
    "red": 2347,
    "ir": 1564
  },
  {
    "timestamp": 24.59288330078125,
    "red": 2359,
    "ir": 1554
  },
  {
    "timestamp": 24.71288330078125,
    "red": 2347,
    "ir": 1556
  },
  {
    "timestamp": 24.83288330078125,
    "red": 2358,
    "ir": 1565
  },
  {
    "timestamp": 24.95288330078125,
    "red": 2343,
    "ir": 1549
  },
  {
    "timestamp": 25.07288330078125,
    "red": 2345,
    "ir": 1567
  },
  {
    "timestamp": 25.19288330078125,
    "red": 2353,
    "ir": 1553
  },
  {
    "timestamp": 25.31288330078125,
    "red": 2348,
    "ir": 1554
  },
  {
    "timestamp": 25.43288330078125,
    "red": 2360,
    "ir": 1566
  },
  {
    "timestamp": 25.55288330078125,
    "red": 2342,
    "ir": 1552
  },
  {
    "timestamp": 25.67288330078125,
    "red": 2349,
    "ir": 1572
  },
  {
    "timestamp": 25.79288330078125,
    "red": 2349,
    "ir": 1556
  },
  {
    "timestamp": 25.91288330078125,
    "red": 2348,
    "ir": 1555
  },
  {
    "timestamp": 26.03288330078125,
    "red": 2359,
    "ir": 1563
  },
  {
    "timestamp": 26.15288330078125,
    "red": 2343,
    "ir": 1555
  },
  {
    "timestamp": 26.27288330078125,
    "red": 2351,
    "ir": 1568
  },
  {
    "timestamp": 26.39288330078125,
    "red": 2346,
    "ir": 1550
  },
  {
    "timestamp": 26.51288330078125,
    "red": 2347,
    "ir": 1556
  },
  {
    "timestamp": 26.632883300781252,
    "red": 2358,
    "ir": 1560
  },
  {
    "timestamp": 26.75288330078125,
    "red": 2348,
    "ir": 1553
  },
  {
    "timestamp": 26.87288330078125,
    "red": 2357,
    "ir": 1566
  },
  {
    "timestamp": 26.99288330078125,
    "red": 2350,
    "ir": 1553
  },
  {
    "timestamp": 27.11288330078125,
    "red": 2344,
    "ir": 1559
  },
  {
    "timestamp": 27.23288330078125,
    "red": 2356,
    "ir": 1563
  },
  {
    "timestamp": 27.35288330078125,
    "red": 2349,
    "ir": 1552
  },
  {
    "timestamp": 27.47288330078125,
    "red": 2355,
    "ir": 1568
  },
  {
    "timestamp": 27.59288330078125,
    "red": 2353,
    "ir": 1555
  },
  {
    "timestamp": 27.71288330078125,
    "red": 2349,
    "ir": 1563
  },
  {
    "timestamp": 25.0339794921875,
    "red": 2356,
    "ir": 1560
  },
  {
    "timestamp": 25.1539794921875,
    "red": 2348,
    "ir": 1556
  },
  {
    "timestamp": 25.2739794921875,
    "red": 2357,
    "ir": 1569
  },
  {
    "timestamp": 25.3939794921875,
    "red": 2344,
    "ir": 1554
  },
  {
    "timestamp": 25.5139794921875,
    "red": 2346,
    "ir": 1563
  },
  {
    "timestamp": 25.6339794921875,
    "red": 2361,
    "ir": 1556
  },
  {
    "timestamp": 25.7539794921875,
    "red": 2346,
    "ir": 1554
  },
  {
    "timestamp": 25.8739794921875,
    "red": 2357,
    "ir": 1568
  },
  {
    "timestamp": 25.9939794921875,
    "red": 2344,
    "ir": 1555
  },
  {
    "timestamp": 26.1139794921875,
    "red": 2350,
    "ir": 1565
  },
  {
    "timestamp": 26.2339794921875,
    "red": 2356,
    "ir": 1553
  },
  {
    "timestamp": 26.3539794921875,
    "red": 2346,
    "ir": 1553
  },
  {
    "timestamp": 26.4739794921875,
    "red": 2361,
    "ir": 1569
  },
  {
    "timestamp": 26.5939794921875,
    "red": 2347,
    "ir": 1556
  },
  {
    "timestamp": 26.7139794921875,
    "red": 2346,
    "ir": 1569
  },
  {
    "timestamp": 26.8339794921875,
    "red": 2353,
    "ir": 1552
  },
  {
    "timestamp": 26.9539794921875,
    "red": 2348,
    "ir": 1561
  },
  {
    "timestamp": 27.0739794921875,
    "red": 2362,
    "ir": 1567
  },
  {
    "timestamp": 27.193979492187502,
    "red": 2348,
    "ir": 1555
  },
  {
    "timestamp": 27.3139794921875,
    "red": 2353,
    "ir": 1567
  },
  {
    "timestamp": 27.4339794921875,
    "red": 2355,
    "ir": 1554
  },
  {
    "timestamp": 27.5539794921875,
    "red": 2345,
    "ir": 1559
  },
  {
    "timestamp": 27.6739794921875,
    "red": 2363,
    "ir": 1567
  },
  {
    "timestamp": 27.7939794921875,
    "red": 2347,
    "ir": 1553
  },
  {
    "timestamp": 27.9139794921875,
    "red": 2352,
    "ir": 1567
  },
  {
    "timestamp": 28.0339794921875,
    "red": 2351,
    "ir": 1554
  },
  {
    "timestamp": 28.1539794921875,
    "red": 2347,
    "ir": 1559
  },
  {
    "timestamp": 28.2739794921875,
    "red": 2361,
    "ir": 1568
  },
  {
    "timestamp": 25.59513671875,
    "red": 2346,
    "ir": 1555
  },
  {
    "timestamp": 25.71513671875,
    "red": 2355,
    "ir": 1563
  },
  {
    "timestamp": 25.83513671875,
    "red": 2350,
    "ir": 1555
  },
  {
    "timestamp": 25.95513671875,
    "red": 2346,
    "ir": 1562
  },
  {
    "timestamp": 26.07513671875,
    "red": 2360,
    "ir": 1563
  },
  {
    "timestamp": 26.19513671875,
    "red": 2348,
    "ir": 1557
  },
  {
    "timestamp": 26.31513671875,
    "red": 2355,
    "ir": 1565
  },
  {
    "timestamp": 26.43513671875,
    "red": 2347,
    "ir": 1551
  },
  {
    "timestamp": 26.55513671875,
    "red": 2341,
    "ir": 1561
  },
  {
    "timestamp": 26.67513671875,
    "red": 2354,
    "ir": 1558
  },
  {
    "timestamp": 26.79513671875,
    "red": 2343,
    "ir": 1551
  },
  {
    "timestamp": 26.91513671875,
    "red": 2359,
    "ir": 1567
  },
  {
    "timestamp": 27.03513671875,
    "red": 2346,
    "ir": 1553
  },
  {
    "timestamp": 27.15513671875,
    "red": 2348,
    "ir": 1558
  },
  {
    "timestamp": 27.27513671875,
    "red": 2356,
    "ir": 1559
  },
  {
    "timestamp": 27.39513671875,
    "red": 2344,
    "ir": 1555
  },
  {
    "timestamp": 27.51513671875,
    "red": 2356,
    "ir": 1567
  },
  {
    "timestamp": 27.63513671875,
    "red": 2346,
    "ir": 1555
  },
  {
    "timestamp": 27.755136718750002,
    "red": 2349,
    "ir": 1562
  },
  {
    "timestamp": 27.87513671875,
    "red": 2356,
    "ir": 1554
  },
  {
    "timestamp": 27.99513671875,
    "red": 2349,
    "ir": 1556
  },
  {
    "timestamp": 28.11513671875,
    "red": 2360,
    "ir": 1567
  },
  {
    "timestamp": 28.23513671875,
    "red": 2343,
    "ir": 1557
  },
  {
    "timestamp": 28.35513671875,
    "red": 2349,
    "ir": 1562
  },
  {
    "timestamp": 28.47513671875,
    "red": 2359,
    "ir": 1555
  },
  {
    "timestamp": 28.59513671875,
    "red": 2349,
    "ir": 1559
  },
  {
    "timestamp": 28.71513671875,
    "red": 2363,
    "ir": 1565
  },
  {
    "timestamp": 28.83513671875,
    "red": 2342,
    "ir": 1555
  },
  {
    "timestamp": 26.15611083984375,
    "red": 2352,
    "ir": 1562
  },
  {
    "timestamp": 26.27611083984375,
    "red": 2353,
    "ir": 1557
  },
  {
    "timestamp": 26.39611083984375,
    "red": 2347,
    "ir": 1553
  },
  {
    "timestamp": 26.51611083984375,
    "red": 2360,
    "ir": 1565
  },
  {
    "timestamp": 26.63611083984375,
    "red": 2347,
    "ir": 1551
  },
  {
    "timestamp": 26.75611083984375,
    "red": 2352,
    "ir": 1563
  },
  {
    "timestamp": 26.87611083984375,
    "red": 2356,
    "ir": 1556
  },
  {
    "timestamp": 26.99611083984375,
    "red": 2350,
    "ir": 1555
  },
  {
    "timestamp": 27.11611083984375,
    "red": 2358,
    "ir": 1565
  },
  {
    "timestamp": 27.23611083984375,
    "red": 2346,
    "ir": 1556
  },
  {
    "timestamp": 27.35611083984375,
    "red": 2356,
    "ir": 1565
  },
  {
    "timestamp": 27.47611083984375,
    "red": 2352,
    "ir": 1555
  },
  {
    "timestamp": 27.59611083984375,
    "red": 2347,
    "ir": 1552
  },
  {
    "timestamp": 27.71611083984375,
    "red": 2361,
    "ir": 1565
  },
  {
    "timestamp": 27.83611083984375,
    "red": 2343,
    "ir": 1555
  },
  {
    "timestamp": 27.95611083984375,
    "red": 2355,
    "ir": 1566
  },
  {
    "timestamp": 28.07611083984375,
    "red": 2353,
    "ir": 1552
  },
  {
    "timestamp": 28.19611083984375,
    "red": 2344,
    "ir": 1560
  },
  {
    "timestamp": 28.316110839843752,
    "red": 2357,
    "ir": 1561
  },
  {
    "timestamp": 28.43611083984375,
    "red": 2346,
    "ir": 1555
  },
  {
    "timestamp": 28.55611083984375,
    "red": 2357,
    "ir": 1573
  },
  {
    "timestamp": 28.67611083984375,
    "red": 2348,
    "ir": 1551
  },
  {
    "timestamp": 28.79611083984375,
    "red": 2349,
    "ir": 1558
  },
  {
    "timestamp": 28.91611083984375,
    "red": 2354,
    "ir": 1557
  },
  {
    "timestamp": 29.03611083984375,
    "red": 2346,
    "ir": 1554
  },
  {
    "timestamp": 29.15611083984375,
    "red": 2355,
    "ir": 1566
  },
  {
    "timestamp": 29.27611083984375,
    "red": 2346,
    "ir": 1557
  },
  {
    "timestamp": 29.39611083984375,
    "red": 2348,
    "ir": 1561
  },
  {
    "timestamp": 26.717359619140623,
    "red": 2359,
    "ir": 1559
  },
  {
    "timestamp": 26.837359619140624,
    "red": 2345,
    "ir": 1556
  },
  {
    "timestamp": 26.957359619140625,
    "red": 2360,
    "ir": 1565
  },
  {
    "timestamp": 27.077359619140626,
    "red": 2349,
    "ir": 1548
  },
  {
    "timestamp": 27.197359619140624,
    "red": 2348,
    "ir": 1560
  },
  {
    "timestamp": 27.317359619140625,
    "red": 2360,
    "ir": 1553
  },
  {
    "timestamp": 27.437359619140626,
    "red": 2346,
    "ir": 1552
  },
  {
    "timestamp": 27.557359619140627,
    "red": 2359,
    "ir": 1563
  },
  {
    "timestamp": 27.677359619140624,
    "red": 2347,
    "ir": 1553
  },
  {
    "timestamp": 27.797359619140625,
    "red": 2351,
    "ir": 1563
  },
  {
    "timestamp": 27.917359619140626,
    "red": 2357,
    "ir": 1555
  },
  {
    "timestamp": 28.037359619140624,
    "red": 2345,
    "ir": 1553
  },
  {
    "timestamp": 28.157359619140625,
    "red": 2363,
    "ir": 1564
  },
  {
    "timestamp": 28.277359619140626,
    "red": 2346,
    "ir": 1548
  },
  {
    "timestamp": 28.397359619140627,
    "red": 2345,
    "ir": 1568
  },
  {
    "timestamp": 28.517359619140624,
    "red": 2353,
    "ir": 1552
  },
  {
    "timestamp": 28.637359619140625,
    "red": 2346,
    "ir": 1554
  },
  {
    "timestamp": 28.757359619140626,
    "red": 2361,
    "ir": 1563
  },
  {
    "timestamp": 28.877359619140627,
    "red": 2349,
    "ir": 1554
  },
  {
    "timestamp": 28.997359619140624,
    "red": 2353,
    "ir": 1565
  },
  {
    "timestamp": 29.117359619140625,
    "red": 2356,
    "ir": 1554
  },
  {
    "timestamp": 29.237359619140626,
    "red": 2348,
    "ir": 1556
  },
  {
    "timestamp": 29.357359619140624,
    "red": 2363,
    "ir": 1567
  },
  {
    "timestamp": 29.477359619140625,
    "red": 2347,
    "ir": 1553
  },
  {
    "timestamp": 29.597359619140626,
    "red": 2353,
    "ir": 1566
  },
  {
    "timestamp": 29.717359619140623,
    "red": 2351,
    "ir": 1554
  },
  {
    "timestamp": 29.837359619140624,
    "red": 2344,
    "ir": 1558
  },
  {
    "timestamp": 29.957359619140625,
    "red": 2362,
    "ir": 1562
  },
  {
    "timestamp": 27.278486328125,
    "red": 2350,
    "ir": 1555
  },
  {
    "timestamp": 27.398486328125,
    "red": 2353,
    "ir": 1569
  },
  {
    "timestamp": 27.518486328125,
    "red": 2351,
    "ir": 1554
  },
  {
    "timestamp": 27.638486328125,
    "red": 2348,
    "ir": 1556
  },
  {
    "timestamp": 27.758486328125,
    "red": 2359,
    "ir": 1563
  },
  {
    "timestamp": 27.878486328125,
    "red": 2344,
    "ir": 1553
  },
  {
    "timestamp": 27.998486328125,
    "red": 2352,
    "ir": 1566
  },
  {
    "timestamp": 28.118486328125,
    "red": 2348,
    "ir": 1550
  },
  {
    "timestamp": 28.238486328125,
    "red": 2344,
    "ir": 1555
  },
  {
    "timestamp": 28.358486328125,
    "red": 2355,
    "ir": 1559
  },
  {
    "timestamp": 28.478486328125,
    "red": 2342,
    "ir": 1559
  },
  {
    "timestamp": 28.598486328125,
    "red": 2355,
    "ir": 1565
  },
  {
    "timestamp": 28.718486328125,
    "red": 2346,
    "ir": 1549
  },
  {
    "timestamp": 28.838486328125,
    "red": 2341,
    "ir": 1560
  },
  {
    "timestamp": 28.958486328125,
    "red": 2357,
    "ir": 1556
  },
  {
    "timestamp": 29.078486328125,
    "red": 2348,
    "ir": 1555
  },
  {
    "timestamp": 29.198486328125,
    "red": 2356,
    "ir": 1565
  },
  {
    "timestamp": 29.318486328125,
    "red": 2343,
    "ir": 1552
  },
  {
    "timestamp": 29.438486328125002,
    "red": 2347,
    "ir": 1560
  },
  {
    "timestamp": 29.558486328125,
    "red": 2356,
    "ir": 1553
  },
  {
    "timestamp": 29.678486328125,
    "red": 2347,
    "ir": 1554
  },
  {
    "timestamp": 29.798486328125,
    "red": 2358,
    "ir": 1571
  },
  {
    "timestamp": 29.918486328125,
    "red": 2347,
    "ir": 1553
  },
  {
    "timestamp": 30.038486328125,
    "red": 2348,
    "ir": 1565
  },
  {
    "timestamp": 30.158486328125,
    "red": 2355,
    "ir": 1558
  },
  {
    "timestamp": 30.278486328125,
    "red": 2348,
    "ir": 1558
  },
  {
    "timestamp": 30.398486328125,
    "red": 2359,
    "ir": 1567
  },
  {
    "timestamp": 30.518486328125,
    "red": 2344,
    "ir": 1554
  },
  {
    "timestamp": 27.8396435546875,
    "red": 2348,
    "ir": 1564
  },
  {
    "timestamp": 27.9596435546875,
    "red": 2358,
    "ir": 1553
  },
  {
    "timestamp": 28.0796435546875,
    "red": 2349,
    "ir": 1558
  },
  {
    "timestamp": 28.1996435546875,
    "red": 2367,
    "ir": 1568
  },
  {
    "timestamp": 28.3196435546875,
    "red": 2349,
    "ir": 1556
  },
  {
    "timestamp": 28.4396435546875,
    "red": 2349,
    "ir": 1565
  },
  {
    "timestamp": 28.5596435546875,
    "red": 2357,
    "ir": 1559
  },
  {
    "timestamp": 28.6796435546875,
    "red": 2351,
    "ir": 1554
  },
  {
    "timestamp": 28.7996435546875,
    "red": 2364,
    "ir": 1568
  },
  {
    "timestamp": 28.9196435546875,
    "red": 2350,
    "ir": 1554
  },
  {
    "timestamp": 29.0396435546875,
    "red": 2353,
    "ir": 1569
  },
  {
    "timestamp": 29.1596435546875,
    "red": 2353,
    "ir": 1558
  },
  {
    "timestamp": 29.2796435546875,
    "red": 2352,
    "ir": 1555
  },
  {
    "timestamp": 29.3996435546875,
    "red": 2363,
    "ir": 1560
  },
  {
    "timestamp": 29.5196435546875,
    "red": 2349,
    "ir": 1557
  },
  {
    "timestamp": 29.6396435546875,
    "red": 2359,
    "ir": 1572
  },
  {
    "timestamp": 29.7596435546875,
    "red": 2362,
    "ir": 1554
  },
  {
    "timestamp": 29.8796435546875,
    "red": 2357,
    "ir": 1561
  },
  {
    "timestamp": 29.999643554687502,
    "red": 2369,
    "ir": 1565
  },
  {
    "timestamp": 30.1196435546875,
    "red": 2349,
    "ir": 1555
  },
  {
    "timestamp": 30.2396435546875,
    "red": 2352,
    "ir": 1564
  },
  {
    "timestamp": 30.3596435546875,
    "red": 2350,
    "ir": 1554
  },
  {
    "timestamp": 30.4796435546875,
    "red": 2354,
    "ir": 1560
  },
  {
    "timestamp": 30.5996435546875,
    "red": 2364,
    "ir": 1566
  },
  {
    "timestamp": 30.7196435546875,
    "red": 2352,
    "ir": 1559
  },
  {
    "timestamp": 30.8396435546875,
    "red": 2363,
    "ir": 1569
  },
  {
    "timestamp": 30.9596435546875,
    "red": 2355,
    "ir": 1557
  },
  {
    "timestamp": 31.0796435546875,
    "red": 2352,
    "ir": 1564
  },
  {
    "timestamp": 28.400770263671873,
    "red": 2366,
    "ir": 1560
  },
  {
    "timestamp": 28.520770263671874,
    "red": 2353,
    "ir": 1557
  },
  {
    "timestamp": 28.640770263671875,
    "red": 2363,
    "ir": 1571
  },
  {
    "timestamp": 28.760770263671876,
    "red": 2353,
    "ir": 1557
  },
  {
    "timestamp": 28.880770263671874,
    "red": 2355,
    "ir": 1564
  },
  {
    "timestamp": 29.000770263671875,
    "red": 2365,
    "ir": 1562
  },
  {
    "timestamp": 29.120770263671876,
    "red": 2349,
    "ir": 1558
  },
  {
    "timestamp": 29.240770263671877,
    "red": 2365,
    "ir": 1569
  },
  {
    "timestamp": 29.360770263671874,
    "red": 2351,
    "ir": 1557
  },
  {
    "timestamp": 29.480770263671875,
    "red": 2354,
    "ir": 1564
  },
  {
    "timestamp": 29.600770263671876,
    "red": 2366,
    "ir": 1556
  },
  {
    "timestamp": 29.720770263671874,
    "red": 2352,
    "ir": 1552
  },
  {
    "timestamp": 29.840770263671875,
    "red": 2363,
    "ir": 1565
  },
  {
    "timestamp": 29.960770263671876,
    "red": 2349,
    "ir": 1556
  },
  {
    "timestamp": 30.080770263671877,
    "red": 2358,
    "ir": 1566
  },
  {
    "timestamp": 30.200770263671874,
    "red": 2362,
    "ir": 1559
  },
  {
    "timestamp": 30.320770263671875,
    "red": 2354,
    "ir": 1554
  },
  {
    "timestamp": 30.440770263671876,
    "red": 2366,
    "ir": 1566
  },
  {
    "timestamp": 30.560770263671877,
    "red": 2353,
    "ir": 1551
  },
  {
    "timestamp": 30.680770263671874,
    "red": 2355,
    "ir": 1562
  },
  {
    "timestamp": 30.800770263671875,
    "red": 2364,
    "ir": 1553
  },
  {
    "timestamp": 30.920770263671876,
    "red": 2350,
    "ir": 1558
  },
  {
    "timestamp": 31.040770263671874,
    "red": 2361,
    "ir": 1564
  },
  {
    "timestamp": 31.160770263671875,
    "red": 2351,
    "ir": 1553
  },
  {
    "timestamp": 31.280770263671876,
    "red": 2356,
    "ir": 1568
  },
  {
    "timestamp": 31.400770263671873,
    "red": 2358,
    "ir": 1554
  },
  {
    "timestamp": 31.520770263671874,
    "red": 2347,
    "ir": 1556
  },
  {
    "timestamp": 31.640770263671875,
    "red": 2362,
    "ir": 1564
  },
  {
    "timestamp": 28.96189697265625,
    "red": 2348,
    "ir": 1553
  },
  {
    "timestamp": 29.08189697265625,
    "red": 2354,
    "ir": 1567
  },
  {
    "timestamp": 29.20189697265625,
    "red": 2356,
    "ir": 1554
  },
  {
    "timestamp": 29.32189697265625,
    "red": 2350,
    "ir": 1558
  },
  {
    "timestamp": 29.44189697265625,
    "red": 2361,
    "ir": 1564
  },
  {
    "timestamp": 29.56189697265625,
    "red": 2350,
    "ir": 1556
  },
  {
    "timestamp": 29.68189697265625,
    "red": 2350,
    "ir": 1568
  },
  {
    "timestamp": 29.80189697265625,
    "red": 2352,
    "ir": 1554
  },
  {
    "timestamp": 29.92189697265625,
    "red": 2349,
    "ir": 1555
  },
  {
    "timestamp": 30.04189697265625,
    "red": 2362,
    "ir": 1559
  },
  {
    "timestamp": 30.16189697265625,
    "red": 2345,
    "ir": 1558
  },
  {
    "timestamp": 30.28189697265625,
    "red": 2354,
    "ir": 1570
  },
  {
    "timestamp": 30.40189697265625,
    "red": 2348,
    "ir": 1557
  },
  {
    "timestamp": 30.52189697265625,
    "red": 2346,
    "ir": 1557
  },
  {
    "timestamp": 30.64189697265625,
    "red": 2358,
    "ir": 1558
  },
  {
    "timestamp": 30.76189697265625,
    "red": 2340,
    "ir": 1557
  },
  {
    "timestamp": 30.88189697265625,
    "red": 2358,
    "ir": 1570
  },
  {
    "timestamp": 31.00189697265625,
    "red": 2348,
    "ir": 1558
  },
  {
    "timestamp": 31.121896972656252,
    "red": 2350,
    "ir": 1561
  },
  {
    "timestamp": 31.24189697265625,
    "red": 2360,
    "ir": 1559
  },
  {
    "timestamp": 31.36189697265625,
    "red": 2342,
    "ir": 1556
  },
  {
    "timestamp": 31.48189697265625,
    "red": 2357,
    "ir": 1570
  },
  {
    "timestamp": 31.60189697265625,
    "red": 2348,
    "ir": 1555
  },
  {
    "timestamp": 31.72189697265625,
    "red": 2346,
    "ir": 1563
  },
  {
    "timestamp": 31.84189697265625,
    "red": 2361,
    "ir": 1559
  },
  {
    "timestamp": 31.96189697265625,
    "red": 2348,
    "ir": 1554
  },
  {
    "timestamp": 32.08189697265625,
    "red": 2352,
    "ir": 1564
  },
  {
    "timestamp": 32.20189697265625,
    "red": 2347,
    "ir": 1553
  },
  {
    "timestamp": 29.5268994140625,
    "red": 2345,
    "ir": 1560
  },
  {
    "timestamp": 29.6468994140625,
    "red": 2356,
    "ir": 1554
  },
  {
    "timestamp": 29.7668994140625,
    "red": 2347,
    "ir": 1555
  },
  {
    "timestamp": 29.8868994140625,
    "red": 2362,
    "ir": 1567
  },
  {
    "timestamp": 30.0068994140625,
    "red": 2351,
    "ir": 1553
  },
  {
    "timestamp": 30.1268994140625,
    "red": 2356,
    "ir": 1563
  },
  {
    "timestamp": 30.2468994140625,
    "red": 2363,
    "ir": 1560
  },
  {
    "timestamp": 30.3668994140625,
    "red": 2353,
    "ir": 1561
  },
  {
    "timestamp": 30.4868994140625,
    "red": 2373,
    "ir": 1571
  },
  {
    "timestamp": 30.6068994140625,
    "red": 2352,
    "ir": 1554
  },
  {
    "timestamp": 30.7268994140625,
    "red": 2355,
    "ir": 1565
  },
  {
    "timestamp": 30.8468994140625,
    "red": 2362,
    "ir": 1558
  },
  {
    "timestamp": 30.9668994140625,
    "red": 2357,
    "ir": 1560
  },
  {
    "timestamp": 31.0868994140625,
    "red": 2359,
    "ir": 1567
  },
  {
    "timestamp": 31.2068994140625,
    "red": 2349,
    "ir": 1556
  },
  {
    "timestamp": 31.3268994140625,
    "red": 2352,
    "ir": 1568
  },
  {
    "timestamp": 31.4468994140625,
    "red": 2356,
    "ir": 1556
  },
  {
    "timestamp": 31.5668994140625,
    "red": 2350,
    "ir": 1553
  },
  {
    "timestamp": 31.686899414062502,
    "red": 2364,
    "ir": 1569
  },
  {
    "timestamp": 31.8068994140625,
    "red": 2350,
    "ir": 1555
  },
  {
    "timestamp": 31.9268994140625,
    "red": 2350,
    "ir": 1567
  },
  {
    "timestamp": 32.0468994140625,
    "red": 2356,
    "ir": 1556
  },
  {
    "timestamp": 32.1668994140625,
    "red": 2350,
    "ir": 1556
  },
  {
    "timestamp": 32.2868994140625,
    "red": 2363,
    "ir": 1568
  },
  {
    "timestamp": 32.4068994140625,
    "red": 2353,
    "ir": 1555
  },
  {
    "timestamp": 32.5268994140625,
    "red": 2350,
    "ir": 1568
  },
  {
    "timestamp": 32.6468994140625,
    "red": 2352,
    "ir": 1556
  },
  {
    "timestamp": 32.7668994140625,
    "red": 2349,
    "ir": 1556
  },
  {
    "timestamp": 30.084119873046873,
    "red": 2366,
    "ir": 1564
  },
  {
    "timestamp": 30.204119873046874,
    "red": 2346,
    "ir": 1556
  },
  {
    "timestamp": 30.324119873046875,
    "red": 2348,
    "ir": 1568
  },
  {
    "timestamp": 30.444119873046876,
    "red": 2351,
    "ir": 1553
  },
  {
    "timestamp": 30.564119873046874,
    "red": 2351,
    "ir": 1561
  },
  {
    "timestamp": 30.684119873046875,
    "red": 2359,
    "ir": 1560
  },
  {
    "timestamp": 30.804119873046876,
    "red": 2352,
    "ir": 1556
  },
  {
    "timestamp": 30.924119873046877,
    "red": 2355,
    "ir": 1565
  },
  {
    "timestamp": 31.044119873046874,
    "red": 2355,
    "ir": 1559
  },
  {
    "timestamp": 31.164119873046875,
    "red": 2351,
    "ir": 1563
  },
  {
    "timestamp": 31.284119873046876,
    "red": 2365,
    "ir": 1563
  },
  {
    "timestamp": 31.404119873046874,
    "red": 2351,
    "ir": 1555
  },
  {
    "timestamp": 31.524119873046875,
    "red": 2361,
    "ir": 1573
  },
  {
    "timestamp": 31.644119873046876,
    "red": 2349,
    "ir": 1553
  },
  {
    "timestamp": 31.764119873046877,
    "red": 2351,
    "ir": 1563
  },
  {
    "timestamp": 31.884119873046874,
    "red": 2360,
    "ir": 1562
  },
  {
    "timestamp": 32.004119873046875,
    "red": 2347,
    "ir": 1558
  },
  {
    "timestamp": 32.12411987304687,
    "red": 2356,
    "ir": 1572
  },
  {
    "timestamp": 32.24411987304688,
    "red": 2345,
    "ir": 1556
  },
  {
    "timestamp": 32.364119873046874,
    "red": 2351,
    "ir": 1561
  },
  {
    "timestamp": 32.48411987304687,
    "red": 2366,
    "ir": 1557
  },
  {
    "timestamp": 32.604119873046876,
    "red": 2350,
    "ir": 1558
  },
  {
    "timestamp": 32.724119873046874,
    "red": 2356,
    "ir": 1568
  },
  {
    "timestamp": 32.84411987304688,
    "red": 2355,
    "ir": 1553
  },
  {
    "timestamp": 32.964119873046876,
    "red": 2350,
    "ir": 1563
  },
  {
    "timestamp": 33.08411987304687,
    "red": 2367,
    "ir": 1561
  },
  {
    "timestamp": 33.20411987304688,
    "red": 2352,
    "ir": 1559
  },
  {
    "timestamp": 33.324119873046875,
    "red": 2362,
    "ir": 1566
  },
  {
    "timestamp": 30.64524658203125,
    "red": 2349,
    "ir": 1558
  },
  {
    "timestamp": 30.76524658203125,
    "red": 2358,
    "ir": 1568
  },
  {
    "timestamp": 30.88524658203125,
    "red": 2370,
    "ir": 1563
  },
  {
    "timestamp": 31.00524658203125,
    "red": 2353,
    "ir": 1557
  },
  {
    "timestamp": 31.12524658203125,
    "red": 2359,
    "ir": 1568
  },
  {
    "timestamp": 31.24524658203125,
    "red": 2345,
    "ir": 1551
  },
  {
    "timestamp": 31.36524658203125,
    "red": 2358,
    "ir": 1566
  },
  {
    "timestamp": 31.48524658203125,
    "red": 2368,
    "ir": 1557
  },
  {
    "timestamp": 31.60524658203125,
    "red": 2357,
    "ir": 1561
  },
  {
    "timestamp": 31.72524658203125,
    "red": 2365,
    "ir": 1568
  },
  {
    "timestamp": 31.84524658203125,
    "red": 2350,
    "ir": 1554
  },
  {
    "timestamp": 31.96524658203125,
    "red": 2357,
    "ir": 1568
  },
  {
    "timestamp": 32.08524658203125,
    "red": 2364,
    "ir": 1560
  },
  {
    "timestamp": 32.20524658203125,
    "red": 2354,
    "ir": 1554
  },
  {
    "timestamp": 32.32524658203125,
    "red": 2368,
    "ir": 1568
  },
  {
    "timestamp": 32.44524658203125,
    "red": 2355,
    "ir": 1555
  },
  {
    "timestamp": 32.56524658203125,
    "red": 2361,
    "ir": 1571
  },
  {
    "timestamp": 32.68524658203125,
    "red": 2365,
    "ir": 1562
  },
  {
    "timestamp": 32.80524658203125,
    "red": 2354,
    "ir": 1557
  },
  {
    "timestamp": 32.92524658203125,
    "red": 2366,
    "ir": 1568
  },
  {
    "timestamp": 33.04524658203125,
    "red": 2352,
    "ir": 1559
  },
  {
    "timestamp": 33.16524658203125,
    "red": 2359,
    "ir": 1568
  },
  {
    "timestamp": 33.28524658203125,
    "red": 2364,
    "ir": 1559
  },
  {
    "timestamp": 33.40524658203125,
    "red": 2352,
    "ir": 1556
  },
  {
    "timestamp": 33.52524658203125,
    "red": 2363,
    "ir": 1561
  },
  {
    "timestamp": 33.64524658203125,
    "red": 2357,
    "ir": 1559
  },
  {
    "timestamp": 33.76524658203125,
    "red": 2371,
    "ir": 1575
  },
  {
    "timestamp": 33.88524658203125,
    "red": 2361,
    "ir": 1562
  },
  {
    "timestamp": 31.206373291015623,
    "red": 2346,
    "ir": 1554
  },
  {
    "timestamp": 31.326373291015624,
    "red": 2359,
    "ir": 1556
  },
  {
    "timestamp": 31.446373291015625,
    "red": 2356,
    "ir": 1556
  },
  {
    "timestamp": 31.566373291015626,
    "red": 2365,
    "ir": 1574
  },
  {
    "timestamp": 31.686373291015624,
    "red": 2358,
    "ir": 1554
  },
  {
    "timestamp": 31.806373291015625,
    "red": 2351,
    "ir": 1557
  },
  {
    "timestamp": 31.926373291015626,
    "red": 2361,
    "ir": 1562
  },
  {
    "timestamp": 32.04637329101563,
    "red": 2354,
    "ir": 1556
  },
  {
    "timestamp": 32.166373291015624,
    "red": 2370,
    "ir": 1572
  },
  {
    "timestamp": 32.28637329101562,
    "red": 2356,
    "ir": 1550
  },
  {
    "timestamp": 32.406373291015626,
    "red": 2346,
    "ir": 1552
  },
  {
    "timestamp": 32.526373291015624,
    "red": 2358,
    "ir": 1562
  },
  {
    "timestamp": 32.64637329101563,
    "red": 2347,
    "ir": 1552
  },
  {
    "timestamp": 32.766373291015626,
    "red": 2357,
    "ir": 1568
  },
  {
    "timestamp": 32.88637329101562,
    "red": 2340,
    "ir": 1551
  },
  {
    "timestamp": 33.00637329101563,
    "red": 2343,
    "ir": 1554
  },
  {
    "timestamp": 33.126373291015625,
    "red": 2357,
    "ir": 1556
  },
  {
    "timestamp": 33.24637329101562,
    "red": 2344,
    "ir": 1556
  },
  {
    "timestamp": 33.36637329101563,
    "red": 2355,
    "ir": 1566
  },
  {
    "timestamp": 33.486373291015624,
    "red": 2345,
    "ir": 1553
  },
  {
    "timestamp": 33.60637329101562,
    "red": 2344,
    "ir": 1558
  },
  {
    "timestamp": 33.726373291015626,
    "red": 2358,
    "ir": 1559
  },
  {
    "timestamp": 33.846373291015624,
    "red": 2347,
    "ir": 1554
  },
  {
    "timestamp": 33.96637329101563,
    "red": 2356,
    "ir": 1560
  },
  {
    "timestamp": 34.086373291015626,
    "red": 2345,
    "ir": 1552
  },
  {
    "timestamp": 34.20637329101562,
    "red": 2347,
    "ir": 1561
  },
  {
    "timestamp": 34.32637329101563,
    "red": 2356,
    "ir": 1554
  },
  {
    "timestamp": 34.446373291015625,
    "red": 2346,
    "ir": 1552
  }
]