{
  "session_name": "session_20250525_230408",
  "start_time": "2025-05-25T23:04:08.046810",
  "files": [
    {
      "type": "015F2A8E-3772-FB6D-2197-548F305983B0_eeg_raw",
      "filename": "015F2A8E-3772-FB6D-2197-548F305983B0_eeg_raw.json",
      "path": "data/session_20250525_230408/015F2A8E-3772-FB6D-2197-548F305983B0_eeg_raw.json",
      "size": 327352,
      "record_count": 2125,
      "created_at": "2025-05-25T23:04:16.541677"
    },
    {
      "type": "015F2A8E-3772-FB6D-2197-548F305983B0_ppg_raw",
      "filename": "015F2A8E-3772-FB6D-2197-548F305983B0_ppg_raw.json",
      "path": "data/session_20250525_230408/015F2A8E-3772-FB6D-2197-548F305983B0_ppg_raw.json",
      "size": 32285,
      "record_count": 420,
      "created_at": "2025-05-25T23:04:16.544268"
    },
    {
      "type": "015F2A8E-3772-FB6D-2197-548F305983B0_eeg_processed",
      "filename": "015F2A8E-3772-FB6D-2197-548F305983B0_eeg_processed.json",
      "path": "data/session_20250525_230408/015F2A8E-3772-FB6D-2197-548F305983B0_eeg_processed.json",
      "size": 338877,
      "record_count": 14,
      "created_at": "2025-05-25T23:04:16.552673"
    },
    {
      "type": "015F2A8E-3772-FB6D-2197-548F305983B0_acc_raw",
      "filename": "015F2A8E-3772-FB6D-2197-548F305983B0_acc_raw.json",
      "path": "data/session_20250525_230408/015F2A8E-3772-FB6D-2197-548F305983B0_acc_raw.json",
      "size": 19427,
      "record_count": 210,
      "created_at": "2025-05-25T23:04:16.553464"
    },
    {
      "type": "015F2A8E-3772-FB6D-2197-548F305983B0_acc_processed",
      "filename": "015F2A8E-3772-FB6D-2197-548F305983B0_acc_processed.json",
      "path": "data/session_20250525_230408/015F2A8E-3772-FB6D-2197-548F305983B0_acc_processed.json",
      "size": 41509,
      "record_count": 7,
      "created_at": "2025-05-25T23:04:16.554574"
    }
  ],
  "status": "stopped",
  "end_time": "2025-05-25T23:04:16.533686",
  "stats": {
    "total_files": 5,
    "type_details": {
      "015F2A8E-3772-FB6D-2197-548F305983B0_eeg_raw": {
        "filename": "015F2A8E-3772-FB6D-2197-548F305983B0_eeg_raw.json",
        "record_count": 2125,
        "size_bytes": 327352
      },
      "015F2A8E-3772-FB6D-2197-548F305983B0_ppg_raw": {
        "filename": "015F2A8E-3772-FB6D-2197-548F305983B0_ppg_raw.json",
        "record_count": 420,
        "size_bytes": 32285
      },
      "015F2A8E-3772-FB6D-2197-548F305983B0_eeg_processed": {
        "filename": "015F2A8E-3772-FB6D-2197-548F305983B0_eeg_processed.json",
        "record_count": 14,
        "size_bytes": 338877
      },
      "015F2A8E-3772-FB6D-2197-548F305983B0_acc_raw": {
        "filename": "015F2A8E-3772-FB6D-2197-548F305983B0_acc_raw.json",
        "record_count": 210,
        "size_bytes": 19427
      },
      "015F2A8E-3772-FB6D-2197-548F305983B0_acc_processed": {
        "filename": "015F2A8E-3772-FB6D-2197-548F305983B0_acc_processed.json",
        "record_count": 7,
        "size_bytes": 41509
      }
    },
    "total_records": 2776
  }
}