[
  {
    "timestamp": 214.81880004882814,
    "red": 2279,
    "ir": 1503
  },
  {
    "timestamp": 214.9388000488281,
    "red": 2287,
    "ir": 1502
  },
  {
    "timestamp": 215.05880004882812,
    "red": 2285,
    "ir": 1505
  },
  {
    "timestamp": 215.17880004882812,
    "red": 2290,
    "ir": 1510
  },
  {
    "timestamp": 215.29880004882813,
    "red": 2282,
    "ir": 1498
  },
  {
    "timestamp": 215.41880004882813,
    "red": 2291,
    "ir": 1508
  },
  {
    "timestamp": 215.53880004882814,
    "red": 2289,
    "ir": 1505
  },
  {
    "timestamp": 215.6588000488281,
    "red": 2280,
    "ir": 1505
  },
  {
    "timestamp": 215.77880004882812,
    "red": 2289,
    "ir": 1506
  },
  {
    "timestamp": 215.89880004882812,
    "red": 2284,
    "ir": 1503
  },
  {
    "timestamp": 216.01880004882813,
    "red": 2288,
    "ir": 1511
  },
  {
    "timestamp": 216.13880004882813,
    "red": 2284,
    "ir": 1500
  },
  {
    "timestamp": 216.25880004882814,
    "red": 2277,
    "ir": 1507
  },
  {
    "timestamp": 216.3788000488281,
    "red": 2293,
    "ir": 1512
  },
  {
    "timestamp": 216.49880004882812,
    "red": 2278,
    "ir": 1501
  },
  {
    "timestamp": 216.61880004882812,
    "red": 2286,
    "ir": 1512
  },
  {
    "timestamp": 216.73880004882812,
    "red": 2281,
    "ir": 1502
  },
  {
    "timestamp": 216.85880004882813,
    "red": 2281,
    "ir": 1505
  },
  {
    "timestamp": 216.97880004882813,
    "red": 2288,
    "ir": 1508
  },
  {
    "timestamp": 217.09880004882814,
    "red": 2278,
    "ir": 1500
  },
  {
    "timestamp": 217.21880004882811,
    "red": 2288,
    "ir": 1513
  },
  {
    "timestamp": 217.33880004882812,
    "red": 2285,
    "ir": 1501
  },
  {
    "timestamp": 217.45880004882812,
    "red": 2279,
    "ir": 1501
  },
  {
    "timestamp": 217.57880004882813,
    "red": 2286,
    "ir": 1503
  },
  {
    "timestamp": 217.69880004882813,
    "red": 2284,
    "ir": 1506
  },
  {
    "timestamp": 217.81880004882814,
    "red": 2294,
    "ir": 1519
  },
  {
    "timestamp": 217.9388000488281,
    "red": 2286,
    "ir": 1513
  },
  {
    "timestamp": 218.05880004882812,
    "red": 2291,
    "ir": 1516
  },
  {
    "timestamp": 215.3799267578125,
    "red": 2296,
    "ir": 1516
  },
  {
    "timestamp": 215.4999267578125,
    "red": 2289,
    "ir": 1510
  },
  {
    "timestamp": 215.6199267578125,
    "red": 2296,
    "ir": 1515
  },
  {
    "timestamp": 215.7399267578125,
    "red": 2289,
    "ir": 1514
  },
  {
    "timestamp": 215.8599267578125,
    "red": 2290,
    "ir": 1517
  },
  {
    "timestamp": 215.9799267578125,
    "red": 2298,
    "ir": 1510
  },
  {
    "timestamp": 216.0999267578125,
    "red": 2287,
    "ir": 1510
  },
  {
    "timestamp": 216.2199267578125,
    "red": 2300,
    "ir": 1519
  },
  {
    "timestamp": 216.3399267578125,
    "red": 2289,
    "ir": 1508
  },
  {
    "timestamp": 216.4599267578125,
    "red": 2292,
    "ir": 1517
  },
  {
    "timestamp": 216.5799267578125,
    "red": 2299,
    "ir": 1512
  },
  {
    "timestamp": 216.6999267578125,
    "red": 2290,
    "ir": 1510
  },
  {
    "timestamp": 216.8199267578125,
    "red": 2299,
    "ir": 1516
  },
  {
    "timestamp": 216.9399267578125,
    "red": 2292,
    "ir": 1514
  },
  {
    "timestamp": 217.0599267578125,
    "red": 2298,
    "ir": 1520
  },
  {
    "timestamp": 217.1799267578125,
    "red": 2293,
    "ir": 1512
  },
  {
    "timestamp": 217.2999267578125,
    "red": 2287,
    "ir": 1513
  },
  {
    "timestamp": 217.4199267578125,
    "red": 2299,
    "ir": 1516
  },
  {
    "timestamp": 217.5399267578125,
    "red": 2289,
    "ir": 1512
  },
  {
    "timestamp": 217.6599267578125,
    "red": 2294,
    "ir": 1521
  },
  {
    "timestamp": 217.7799267578125,
    "red": 2293,
    "ir": 1513
  },
  {
    "timestamp": 217.8999267578125,
    "red": 2289,
    "ir": 1513
  },
  {
    "timestamp": 218.0199267578125,
    "red": 2301,
    "ir": 1513
  },
  {
    "timestamp": 218.1399267578125,
    "red": 2288,
    "ir": 1515
  },
  {
    "timestamp": 218.2599267578125,
    "red": 2306,
    "ir": 1520
  },
  {
    "timestamp": 218.3799267578125,
    "red": 2294,
    "ir": 1510
  },
  {
    "timestamp": 218.4999267578125,
    "red": 2289,
    "ir": 1512
  },
  {
    "timestamp": 218.6199267578125,
    "red": 2300,
    "ir": 1516
  },
  {
    "timestamp": 215.941083984375,
    "red": 2286,
    "ir": 1511
  },
  {
    "timestamp": 216.061083984375,
    "red": 2299,
    "ir": 1522
  },
  {
    "timestamp": 216.181083984375,
    "red": 2288,
    "ir": 1510
  },
  {
    "timestamp": 216.301083984375,
    "red": 2290,
    "ir": 1513
  },
  {
    "timestamp": 216.421083984375,
    "red": 2299,
    "ir": 1516
  },
  {
    "timestamp": 216.541083984375,
    "red": 2288,
    "ir": 1515
  },
  {
    "timestamp": 216.661083984375,
    "red": 2299,
    "ir": 1522
  },
  {
    "timestamp": 216.781083984375,
    "red": 2291,
    "ir": 1512
  },
  {
    "timestamp": 216.901083984375,
    "red": 2291,
    "ir": 1517
  },
  {
    "timestamp": 217.021083984375,
    "red": 2297,
    "ir": 1517
  },
  {
    "timestamp": 217.141083984375,
    "red": 2289,
    "ir": 1513
  },
  {
    "timestamp": 217.261083984375,
    "red": 2300,
    "ir": 1521
  },
  {
    "timestamp": 217.381083984375,
    "red": 2285,
    "ir": 1510
  },
  {
    "timestamp": 217.501083984375,
    "red": 2290,
    "ir": 1518
  },
  {
    "timestamp": 217.621083984375,
    "red": 2302,
    "ir": 1508
  },
  {
    "timestamp": 217.741083984375,
    "red": 2290,
    "ir": 1510
  },
  {
    "timestamp": 217.861083984375,
    "red": 2301,
    "ir": 1519
  },
  {
    "timestamp": 217.981083984375,
    "red": 2293,
    "ir": 1509
  },
  {
    "timestamp": 218.101083984375,
    "red": 2289,
    "ir": 1520
  },
  {
    "timestamp": 218.221083984375,
    "red": 2292,
    "ir": 1514
  },
  {
    "timestamp": 218.341083984375,
    "red": 2292,
    "ir": 1514
  },
  {
    "timestamp": 218.461083984375,
    "red": 2299,
    "ir": 1517
  },
  {
    "timestamp": 218.581083984375,
    "red": 2290,
    "ir": 1510
  },
  {
    "timestamp": 218.701083984375,
    "red": 2293,
    "ir": 1521
  },
  {
    "timestamp": 218.821083984375,
    "red": 2292,
    "ir": 1511
  },
  {
    "timestamp": 218.941083984375,
    "red": 2288,
    "ir": 1513
  },
  {
    "timestamp": 219.061083984375,
    "red": 2300,
    "ir": 1518
  },
  {
    "timestamp": 219.181083984375,
    "red": 2290,
    "ir": 1516
  },
  {
    "timestamp": 216.50227172851564,
    "red": 2298,
    "ir": 1519
  },
  {
    "timestamp": 216.6222717285156,
    "red": 2290,
    "ir": 1511
  },
  {
    "timestamp": 216.74227172851562,
    "red": 2288,
    "ir": 1516
  },
  {
    "timestamp": 216.86227172851562,
    "red": 2295,
    "ir": 1513
  },
  {
    "timestamp": 216.98227172851563,
    "red": 2288,
    "ir": 1515
  },
  {
    "timestamp": 217.10227172851563,
    "red": 2298,
    "ir": 1521
  },
  {
    "timestamp": 217.22227172851564,
    "red": 2290,
    "ir": 1510
  },
  {
    "timestamp": 217.3422717285156,
    "red": 2291,
    "ir": 1514
  },
  {
    "timestamp": 217.46227172851562,
    "red": 2297,
    "ir": 1514
  },
  {
    "timestamp": 217.58227172851562,
    "red": 2289,
    "ir": 1510
  },
  {
    "timestamp": 217.70227172851563,
    "red": 2296,
    "ir": 1520
  },
  {
    "timestamp": 217.82227172851563,
    "red": 2286,
    "ir": 1511
  },
  {
    "timestamp": 217.94227172851564,
    "red": 2295,
    "ir": 1520
  },
  {
    "timestamp": 218.0622717285156,
    "red": 2299,
    "ir": 1513
  },
  {
    "timestamp": 218.18227172851562,
    "red": 2292,
    "ir": 1512
  },
  {
    "timestamp": 218.30227172851562,
    "red": 2300,
    "ir": 1517
  },
  {
    "timestamp": 218.42227172851562,
    "red": 2286,
    "ir": 1505
  },
  {
    "timestamp": 218.54227172851563,
    "red": 2289,
    "ir": 1510
  },
  {
    "timestamp": 218.66227172851563,
    "red": 2291,
    "ir": 1501
  },
  {
    "timestamp": 218.78227172851564,
    "red": 2282,
    "ir": 1504
  },
  {
    "timestamp": 218.90227172851561,
    "red": 2292,
    "ir": 1509
  },
  {
    "timestamp": 219.02227172851562,
    "red": 2283,
    "ir": 1502
  },
  {
    "timestamp": 219.14227172851562,
    "red": 2287,
    "ir": 1510
  },
  {
    "timestamp": 219.26227172851563,
    "red": 2287,
    "ir": 1502
  },
  {
    "timestamp": 219.38227172851563,
    "red": 2287,
    "ir": 1503
  },
  {
    "timestamp": 219.50227172851564,
    "red": 2292,
    "ir": 1508
  },
  {
    "timestamp": 219.6222717285156,
    "red": 2282,
    "ir": 1503
  },
  {
    "timestamp": 219.74227172851562,
    "red": 2284,
    "ir": 1512
  },
  {
    "timestamp": 217.06345947265626,
    "red": 2288,
    "ir": 1500
  },
  {
    "timestamp": 217.18345947265624,
    "red": 2281,
    "ir": 1508
  },
  {
    "timestamp": 217.30345947265624,
    "red": 2290,
    "ir": 1505
  },
  {
    "timestamp": 217.42345947265625,
    "red": 2281,
    "ir": 1503
  },
  {
    "timestamp": 217.54345947265625,
    "red": 2290,
    "ir": 1511
  },
  {
    "timestamp": 217.66345947265626,
    "red": 2280,
    "ir": 1505
  },
  {
    "timestamp": 217.78345947265626,
    "red": 2279,
    "ir": 1505
  },
  {
    "timestamp": 217.90345947265624,
    "red": 2293,
    "ir": 1508
  },
  {
    "timestamp": 218.02345947265624,
    "red": 2278,
    "ir": 1504
  },
  {
    "timestamp": 218.14345947265625,
    "red": 2287,
    "ir": 1513
  },
  {
    "timestamp": 218.26345947265625,
    "red": 2279,
    "ir": 1499
  },
  {
    "timestamp": 218.38345947265626,
    "red": 2281,
    "ir": 1508
  },
  {
    "timestamp": 218.50345947265626,
    "red": 2293,
    "ir": 1506
  },
  {
    "timestamp": 218.62345947265624,
    "red": 2280,
    "ir": 1504
  },
  {
    "timestamp": 218.74345947265624,
    "red": 2288,
    "ir": 1512
  },
  {
    "timestamp": 218.86345947265625,
    "red": 2287,
    "ir": 1501
  },
  {
    "timestamp": 218.98345947265625,
    "red": 2281,
    "ir": 1507
  },
  {
    "timestamp": 219.10345947265625,
    "red": 2286,
    "ir": 1503
  },
  {
    "timestamp": 219.22345947265626,
    "red": 2287,
    "ir": 1499
  },
  {
    "timestamp": 219.34345947265626,
    "red": 2290,
    "ir": 1513
  },
  {
    "timestamp": 219.46345947265624,
    "red": 2279,
    "ir": 1503
  },
  {
    "timestamp": 219.58345947265624,
    "red": 2286,
    "ir": 1511
  },
  {
    "timestamp": 219.70345947265625,
    "red": 2288,
    "ir": 1502
  },
  {
    "timestamp": 219.82345947265625,
    "red": 2283,
    "ir": 1502
  },
  {
    "timestamp": 219.94345947265626,
    "red": 2291,
    "ir": 1509
  },
  {
    "timestamp": 220.06345947265626,
    "red": 2279,
    "ir": 1501
  },
  {
    "timestamp": 220.18345947265624,
    "red": 2283,
    "ir": 1512
  },
  {
    "timestamp": 220.30345947265624,
    "red": 2288,
    "ir": 1499
  },
  {
    "timestamp": 217.6246472167969,
    "red": 2284,
    "ir": 1507
  },
  {
    "timestamp": 217.74464721679686,
    "red": 2294,
    "ir": 1509
  },
  {
    "timestamp": 217.86464721679687,
    "red": 2281,
    "ir": 1502
  },
  {
    "timestamp": 217.98464721679687,
    "red": 2284,
    "ir": 1513
  },
  {
    "timestamp": 218.10464721679688,
    "red": 2284,
    "ir": 1505
  },
  {
    "timestamp": 218.22464721679688,
    "red": 2285,
    "ir": 1507
  },
  {
    "timestamp": 218.3446472167969,
    "red": 2292,
    "ir": 1512
  },
  {
    "timestamp": 218.46464721679686,
    "red": 2281,
    "ir": 1501
  },
  {
    "timestamp": 218.58464721679687,
    "red": 2289,
    "ir": 1510
  },
  {
    "timestamp": 218.70464721679687,
    "red": 2284,
    "ir": 1500
  },
  {
    "timestamp": 218.82464721679688,
    "red": 2288,
    "ir": 1507
  },
  {
    "timestamp": 218.94464721679688,
    "red": 2289,
    "ir": 1507
  },
  {
    "timestamp": 219.06464721679689,
    "red": 2278,
    "ir": 1505
  },
  {
    "timestamp": 219.18464721679686,
    "red": 2288,
    "ir": 1510
  },
  {
    "timestamp": 219.30464721679687,
    "red": 2282,
    "ir": 1504
  },
  {
    "timestamp": 219.42464721679687,
    "red": 2281,
    "ir": 1508
  },
  {
    "timestamp": 219.54464721679688,
    "red": 2291,
    "ir": 1504
  },
  {
    "timestamp": 219.66464721679688,
    "red": 2280,
    "ir": 1502
  },
  {
    "timestamp": 219.78464721679688,
    "red": 2292,
    "ir": 1514
  },
  {
    "timestamp": 219.9046472167969,
    "red": 2282,
    "ir": 1501
  },
  {
    "timestamp": 220.02464721679686,
    "red": 2283,
    "ir": 1508
  },
  {
    "timestamp": 220.14464721679687,
    "red": 2287,
    "ir": 1501
  },
  {
    "timestamp": 220.26464721679687,
    "red": 2280,
    "ir": 1500
  },
  {
    "timestamp": 220.38464721679688,
    "red": 2293,
    "ir": 1513
  },
  {
    "timestamp": 220.50464721679688,
    "red": 2282,
    "ir": 1503
  },
  {
    "timestamp": 220.6246472167969,
    "red": 2281,
    "ir": 1509
  },
  {
    "timestamp": 220.74464721679686,
    "red": 2286,
    "ir": 1504
  },
  {
    "timestamp": 220.86464721679687,
    "red": 2280,
    "ir": 1504
  },
  {
    "timestamp": 218.18586547851564,
    "red": 2293,
    "ir": 1509
  },
  {
    "timestamp": 218.3058654785156,
    "red": 2283,
    "ir": 1501
  },
  {
    "timestamp": 218.42586547851562,
    "red": 2285,
    "ir": 1510
  },
  {
    "timestamp": 218.54586547851562,
    "red": 2285,
    "ir": 1504
  },
  {
    "timestamp": 218.66586547851563,
    "red": 2282,
    "ir": 1503
  },
  {
    "timestamp": 218.78586547851563,
    "red": 2293,
    "ir": 1506
  },
  {
    "timestamp": 218.90586547851564,
    "red": 2280,
    "ir": 1501
  },
  {
    "timestamp": 219.0258654785156,
    "red": 2286,
    "ir": 1509
  },
  {
    "timestamp": 219.14586547851562,
    "red": 2282,
    "ir": 1506
  },
  {
    "timestamp": 219.26586547851562,
    "red": 2285,
    "ir": 1508
  },
  {
    "timestamp": 219.38586547851563,
    "red": 2289,
    "ir": 1508
  },
  {
    "timestamp": 219.50586547851563,
    "red": 2279,
    "ir": 1503
  },
  {
    "timestamp": 219.62586547851564,
    "red": 2287,
    "ir": 1511
  },
  {
    "timestamp": 219.7458654785156,
    "red": 2279,
    "ir": 1505
  },
  {
    "timestamp": 219.86586547851562,
    "red": 2281,
    "ir": 1503
  },
  {
    "timestamp": 219.98586547851562,
    "red": 2287,
    "ir": 1507
  },
  {
    "timestamp": 220.10586547851562,
    "red": 2284,
    "ir": 1500
  },
  {
    "timestamp": 220.22586547851563,
    "red": 2292,
    "ir": 1510
  },
  {
    "timestamp": 220.34586547851563,
    "red": 2281,
    "ir": 1499
  },
  {
    "timestamp": 220.46586547851564,
    "red": 2284,
    "ir": 1506
  },
  {
    "timestamp": 220.58586547851561,
    "red": 2282,
    "ir": 1502
  },
  {
    "timestamp": 220.70586547851562,
    "red": 2284,
    "ir": 1506
  },
  {
    "timestamp": 220.82586547851562,
    "red": 2290,
    "ir": 1508
  },
  {
    "timestamp": 220.94586547851563,
    "red": 2283,
    "ir": 1503
  },
  {
    "timestamp": 221.06586547851563,
    "red": 2285,
    "ir": 1510
  },
  {
    "timestamp": 221.18586547851564,
    "red": 2286,
    "ir": 1504
  },
  {
    "timestamp": 221.3058654785156,
    "red": 2283,
    "ir": 1501
  },
  {
    "timestamp": 221.42586547851562,
    "red": 2288,
    "ir": 1510
  },
  {
    "timestamp": 218.7470837402344,
    "red": 2278,
    "ir": 1502
  },
  {
    "timestamp": 218.86708374023436,
    "red": 2284,
    "ir": 1510
  },
  {
    "timestamp": 218.98708374023437,
    "red": 2286,
    "ir": 1498
  },
  {
    "timestamp": 219.10708374023437,
    "red": 2277,
    "ir": 1504
  },
  {
    "timestamp": 219.22708374023438,
    "red": 2292,
    "ir": 1507
  },
  {
    "timestamp": 219.34708374023438,
    "red": 2279,
    "ir": 1500
  },
  {
    "timestamp": 219.4670837402344,
    "red": 2281,
    "ir": 1510
  },
  {
    "timestamp": 219.58708374023436,
    "red": 2282,
    "ir": 1503
  },
  {
    "timestamp": 219.70708374023437,
    "red": 2284,
    "ir": 1504
  },
  {
    "timestamp": 219.82708374023437,
    "red": 2293,
    "ir": 1509
  },
  {
    "timestamp": 219.94708374023438,
    "red": 2278,
    "ir": 1507
  },
  {
    "timestamp": 220.06708374023438,
    "red": 2287,
    "ir": 1514
  },
  {
    "timestamp": 220.18708374023439,
    "red": 2282,
    "ir": 1503
  },
  {
    "timestamp": 220.30708374023436,
    "red": 2281,
    "ir": 1506
  },
  {
    "timestamp": 220.42708374023437,
    "red": 2290,
    "ir": 1504
  },
  {
    "timestamp": 220.54708374023437,
    "red": 2276,
    "ir": 1502
  },
  {
    "timestamp": 220.66708374023438,
    "red": 2286,
    "ir": 1512
  },
  {
    "timestamp": 220.78708374023438,
    "red": 2280,
    "ir": 1500
  },
  {
    "timestamp": 220.90708374023438,
    "red": 2281,
    "ir": 1508
  },
  {
    "timestamp": 221.0270837402344,
    "red": 2290,
    "ir": 1505
  },
  {
    "timestamp": 221.14708374023436,
    "red": 2280,
    "ir": 1503
  },
  {
    "timestamp": 221.26708374023437,
    "red": 2291,
    "ir": 1512
  },
  {
    "timestamp": 221.38708374023437,
    "red": 2282,
    "ir": 1502
  },
  {
    "timestamp": 221.50708374023438,
    "red": 2282,
    "ir": 1510
  },
  {
    "timestamp": 221.62708374023438,
    "red": 2288,
    "ir": 1500
  },
  {
    "timestamp": 221.7470837402344,
    "red": 2279,
    "ir": 1504
  },
  {
    "timestamp": 221.86708374023436,
    "red": 2290,
    "ir": 1512
  },
  {
    "timestamp": 221.98708374023437,
    "red": 2282,
    "ir": 1503
  },
  {
    "timestamp": 219.308271484375,
    "red": 2284,
    "ir": 1511
  },
  {
    "timestamp": 219.428271484375,
    "red": 2289,
    "ir": 1502
  },
  {
    "timestamp": 219.548271484375,
    "red": 2281,
    "ir": 1501
  },
  {
    "timestamp": 219.668271484375,
    "red": 2290,
    "ir": 1510
  },
  {
    "timestamp": 219.788271484375,
    "red": 2281,
    "ir": 1503
  },
  {
    "timestamp": 219.908271484375,
    "red": 2283,
    "ir": 1511
  },
  {
    "timestamp": 220.028271484375,
    "red": 2285,
    "ir": 1503
  },
  {
    "timestamp": 220.148271484375,
    "red": 2281,
    "ir": 1500
  },
  {
    "timestamp": 220.268271484375,
    "red": 2290,
    "ir": 1507
  },
  {
    "timestamp": 220.388271484375,
    "red": 2281,
    "ir": 1503
  },
  {
    "timestamp": 220.508271484375,
    "red": 2283,
    "ir": 1512
  },
  {
    "timestamp": 220.628271484375,
    "red": 2281,
    "ir": 1502
  },
  {
    "timestamp": 220.748271484375,
    "red": 2283,
    "ir": 1507
  },
  {
    "timestamp": 220.868271484375,
    "red": 2290,
    "ir": 1510
  },
  {
    "timestamp": 220.988271484375,
    "red": 2281,
    "ir": 1506
  },
  {
    "timestamp": 221.108271484375,
    "red": 2284,
    "ir": 1512
  },
  {
    "timestamp": 221.228271484375,
    "red": 2279,
    "ir": 1500
  },
  {
    "timestamp": 221.348271484375,
    "red": 2284,
    "ir": 1502
  },
  {
    "timestamp": 221.468271484375,
    "red": 2292,
    "ir": 1508
  },
  {
    "timestamp": 221.588271484375,
    "red": 2283,
    "ir": 1505
  },
  {
    "timestamp": 221.708271484375,
    "red": 2288,
    "ir": 1511
  },
  {
    "timestamp": 221.828271484375,
    "red": 2280,
    "ir": 1502
  },
  {
    "timestamp": 221.948271484375,
    "red": 2281,
    "ir": 1505
  },
  {
    "timestamp": 222.068271484375,
    "red": 2288,
    "ir": 1509
  },
  {
    "timestamp": 222.188271484375,
    "red": 2277,
    "ir": 1501
  },
  {
    "timestamp": 222.308271484375,
    "red": 2288,
    "ir": 1509
  },
  {
    "timestamp": 222.428271484375,
    "red": 2281,
    "ir": 1499
  },
  {
    "timestamp": 222.548271484375,
    "red": 2283,
    "ir": 1507
  },
  {
    "timestamp": 219.8694287109375,
    "red": 2289,
    "ir": 1506
  },
  {
    "timestamp": 219.9894287109375,
    "red": 2283,
    "ir": 1503
  },
  {
    "timestamp": 220.1094287109375,
    "red": 2289,
    "ir": 1512
  },
  {
    "timestamp": 220.2294287109375,
    "red": 2280,
    "ir": 1499
  },
  {
    "timestamp": 220.3494287109375,
    "red": 2285,
    "ir": 1510
  },
  {
    "timestamp": 220.4694287109375,
    "red": 2286,
    "ir": 1499
  },
  {
    "timestamp": 220.5894287109375,
    "red": 2278,
    "ir": 1504
  },
  {
    "timestamp": 220.7094287109375,
    "red": 2292,
    "ir": 1515
  },
  {
    "timestamp": 220.8294287109375,
    "red": 2282,
    "ir": 1501
  },
  {
    "timestamp": 220.9494287109375,
    "red": 2285,
    "ir": 1511
  },
  {
    "timestamp": 221.0694287109375,
    "red": 2286,
    "ir": 1501
  },
  {
    "timestamp": 221.1894287109375,
    "red": 2282,
    "ir": 1508
  },
  {
    "timestamp": 221.3094287109375,
    "red": 2293,
    "ir": 1507
  },
  {
    "timestamp": 221.4294287109375,
    "red": 2282,
    "ir": 1505
  },
  {
    "timestamp": 221.5494287109375,
    "red": 2285,
    "ir": 1514
  },
  {
    "timestamp": 221.6694287109375,
    "red": 2284,
    "ir": 1498
  },
  {
    "timestamp": 221.7894287109375,
    "red": 2281,
    "ir": 1507
  },
  {
    "timestamp": 221.9094287109375,
    "red": 2290,
    "ir": 1504
  },
  {
    "timestamp": 222.0294287109375,
    "red": 2280,
    "ir": 1504
  },
  {
    "timestamp": 222.1494287109375,
    "red": 2285,
    "ir": 1510
  },
  {
    "timestamp": 222.2694287109375,
    "red": 2283,
    "ir": 1501
  },
  {
    "timestamp": 222.3894287109375,
    "red": 2282,
    "ir": 1505
  },
  {
    "timestamp": 222.5094287109375,
    "red": 2291,
    "ir": 1505
  },
  {
    "timestamp": 222.6294287109375,
    "red": 2282,
    "ir": 1504
  },
  {
    "timestamp": 222.7494287109375,
    "red": 2288,
    "ir": 1513
  },
  {
    "timestamp": 222.8694287109375,
    "red": 2279,
    "ir": 1499
  },
  {
    "timestamp": 222.9894287109375,
    "red": 2276,
    "ir": 1508
  },
  {
    "timestamp": 223.1094287109375,
    "red": 2286,
    "ir": 1505
  },
  {
    "timestamp": 220.43064697265626,
    "red": 2282,
    "ir": 1502
  },
  {
    "timestamp": 220.55064697265624,
    "red": 2292,
    "ir": 1510
  },
  {
    "timestamp": 220.67064697265624,
    "red": 2281,
    "ir": 1504
  },
  {
    "timestamp": 220.79064697265625,
    "red": 2285,
    "ir": 1509
  },
  {
    "timestamp": 220.91064697265625,
    "red": 2290,
    "ir": 1499
  },
  {
    "timestamp": 221.03064697265626,
    "red": 2284,
    "ir": 1503
  },
  {
    "timestamp": 221.15064697265626,
    "red": 2290,
    "ir": 1510
  },
  {
    "timestamp": 221.27064697265624,
    "red": 2280,
    "ir": 1501
  },
  {
    "timestamp": 221.39064697265624,
    "red": 2286,
    "ir": 1507
  },
  {
    "timestamp": 221.51064697265625,
    "red": 2284,
    "ir": 1503
  },
  {
    "timestamp": 221.63064697265625,
    "red": 2281,
    "ir": 1505
  },
  {
    "timestamp": 221.75064697265626,
    "red": 2287,
    "ir": 1511
  },
  {
    "timestamp": 221.87064697265626,
    "red": 2281,
    "ir": 1501
  },
  {
    "timestamp": 221.99064697265624,
    "red": 2285,
    "ir": 1511
  },
  {
    "timestamp": 222.11064697265624,
    "red": 2288,
    "ir": 1501
  },
  {
    "timestamp": 222.23064697265625,
    "red": 2284,
    "ir": 1504
  },
  {
    "timestamp": 222.35064697265625,
    "red": 2293,
    "ir": 1508
  },
  {
    "timestamp": 222.47064697265625,
    "red": 2279,
    "ir": 1506
  },
  {
    "timestamp": 222.59064697265626,
    "red": 2287,
    "ir": 1511
  },
  {
    "timestamp": 222.71064697265626,
    "red": 2288,
    "ir": 1502
  },
  {
    "timestamp": 222.83064697265624,
    "red": 2286,
    "ir": 1504
  },
  {
    "timestamp": 222.95064697265624,
    "red": 2289,
    "ir": 1506
  },
  {
    "timestamp": 223.07064697265625,
    "red": 2279,
    "ir": 1504
  },
  {
    "timestamp": 223.19064697265625,
    "red": 2286,
    "ir": 1511
  },
  {
    "timestamp": 223.31064697265626,
    "red": 2280,
    "ir": 1504
  },
  {
    "timestamp": 223.43064697265626,
    "red": 2280,
    "ir": 1507
  },
  {
    "timestamp": 223.55064697265624,
    "red": 2290,
    "ir": 1504
  },
  {
    "timestamp": 223.67064697265624,
    "red": 2277,
    "ir": 1503
  },
  {
    "timestamp": 220.9917126464844,
    "red": 2285,
    "ir": 1511
  },
  {
    "timestamp": 221.11171264648436,
    "red": 2281,
    "ir": 1500
  },
  {
    "timestamp": 221.23171264648437,
    "red": 2282,
    "ir": 1508
  },
  {
    "timestamp": 221.35171264648437,
    "red": 2291,
    "ir": 1501
  },
  {
    "timestamp": 221.47171264648438,
    "red": 2279,
    "ir": 1500
  },
  {
    "timestamp": 221.59171264648438,
    "red": 2291,
    "ir": 1511
  },
  {
    "timestamp": 221.7117126464844,
    "red": 2281,
    "ir": 1502
  },
  {
    "timestamp": 221.83171264648436,
    "red": 2283,
    "ir": 1510
  },
  {
    "timestamp": 221.95171264648437,
    "red": 2286,
    "ir": 1499
  },
  {
    "timestamp": 222.07171264648437,
    "red": 2284,
    "ir": 1504
  },
  {
    "timestamp": 222.19171264648438,
    "red": 2290,
    "ir": 1512
  },
  {
    "timestamp": 222.31171264648438,
    "red": 2281,
    "ir": 1503
  },
  {
    "timestamp": 222.43171264648439,
    "red": 2285,
    "ir": 1509
  },
  {
    "timestamp": 222.55171264648436,
    "red": 2287,
    "ir": 1500
  },
  {
    "timestamp": 222.67171264648437,
    "red": 2283,
    "ir": 1499
  },
  {
    "timestamp": 222.79171264648437,
    "red": 2289,
    "ir": 1510
  },
  {
    "timestamp": 222.91171264648438,
    "red": 2280,
    "ir": 1506
  },
  {
    "timestamp": 223.03171264648438,
    "red": 2288,
    "ir": 1513
  },
  {
    "timestamp": 223.15171264648438,
    "red": 2285,
    "ir": 1502
  },
  {
    "timestamp": 223.2717126464844,
    "red": 2283,
    "ir": 1501
  },
  {
    "timestamp": 223.39171264648436,
    "red": 2290,
    "ir": 1509
  },
  {
    "timestamp": 223.51171264648437,
    "red": 2276,
    "ir": 1502
  },
  {
    "timestamp": 223.63171264648437,
    "red": 2285,
    "ir": 1513
  },
  {
    "timestamp": 223.75171264648438,
    "red": 2283,
    "ir": 1501
  },
  {
    "timestamp": 223.87171264648438,
    "red": 2283,
    "ir": 1503
  },
  {
    "timestamp": 223.9917126464844,
    "red": 2290,
    "ir": 1506
  },
  {
    "timestamp": 224.11171264648436,
    "red": 2278,
    "ir": 1501
  },
  {
    "timestamp": 224.23171264648437,
    "red": 2287,
    "ir": 1513
  },
  {
    "timestamp": 221.5530224609375,
    "red": 2281,
    "ir": 1502
  },
  {
    "timestamp": 221.6730224609375,
    "red": 2280,
    "ir": 1508
  },
  {
    "timestamp": 221.7930224609375,
    "red": 2291,
    "ir": 1505
  },
  {
    "timestamp": 221.9130224609375,
    "red": 2281,
    "ir": 1502
  },
  {
    "timestamp": 222.0330224609375,
    "red": 2291,
    "ir": 1512
  },
  {
    "timestamp": 222.1530224609375,
    "red": 2280,
    "ir": 1502
  },
  {
    "timestamp": 222.2730224609375,
    "red": 2281,
    "ir": 1508
  },
  {
    "timestamp": 222.3930224609375,
    "red": 2291,
    "ir": 1505
  },
  {
    "timestamp": 222.5130224609375,
    "red": 2279,
    "ir": 1502
  },
  {
    "timestamp": 222.6330224609375,
    "red": 2288,
    "ir": 1510
  },
  {
    "timestamp": 222.7530224609375,
    "red": 2282,
    "ir": 1505
  },
  {
    "timestamp": 222.8730224609375,
    "red": 2283,
    "ir": 1506
  },
  {
    "timestamp": 222.9930224609375,
    "red": 2290,
    "ir": 1505
  },
  {
    "timestamp": 223.1130224609375,
    "red": 2283,
    "ir": 1500
  },
  {
    "timestamp": 223.2330224609375,
    "red": 2290,
    "ir": 1510
  },
  {
    "timestamp": 223.3530224609375,
    "red": 2283,
    "ir": 1505
  },
  {
    "timestamp": 223.4730224609375,
    "red": 2286,
    "ir": 1509
  },
  {
    "timestamp": 223.5930224609375,
    "red": 2287,
    "ir": 1502
  },
  {
    "timestamp": 223.7130224609375,
    "red": 2284,
    "ir": 1502
  },
  {
    "timestamp": 223.8330224609375,
    "red": 2290,
    "ir": 1507
  },
  {
    "timestamp": 223.9530224609375,
    "red": 2283,
    "ir": 1502
  },
  {
    "timestamp": 224.0730224609375,
    "red": 2283,
    "ir": 1515
  },
  {
    "timestamp": 224.1930224609375,
    "red": 2281,
    "ir": 1508
  },
  {
    "timestamp": 224.3130224609375,
    "red": 2283,
    "ir": 1506
  },
  {
    "timestamp": 224.4330224609375,
    "red": 2290,
    "ir": 1508
  },
  {
    "timestamp": 224.5530224609375,
    "red": 2282,
    "ir": 1506
  },
  {
    "timestamp": 224.6730224609375,
    "red": 2284,
    "ir": 1511
  },
  {
    "timestamp": 224.7930224609375,
    "red": 2282,
    "ir": 1506
  },
  {
    "timestamp": 222.1141796875,
    "red": 2281,
    "ir": 1505
  },
  {
    "timestamp": 222.2341796875,
    "red": 2289,
    "ir": 1505
  },
  {
    "timestamp": 222.3541796875,
    "red": 2277,
    "ir": 1501
  },
  {
    "timestamp": 222.4741796875,
    "red": 2289,
    "ir": 1509
  },
  {
    "timestamp": 222.5941796875,
    "red": 2284,
    "ir": 1500
  },
  {
    "timestamp": 222.7141796875,
    "red": 2279,
    "ir": 1507
  },
  {
    "timestamp": 222.8341796875,
    "red": 2288,
    "ir": 1505
  },
  {
    "timestamp": 222.9541796875,
    "red": 2284,
    "ir": 1505
  },
  {
    "timestamp": 223.0741796875,
    "red": 2288,
    "ir": 1510
  },
  {
    "timestamp": 223.1941796875,
    "red": 2281,
    "ir": 1499
  },
  {
    "timestamp": 223.3141796875,
    "red": 2280,
    "ir": 1510
  },
  {
    "timestamp": 223.4341796875,
    "red": 2287,
    "ir": 1503
  },
  {
    "timestamp": 223.5541796875,
    "red": 2277,
    "ir": 1505
  },
  {
    "timestamp": 223.6741796875,
    "red": 2290,
    "ir": 1512
  },
  {
    "timestamp": 223.7941796875,
    "red": 2283,
    "ir": 1504
  },
  {
    "timestamp": 223.9141796875,
    "red": 2281,
    "ir": 1507
  },
  {
    "timestamp": 224.0341796875,
    "red": 2290,
    "ir": 1505
  },
  {
    "timestamp": 224.1541796875,
    "red": 2280,
    "ir": 1500
  },
  {
    "timestamp": 224.2741796875,
    "red": 2290,
    "ir": 1512
  },
  {
    "timestamp": 224.3941796875,
    "red": 2281,
    "ir": 1502
  },
  {
    "timestamp": 224.5141796875,
    "red": 2286,
    "ir": 1512
  },
  {
    "timestamp": 224.6341796875,
    "red": 2289,
    "ir": 1504
  },
  {
    "timestamp": 224.7541796875,
    "red": 2284,
    "ir": 1502
  },
  {
    "timestamp": 224.8741796875,
    "red": 2286,
    "ir": 1508
  },
  {
    "timestamp": 224.9941796875,
    "red": 2280,
    "ir": 1501
  },
  {
    "timestamp": 225.1141796875,
    "red": 2286,
    "ir": 1515
  },
  {
    "timestamp": 225.2341796875,
    "red": 2283,
    "ir": 1506
  },
  {
    "timestamp": 225.3541796875,
    "red": 2280,
    "ir": 1504
  },
  {
    "timestamp": 222.67539794921876,
    "red": 2290,
    "ir": 1511
  },
  {
    "timestamp": 222.79539794921874,
    "red": 2281,
    "ir": 1505
  },
  {
    "timestamp": 222.91539794921874,
    "red": 2287,
    "ir": 1513
  },
  {
    "timestamp": 223.03539794921875,
    "red": 2289,
    "ir": 1505
  },
  {
    "timestamp": 223.15539794921875,
    "red": 2282,
    "ir": 1505
  },
  {
    "timestamp": 223.27539794921876,
    "red": 2289,
    "ir": 1510
  },
  {
    "timestamp": 223.39539794921876,
    "red": 2279,
    "ir": 1503
  },
  {
    "timestamp": 223.51539794921874,
    "red": 2288,
    "ir": 1513
  },
  {
    "timestamp": 223.63539794921874,
    "red": 2281,
    "ir": 1501
  },
  {
    "timestamp": 223.75539794921875,
    "red": 2277,
    "ir": 1507
  },
  {
    "timestamp": 223.87539794921875,
    "red": 2289,
    "ir": 1505
  },
  {
    "timestamp": 223.99539794921876,
    "red": 2278,
    "ir": 1504
  },
  {
    "timestamp": 224.11539794921876,
    "red": 2287,
    "ir": 1512
  },
  {
    "timestamp": 224.23539794921874,
    "red": 2282,
    "ir": 1503
  },
  {
    "timestamp": 224.35539794921874,
    "red": 2282,
    "ir": 1509
  },
  {
    "timestamp": 224.47539794921875,
    "red": 2285,
    "ir": 1502
  },
  {
    "timestamp": 224.59539794921875,
    "red": 2278,
    "ir": 1501
  },
  {
    "timestamp": 224.71539794921875,
    "red": 2287,
    "ir": 1508
  },
  {
    "timestamp": 224.83539794921876,
    "red": 2280,
    "ir": 1501
  },
  {
    "timestamp": 224.95539794921876,
    "red": 2281,
    "ir": 1512
  },
  {
    "timestamp": 225.07539794921874,
    "red": 2284,
    "ir": 1507
  },
  {
    "timestamp": 225.19539794921874,
    "red": 2283,
    "ir": 1504
  },
  {
    "timestamp": 225.31539794921875,
    "red": 2289,
    "ir": 1515
  },
  {
    "timestamp": 225.43539794921875,
    "red": 2282,
    "ir": 1502
  },
  {
    "timestamp": 225.55539794921876,
    "red": 2283,
    "ir": 1510
  },
  {
    "timestamp": 225.67539794921876,
    "red": 2285,
    "ir": 1499
  },
  {
    "timestamp": 225.79539794921874,
    "red": 2277,
    "ir": 1506
  },
  {
    "timestamp": 225.91539794921874,
    "red": 2290,
    "ir": 1514
  },
  {
    "timestamp": 223.23655517578126,
    "red": 2276,
    "ir": 1500
  },
  {
    "timestamp": 223.35655517578124,
    "red": 2285,
    "ir": 1516
  },
  {
    "timestamp": 223.47655517578124,
    "red": 2283,
    "ir": 1500
  },
  {
    "timestamp": 223.59655517578125,
    "red": 2283,
    "ir": 1505
  },
  {
    "timestamp": 223.71655517578125,
    "red": 2290,
    "ir": 1509
  },
  {
    "timestamp": 223.83655517578126,
    "red": 2283,
    "ir": 1502
  },
  {
    "timestamp": 223.95655517578126,
    "red": 2287,
    "ir": 1511
  },
  {
    "timestamp": 224.07655517578124,
    "red": 2281,
    "ir": 1501
  },
  {
    "timestamp": 224.19655517578124,
    "red": 2283,
    "ir": 1504
  },
  {
    "timestamp": 224.31655517578125,
    "red": 2291,
    "ir": 1507
  },
  {
    "timestamp": 224.43655517578125,
    "red": 2281,
    "ir": 1504
  },
  {
    "timestamp": 224.55655517578126,
    "red": 2289,
    "ir": 1511
  },
  {
    "timestamp": 224.67655517578126,
    "red": 2284,
    "ir": 1502
  },
  {
    "timestamp": 224.79655517578124,
    "red": 2284,
    "ir": 1504
  },
  {
    "timestamp": 224.91655517578124,
    "red": 2288,
    "ir": 1506
  },
  {
    "timestamp": 225.03655517578125,
    "red": 2278,
    "ir": 1503
  },
  {
    "timestamp": 225.15655517578125,
    "red": 2289,
    "ir": 1512
  },
  {
    "timestamp": 225.27655517578125,
    "red": 2281,
    "ir": 1501
  },
  {
    "timestamp": 225.39655517578126,
    "red": 2280,
    "ir": 1505
  },
  {
    "timestamp": 225.51655517578126,
    "red": 2286,
    "ir": 1498
  },
  {
    "timestamp": 225.63655517578124,
    "red": 2282,
    "ir": 1499
  },
  {
    "timestamp": 225.75655517578124,
    "red": 2290,
    "ir": 1512
  },
  {
    "timestamp": 225.87655517578125,
    "red": 2278,
    "ir": 1505
  },
  {
    "timestamp": 225.99655517578125,
    "red": 2281,
    "ir": 1509
  },
  {
    "timestamp": 226.11655517578126,
    "red": 2287,
    "ir": 1502
  },
  {
    "timestamp": 226.23655517578126,
    "red": 2282,
    "ir": 1502
  },
  {
    "timestamp": 226.35655517578124,
    "red": 2290,
    "ir": 1512
  },
  {
    "timestamp": 226.47655517578124,
    "red": 2279,
    "ir": 1498
  },
  {
    "timestamp": 223.8012829589844,
    "red": 2283,
    "ir": 1509
  },
  {
    "timestamp": 223.92128295898436,
    "red": 2290,
    "ir": 1505
  },
  {
    "timestamp": 224.04128295898437,
    "red": 2284,
    "ir": 1506
  },
  {
    "timestamp": 224.16128295898437,
    "red": 2288,
    "ir": 1506
  },
  {
    "timestamp": 224.28128295898438,
    "red": 2276,
    "ir": 1502
  },
  {
    "timestamp": 224.40128295898438,
    "red": 2286,
    "ir": 1516
  },
  {
    "timestamp": 224.5212829589844,
    "red": 2288,
    "ir": 1503
  },
  {
    "timestamp": 224.64128295898436,
    "red": 2278,
    "ir": 1504
  },
  {
    "timestamp": 224.76128295898437,
    "red": 2294,
    "ir": 1512
  },
  {
    "timestamp": 224.88128295898437,
    "red": 2279,
    "ir": 1505
  },
  {
    "timestamp": 225.00128295898438,
    "red": 2287,
    "ir": 1512
  },
  {
    "timestamp": 225.12128295898438,
    "red": 2286,
    "ir": 1501
  },
  {
    "timestamp": 225.24128295898439,
    "red": 2281,
    "ir": 1502
  },
  {
    "timestamp": 225.36128295898436,
    "red": 2293,
    "ir": 1508
  },
  {
    "timestamp": 225.48128295898437,
    "red": 2282,
    "ir": 1503
  },
  {
    "timestamp": 225.60128295898437,
    "red": 2283,
    "ir": 1514
  },
  {
    "timestamp": 225.72128295898438,
    "red": 2282,
    "ir": 1500
  },
  {
    "timestamp": 225.84128295898438,
    "red": 2281,
    "ir": 1507
  },
  {
    "timestamp": 225.96128295898438,
    "red": 2287,
    "ir": 1508
  },
  {
    "timestamp": 226.0812829589844,
    "red": 2275,
    "ir": 1503
  },
  {
    "timestamp": 226.20128295898436,
    "red": 2290,
    "ir": 1511
  },
  {
    "timestamp": 226.32128295898437,
    "red": 2280,
    "ir": 1498
  },
  {
    "timestamp": 226.44128295898437,
    "red": 2278,
    "ir": 1505
  },
  {
    "timestamp": 226.56128295898438,
    "red": 2289,
    "ir": 1501
  },
  {
    "timestamp": 226.68128295898438,
    "red": 2284,
    "ir": 1502
  },
  {
    "timestamp": 226.8012829589844,
    "red": 2290,
    "ir": 1516
  },
  {
    "timestamp": 226.92128295898436,
    "red": 2277,
    "ir": 1499
  },
  {
    "timestamp": 227.04128295898437,
    "red": 2286,
    "ir": 1512
  },
  {
    "timestamp": 224.3589001464844,
    "red": 2286,
    "ir": 1503
  },
  {
    "timestamp": 224.47890014648436,
    "red": 2279,
    "ir": 1505
  },
  {
    "timestamp": 224.59890014648437,
    "red": 2294,
    "ir": 1506
  },
  {
    "timestamp": 224.71890014648437,
    "red": 2280,
    "ir": 1504
  },
  {
    "timestamp": 224.83890014648438,
    "red": 2281,
    "ir": 1513
  },
  {
    "timestamp": 224.95890014648438,
    "red": 2288,
    "ir": 1502
  },
  {
    "timestamp": 225.0789001464844,
    "red": 2282,
    "ir": 1503
  },
  {
    "timestamp": 225.19890014648436,
    "red": 2291,
    "ir": 1510
  },
  {
    "timestamp": 225.31890014648437,
    "red": 2279,
    "ir": 1501
  },
  {
    "timestamp": 225.43890014648437,
    "red": 2285,
    "ir": 1511
  },
  {
    "timestamp": 225.55890014648438,
    "red": 2281,
    "ir": 1505
  },
  {
    "timestamp": 225.67890014648438,
    "red": 2283,
    "ir": 1502
  },
  {
    "timestamp": 225.79890014648439,
    "red": 2288,
    "ir": 1510
  },
  {
    "timestamp": 225.91890014648436,
    "red": 2282,
    "ir": 1504
  },
  {
    "timestamp": 226.03890014648437,
    "red": 2288,
    "ir": 1513
  },
  {
    "timestamp": 226.15890014648437,
    "red": 2281,
    "ir": 1500
  },
  {
    "timestamp": 226.27890014648438,
    "red": 2277,
    "ir": 1506
  },
  {
    "timestamp": 226.39890014648438,
    "red": 2291,
    "ir": 1505
  },
  {
    "timestamp": 226.51890014648438,
    "red": 2279,
    "ir": 1503
  },
  {
    "timestamp": 226.6389001464844,
    "red": 2289,
    "ir": 1512
  },
  {
    "timestamp": 226.75890014648436,
    "red": 2282,
    "ir": 1514
  },
  {
    "timestamp": 226.87890014648437,
    "red": 2279,
    "ir": 1502
  },
  {
    "timestamp": 226.99890014648437,
    "red": 2289,
    "ir": 1506
  },
  {
    "timestamp": 227.11890014648438,
    "red": 2277,
    "ir": 1502
  },
  {
    "timestamp": 227.23890014648438,
    "red": 2286,
    "ir": 1517
  },
  {
    "timestamp": 227.3589001464844,
    "red": 2278,
    "ir": 1502
  },
  {
    "timestamp": 227.47890014648436,
    "red": 2280,
    "ir": 1509
  },
  {
    "timestamp": 227.59890014648437,
    "red": 2289,
    "ir": 1506
  },
  {
    "timestamp": 224.920087890625,
    "red": 2280,
    "ir": 1504
  },
  {
    "timestamp": 225.040087890625,
    "red": 2292,
    "ir": 1510
  },
  {
    "timestamp": 225.160087890625,
    "red": 2278,
    "ir": 1503
  },
  {
    "timestamp": 225.280087890625,
    "red": 2280,
    "ir": 1511
  },
  {
    "timestamp": 225.400087890625,
    "red": 2286,
    "ir": 1503
  },
  {
    "timestamp": 225.520087890625,
    "red": 2283,
    "ir": 1504
  },
  {
    "timestamp": 225.640087890625,
    "red": 2286,
    "ir": 1510
  },
  {
    "timestamp": 225.760087890625,
    "red": 2281,
    "ir": 1496
  },
  {
    "timestamp": 225.880087890625,
    "red": 2283,
    "ir": 1507
  },
  {
    "timestamp": 226.000087890625,
    "red": 2286,
    "ir": 1501
  },
  {
    "timestamp": 226.120087890625,
    "red": 2281,
    "ir": 1504
  },
  {
    "timestamp": 226.240087890625,
    "red": 2293,
    "ir": 1510
  },
  {
    "timestamp": 226.360087890625,
    "red": 2278,
    "ir": 1501
  },
  {
    "timestamp": 226.480087890625,
    "red": 2284,
    "ir": 1512
  },
  {
    "timestamp": 226.600087890625,
    "red": 2283,
    "ir": 1502
  },
  {
    "timestamp": 226.720087890625,
    "red": 2284,
    "ir": 1504
  },
  {
    "timestamp": 226.840087890625,
    "red": 2285,
    "ir": 1513
  },
  {
    "timestamp": 226.960087890625,
    "red": 2282,
    "ir": 1504
  },
  {
    "timestamp": 227.080087890625,
    "red": 2288,
    "ir": 1512
  },
  {
    "timestamp": 227.200087890625,
    "red": 2286,
    "ir": 1500
  },
  {
    "timestamp": 227.320087890625,
    "red": 2280,
    "ir": 1503
  },
  {
    "timestamp": 227.440087890625,
    "red": 2288,
    "ir": 1510
  },
  {
    "timestamp": 227.560087890625,
    "red": 2281,
    "ir": 1501
  },
  {
    "timestamp": 227.680087890625,
    "red": 2286,
    "ir": 1515
  },
  {
    "timestamp": 227.800087890625,
    "red": 2280,
    "ir": 1502
  },
  {
    "timestamp": 227.920087890625,
    "red": 2284,
    "ir": 1505
  },
  {
    "timestamp": 228.040087890625,
    "red": 2287,
    "ir": 1508
  },
  {
    "timestamp": 228.160087890625,
    "red": 2282,
    "ir": 1506
  },
  {
    "timestamp": 225.4812145996094,
    "red": 2287,
    "ir": 1510
  },
  {
    "timestamp": 225.60121459960936,
    "red": 2285,
    "ir": 1507
  },
  {
    "timestamp": 225.72121459960937,
    "red": 2281,
    "ir": 1509
  },
  {
    "timestamp": 225.84121459960937,
    "red": 2291,
    "ir": 1503
  },
  {
    "timestamp": 225.96121459960938,
    "red": 2280,
    "ir": 1503
  },
  {
    "timestamp": 226.08121459960938,
    "red": 2289,
    "ir": 1511
  },
  {
    "timestamp": 226.2012145996094,
    "red": 2280,
    "ir": 1502
  },
  {
    "timestamp": 226.32121459960936,
    "red": 2280,
    "ir": 1504
  },
  {
    "timestamp": 226.44121459960937,
    "red": 2290,
    "ir": 1502
  },
  {
    "timestamp": 226.56121459960937,
    "red": 2283,
    "ir": 1504
  },
  {
    "timestamp": 226.68121459960938,
    "red": 2289,
    "ir": 1508
  },
  {
    "timestamp": 226.80121459960938,
    "red": 2281,
    "ir": 1499
  },
  {
    "timestamp": 226.92121459960939,
    "red": 2284,
    "ir": 1508
  },
  {
    "timestamp": 227.04121459960936,
    "red": 2288,
    "ir": 1504
  },
  {
    "timestamp": 227.16121459960937,
    "red": 2280,
    "ir": 1503
  },
  {
    "timestamp": 227.28121459960937,
    "red": 2291,
    "ir": 1512
  },
  {
    "timestamp": 227.40121459960938,
    "red": 2282,
    "ir": 1503
  },
  {
    "timestamp": 227.52121459960938,
    "red": 2283,
    "ir": 1518
  },
  {
    "timestamp": 227.64121459960938,
    "red": 2285,
    "ir": 1507
  },
  {
    "timestamp": 227.7612145996094,
    "red": 2280,
    "ir": 1503
  },
  {
    "timestamp": 227.88121459960936,
    "red": 2291,
    "ir": 1508
  },
  {
    "timestamp": 228.00121459960937,
    "red": 2280,
    "ir": 1501
  },
  {
    "timestamp": 228.12121459960937,
    "red": 2286,
    "ir": 1516
  },
  {
    "timestamp": 228.24121459960938,
    "red": 2282,
    "ir": 1503
  },
  {
    "timestamp": 228.36121459960938,
    "red": 2283,
    "ir": 1504
  },
  {
    "timestamp": 228.4812145996094,
    "red": 2291,
    "ir": 1509
  },
  {
    "timestamp": 228.60121459960936,
    "red": 2280,
    "ir": 1505
  },
  {
    "timestamp": 228.72121459960937,
    "red": 2287,
    "ir": 1513
  },
  {
    "timestamp": 226.04240234375,
    "red": 2281,
    "ir": 1505
  },
  {
    "timestamp": 226.16240234375,
    "red": 2283,
    "ir": 1506
  },
  {
    "timestamp": 226.28240234375,
    "red": 2288,
    "ir": 1507
  },
  {
    "timestamp": 226.40240234375,
    "red": 2280,
    "ir": 1504
  },
  {
    "timestamp": 226.52240234375,
    "red": 2288,
    "ir": 1511
  },
  {
    "timestamp": 226.64240234375,
    "red": 2278,
    "ir": 1503
  },
  {
    "timestamp": 226.76240234375,
    "red": 2281,
    "ir": 1509
  },
  {
    "timestamp": 226.88240234375,
    "red": 2291,
    "ir": 1509
  },
  {
    "timestamp": 227.00240234375,
    "red": 2278,
    "ir": 1502
  },
  {
    "timestamp": 227.12240234375,
    "red": 2289,
    "ir": 1509
  },
  {
    "timestamp": 227.24240234375,
    "red": 2280,
    "ir": 1499
  },
  {
    "timestamp": 227.36240234375,
    "red": 2284,
    "ir": 1508
  },
  {
    "timestamp": 227.48240234375,
    "red": 2284,
    "ir": 1505
  },
  {
    "timestamp": 227.60240234375,
    "red": 2282,
    "ir": 1503
  },
  {
    "timestamp": 227.72240234375,
    "red": 2292,
    "ir": 1509
  },
  {
    "timestamp": 227.84240234375,
    "red": 2282,
    "ir": 1504
  },
  {
    "timestamp": 227.96240234375,
    "red": 2285,
    "ir": 1510
  },
  {
    "timestamp": 228.08240234375,
    "red": 2285,
    "ir": 1502
  },
  {
    "timestamp": 228.20240234375,
    "red": 2281,
    "ir": 1505
  },
  {
    "timestamp": 228.32240234375,
    "red": 2296,
    "ir": 1511
  },
  {
    "timestamp": 228.44240234375,
    "red": 2280,
    "ir": 1504
  },
  {
    "timestamp": 228.56240234375,
    "red": 2288,
    "ir": 1511
  },
  {
    "timestamp": 228.68240234375,
    "red": 2288,
    "ir": 1505
  },
  {
    "timestamp": 228.80240234375,
    "red": 2281,
    "ir": 1503
  },
  {
    "timestamp": 228.92240234375,
    "red": 2292,
    "ir": 1507
  },
  {
    "timestamp": 229.04240234375,
    "red": 2283,
    "ir": 1506
  },
  {
    "timestamp": 229.16240234375,
    "red": 2282,
    "ir": 1513
  },
  {
    "timestamp": 229.28240234375,
    "red": 2283,
    "ir": 1503
  },
  {
    "timestamp": 226.60359008789064,
    "red": 2280,
    "ir": 1502
  },
  {
    "timestamp": 226.7235900878906,
    "red": 2289,
    "ir": 1506
  },
  {
    "timestamp": 226.84359008789062,
    "red": 2279,
    "ir": 1504
  },
  {
    "timestamp": 226.96359008789062,
    "red": 2285,
    "ir": 1514
  },
  {
    "timestamp": 227.08359008789063,
    "red": 2282,
    "ir": 1503
  },
  {
    "timestamp": 227.20359008789063,
    "red": 2278,
    "ir": 1508
  },
  {
    "timestamp": 227.32359008789064,
    "red": 2287,
    "ir": 1506
  },
  {
    "timestamp": 227.4435900878906,
    "red": 2283,
    "ir": 1504
  },
  {
    "timestamp": 227.56359008789062,
    "red": 2292,
    "ir": 1512
  },
  {
    "timestamp": 227.68359008789062,
    "red": 2279,
    "ir": 1502
  },
  {
    "timestamp": 227.80359008789063,
    "red": 2282,
    "ir": 1504
  },
  {
    "timestamp": 227.92359008789063,
    "red": 2291,
    "ir": 1507
  },
  {
    "timestamp": 228.04359008789064,
    "red": 2282,
    "ir": 1499
  },
  {
    "timestamp": 228.1635900878906,
    "red": 2292,
    "ir": 1509
  },
  {
    "timestamp": 228.28359008789062,
    "red": 2280,
    "ir": 1504
  },
  {
    "timestamp": 228.40359008789062,
    "red": 2283,
    "ir": 1509
  },
  {
    "timestamp": 228.52359008789062,
    "red": 2289,
    "ir": 1502
  },
  {
    "timestamp": 228.64359008789063,
    "red": 2280,
    "ir": 1502
  },
  {
    "timestamp": 228.76359008789063,
    "red": 2291,
    "ir": 1511
  },
  {
    "timestamp": 228.88359008789064,
    "red": 2284,
    "ir": 1503
  },
  {
    "timestamp": 229.00359008789061,
    "red": 2281,
    "ir": 1509
  },
  {
    "timestamp": 229.12359008789062,
    "red": 2286,
    "ir": 1500
  },
  {
    "timestamp": 229.24359008789062,
    "red": 2277,
    "ir": 1501
  },
  {
    "timestamp": 229.36359008789063,
    "red": 2291,
    "ir": 1509
  },
  {
    "timestamp": 229.48359008789063,
    "red": 2286,
    "ir": 1502
  },
  {
    "timestamp": 229.60359008789064,
    "red": 2285,
    "ir": 1512
  },
  {
    "timestamp": 229.7235900878906,
    "red": 2286,
    "ir": 1502
  },
  {
    "timestamp": 229.84359008789062,
    "red": 2282,
    "ir": 1506
  },
  {
    "timestamp": 227.16477783203126,
    "red": 2289,
    "ir": 1510
  },
  {
    "timestamp": 227.28477783203124,
    "red": 2278,
    "ir": 1501
  },
  {
    "timestamp": 227.40477783203124,
    "red": 2286,
    "ir": 1513
  },
  {
    "timestamp": 227.52477783203125,
    "red": 2285,
    "ir": 1501
  },
  {
    "timestamp": 227.64477783203125,
    "red": 2283,
    "ir": 1507
  },
  {
    "timestamp": 227.76477783203126,
    "red": 2289,
    "ir": 1509
  },
  {
    "timestamp": 227.88477783203126,
    "red": 2279,
    "ir": 1503
  },
  {
    "timestamp": 228.00477783203124,
    "red": 2287,
    "ir": 1514
  },
  {
    "timestamp": 228.12477783203124,
    "red": 2281,
    "ir": 1503
  },
  {
    "timestamp": 228.24477783203125,
    "red": 2283,
    "ir": 1507
  },
  {
    "timestamp": 228.36477783203125,
    "red": 2292,
    "ir": 1507
  },
  {
    "timestamp": 228.48477783203126,
    "red": 2280,
    "ir": 1504
  },
  {
    "timestamp": 228.60477783203126,
    "red": 2286,
    "ir": 1512
  },
  {
    "timestamp": 228.72477783203124,
    "red": 2280,
    "ir": 1502
  },
  {
    "timestamp": 228.84477783203124,
    "red": 2281,
    "ir": 1506
  },
  {
    "timestamp": 228.96477783203125,
    "red": 2290,
    "ir": 1505
  },
  {
    "timestamp": 229.08477783203125,
    "red": 2279,
    "ir": 1504
  },
  {
    "timestamp": 229.20477783203125,
    "red": 2291,
    "ir": 1510
  },
  {
    "timestamp": 229.32477783203126,
    "red": 2280,
    "ir": 1501
  },
  {
    "timestamp": 229.44477783203126,
    "red": 2286,
    "ir": 1512
  },
  {
    "timestamp": 229.56477783203124,
    "red": 2284,
    "ir": 1508
  },
  {
    "timestamp": 229.68477783203124,
    "red": 2279,
    "ir": 1500
  },
  {
    "timestamp": 229.80477783203125,
    "red": 2292,
    "ir": 1510
  },
  {
    "timestamp": 229.92477783203125,
    "red": 2282,
    "ir": 1500
  },
  {
    "timestamp": 230.04477783203126,
    "red": 2282,
    "ir": 1510
  },
  {
    "timestamp": 230.16477783203126,
    "red": 2282,
    "ir": 1500
  },
  {
    "timestamp": 230.28477783203124,
    "red": 2280,
    "ir": 1504
  },
  {
    "timestamp": 230.40477783203124,
    "red": 2296,
    "ir": 1509
  },
  {
    "timestamp": 227.7259655761719,
    "red": 2280,
    "ir": 1503
  },
  {
    "timestamp": 227.84596557617186,
    "red": 2284,
    "ir": 1511
  },
  {
    "timestamp": 227.96596557617187,
    "red": 2285,
    "ir": 1500
  },
  {
    "timestamp": 228.08596557617187,
    "red": 2282,
    "ir": 1502
  },
  {
    "timestamp": 228.20596557617188,
    "red": 2292,
    "ir": 1507
  },
  {
    "timestamp": 228.32596557617188,
    "red": 2282,
    "ir": 1504
  },
  {
    "timestamp": 228.4459655761719,
    "red": 2287,
    "ir": 1513
  },
  {
    "timestamp": 228.56596557617186,
    "red": 2285,
    "ir": 1500
  },
  {
    "timestamp": 228.68596557617187,
    "red": 2283,
    "ir": 1506
  },
  {
    "timestamp": 228.80596557617187,
    "red": 2291,
    "ir": 1509
  },
  {
    "timestamp": 228.92596557617188,
    "red": 2282,
    "ir": 1505
  },
  {
    "timestamp": 229.04596557617188,
    "red": 2284,
    "ir": 1513
  },
  {
    "timestamp": 229.16596557617189,
    "red": 2281,
    "ir": 1507
  },
  {
    "timestamp": 229.28596557617186,
    "red": 2282,
    "ir": 1507
  },
  {
    "timestamp": 229.40596557617187,
    "red": 2292,
    "ir": 1507
  },
  {
    "timestamp": 229.52596557617187,
    "red": 2279,
    "ir": 1504
  },
  {
    "timestamp": 229.64596557617188,
    "red": 2287,
    "ir": 1513
  },
  {
    "timestamp": 229.76596557617188,
    "red": 2280,
    "ir": 1505
  },
  {
    "timestamp": 229.88596557617188,
    "red": 2280,
    "ir": 1506
  },
  {
    "timestamp": 230.0059655761719,
    "red": 2291,
    "ir": 1504
  },
  {
    "timestamp": 230.12596557617186,
    "red": 2279,
    "ir": 1503
  },
  {
    "timestamp": 230.24596557617187,
    "red": 2292,
    "ir": 1508
  },
  {
    "timestamp": 230.36596557617187,
    "red": 2281,
    "ir": 1506
  },
  {
    "timestamp": 230.48596557617188,
    "red": 2285,
    "ir": 1511
  },
  {
    "timestamp": 230.60596557617188,
    "red": 2289,
    "ir": 1503
  },
  {
    "timestamp": 230.7259655761719,
    "red": 2283,
    "ir": 1503
  },
  {
    "timestamp": 230.84596557617186,
    "red": 2291,
    "ir": 1512
  },
  {
    "timestamp": 230.96596557617187,
    "red": 2282,
    "ir": 1506
  },
  {
    "timestamp": 228.2871533203125,
    "red": 2282,
    "ir": 1509
  },
  {
    "timestamp": 228.4071533203125,
    "red": 2284,
    "ir": 1505
  },
  {
    "timestamp": 228.5271533203125,
    "red": 2280,
    "ir": 1501
  },
  {
    "timestamp": 228.6471533203125,
    "red": 2290,
    "ir": 1508
  },
  {
    "timestamp": 228.7671533203125,
    "red": 2280,
    "ir": 1506
  },
  {
    "timestamp": 228.8871533203125,
    "red": 2285,
    "ir": 1513
  },
  {
    "timestamp": 229.0071533203125,
    "red": 2282,
    "ir": 1504
  },
  {
    "timestamp": 229.1271533203125,
    "red": 2280,
    "ir": 1506
  },
  {
    "timestamp": 229.2471533203125,
    "red": 2289,
    "ir": 1507
  },
  {
    "timestamp": 229.3671533203125,
    "red": 2280,
    "ir": 1505
  },
  {
    "timestamp": 229.4871533203125,
    "red": 2289,
    "ir": 1512
  },
  {
    "timestamp": 229.6071533203125,
    "red": 2286,
    "ir": 1504
  },
  {
    "timestamp": 229.7271533203125,
    "red": 2282,
    "ir": 1507
  },
  {
    "timestamp": 229.8471533203125,
    "red": 2291,
    "ir": 1508
  },
  {
    "timestamp": 229.9671533203125,
    "red": 2280,
    "ir": 1504
  },
  {
    "timestamp": 230.0871533203125,
    "red": 2291,
    "ir": 1511
  },
  {
    "timestamp": 230.2071533203125,
    "red": 2275,
    "ir": 1496
  },
  {
    "timestamp": 230.3271533203125,
    "red": 2283,
    "ir": 1507
  },
  {
    "timestamp": 230.4471533203125,
    "red": 2290,
    "ir": 1507
  },
  {
    "timestamp": 230.5671533203125,
    "red": 2279,
    "ir": 1507
  },
  {
    "timestamp": 230.6871533203125,
    "red": 2290,
    "ir": 1516
  },
  {
    "timestamp": 230.8071533203125,
    "red": 2281,
    "ir": 1503
  },
  {
    "timestamp": 230.9271533203125,
    "red": 2283,
    "ir": 1505
  },
  {
    "timestamp": 231.0471533203125,
    "red": 2288,
    "ir": 1505
  },
  {
    "timestamp": 231.1671533203125,
    "red": 2284,
    "ir": 1503
  },
  {
    "timestamp": 231.2871533203125,
    "red": 2289,
    "ir": 1511
  },
  {
    "timestamp": 231.4071533203125,
    "red": 2280,
    "ir": 1505
  },
  {
    "timestamp": 231.5271533203125,
    "red": 2283,
    "ir": 1510
  },
  {
    "timestamp": 228.848310546875,
    "red": 2285,
    "ir": 1502
  },
  {
    "timestamp": 228.968310546875,
    "red": 2281,
    "ir": 1505
  },
  {
    "timestamp": 229.088310546875,
    "red": 2289,
    "ir": 1509
  },
  {
    "timestamp": 229.208310546875,
    "red": 2279,
    "ir": 1501
  },
  {
    "timestamp": 229.328310546875,
    "red": 2284,
    "ir": 1508
  },
  {
    "timestamp": 229.448310546875,
    "red": 2283,
    "ir": 1498
  },
  {
    "timestamp": 229.568310546875,
    "red": 2281,
    "ir": 1505
  },
  {
    "timestamp": 229.688310546875,
    "red": 2286,
    "ir": 1510
  },
  {
    "timestamp": 229.808310546875,
    "red": 2279,
    "ir": 1504
  },
  {
    "timestamp": 229.928310546875,
    "red": 2283,
    "ir": 1511
  },
  {
    "timestamp": 230.048310546875,
    "red": 2282,
    "ir": 1503
  },
  {
    "timestamp": 230.168310546875,
    "red": 2283,
    "ir": 1506
  },
  {
    "timestamp": 230.288310546875,
    "red": 2292,
    "ir": 1512
  },
  {
    "timestamp": 230.408310546875,
    "red": 2282,
    "ir": 1501
  },
  {
    "timestamp": 230.528310546875,
    "red": 2285,
    "ir": 1512
  },
  {
    "timestamp": 230.648310546875,
    "red": 2283,
    "ir": 1502
  },
  {
    "timestamp": 230.768310546875,
    "red": 2281,
    "ir": 1508
  },
  {
    "timestamp": 230.888310546875,
    "red": 2290,
    "ir": 1508
  },
  {
    "timestamp": 231.008310546875,
    "red": 2279,
    "ir": 1504
  },
  {
    "timestamp": 231.128310546875,
    "red": 2286,
    "ir": 1514
  },
  {
    "timestamp": 231.248310546875,
    "red": 2279,
    "ir": 1503
  },
  {
    "timestamp": 231.368310546875,
    "red": 2283,
    "ir": 1512
  },
  {
    "timestamp": 231.488310546875,
    "red": 2288,
    "ir": 1507
  },
  {
    "timestamp": 231.608310546875,
    "red": 2278,
    "ir": 1504
  },
  {
    "timestamp": 231.728310546875,
    "red": 2286,
    "ir": 1510
  },
  {
    "timestamp": 231.848310546875,
    "red": 2284,
    "ir": 1506
  },
  {
    "timestamp": 231.968310546875,
    "red": 2283,
    "ir": 1510
  },
  {
    "timestamp": 232.088310546875,
    "red": 2289,
    "ir": 1504
  },
  {
    "timestamp": 229.40940673828126,
    "red": 2283,
    "ir": 1502
  },
  {
    "timestamp": 229.52940673828124,
    "red": 2294,
    "ir": 1508
  },
  {
    "timestamp": 229.64940673828124,
    "red": 2282,
    "ir": 1504
  },
  {
    "timestamp": 229.76940673828125,
    "red": 2284,
    "ir": 1511
  },
  {
    "timestamp": 229.88940673828125,
    "red": 2287,
    "ir": 1504
  },
  {
    "timestamp": 230.00940673828126,
    "red": 2282,
    "ir": 1504
  },
  {
    "timestamp": 230.12940673828126,
    "red": 2291,
    "ir": 1512
  },
  {
    "timestamp": 230.24940673828124,
    "red": 2282,
    "ir": 1502
  },
  {
    "timestamp": 230.36940673828124,
    "red": 2282,
    "ir": 1508
  },
  {
    "timestamp": 230.48940673828125,
    "red": 2284,
    "ir": 1504
  },
  {
    "timestamp": 230.60940673828125,
    "red": 2280,
    "ir": 1504
  },
  {
    "timestamp": 230.72940673828126,
    "red": 2295,
    "ir": 1510
  },
  {
    "timestamp": 230.84940673828126,
    "red": 2277,
    "ir": 1505
  },
  {
    "timestamp": 230.96940673828124,
    "red": 2284,
    "ir": 1513
  },
  {
    "timestamp": 231.08940673828124,
    "red": 2287,
    "ir": 1501
  },
  {
    "timestamp": 231.20940673828125,
    "red": 2285,
    "ir": 1503
  },
  {
    "timestamp": 231.32940673828125,
    "red": 2289,
    "ir": 1506
  },
  {
    "timestamp": 231.44940673828125,
    "red": 2281,
    "ir": 1505
  },
  {
    "timestamp": 231.56940673828126,
    "red": 2285,
    "ir": 1511
  },
  {
    "timestamp": 231.68940673828126,
    "red": 2278,
    "ir": 1502
  },
  {
    "timestamp": 231.80940673828124,
    "red": 2279,
    "ir": 1505
  },
  {
    "timestamp": 231.92940673828124,
    "red": 2288,
    "ir": 1510
  },
  {
    "timestamp": 232.04940673828125,
    "red": 2280,
    "ir": 1502
  },
  {
    "timestamp": 232.16940673828125,
    "red": 2288,
    "ir": 1512
  },
  {
    "timestamp": 232.28940673828126,
    "red": 2283,
    "ir": 1502
  },
  {
    "timestamp": 232.40940673828126,
    "red": 2281,
    "ir": 1502
  },
  {
    "timestamp": 232.52940673828124,
    "red": 2286,
    "ir": 1502
  },
  {
    "timestamp": 232.64940673828124,
    "red": 2279,
    "ir": 1503
  },
  {
    "timestamp": 229.9705944824219,
    "red": 2290,
    "ir": 1516
  },
  {
    "timestamp": 230.09059448242186,
    "red": 2279,
    "ir": 1505
  },
  {
    "timestamp": 230.21059448242187,
    "red": 2282,
    "ir": 1510
  },
  {
    "timestamp": 230.33059448242187,
    "red": 2288,
    "ir": 1503
  },
  {
    "timestamp": 230.45059448242188,
    "red": 2281,
    "ir": 1503
  },
  {
    "timestamp": 230.57059448242188,
    "red": 2292,
    "ir": 1510
  },
  {
    "timestamp": 230.6905944824219,
    "red": 2281,
    "ir": 1503
  },
  {
    "timestamp": 230.81059448242186,
    "red": 2281,
    "ir": 1510
  },
  {
    "timestamp": 230.93059448242187,
    "red": 2290,
    "ir": 1504
  },
  {
    "timestamp": 231.05059448242187,
    "red": 2285,
    "ir": 1500
  },
  {
    "timestamp": 231.17059448242188,
    "red": 2293,
    "ir": 1505
  },
  {
    "timestamp": 231.29059448242188,
    "red": 2281,
    "ir": 1500
  },
  {
    "timestamp": 231.41059448242189,
    "red": 2284,
    "ir": 1511
  },
  {
    "timestamp": 231.53059448242186,
    "red": 2286,
    "ir": 1507
  },
  {
    "timestamp": 231.65059448242187,
    "red": 2283,
    "ir": 1506
  },
  {
    "timestamp": 231.77059448242187,
    "red": 2291,
    "ir": 1507
  },
  {
    "timestamp": 231.89059448242188,
    "red": 2280,
    "ir": 1501
  },
  {
    "timestamp": 232.01059448242188,
    "red": 2282,
    "ir": 1511
  },
  {
    "timestamp": 232.13059448242188,
    "red": 2283,
    "ir": 1499
  },
  {
    "timestamp": 232.2505944824219,
    "red": 2282,
    "ir": 1505
  },
  {
    "timestamp": 232.37059448242186,
    "red": 2289,
    "ir": 1508
  },
  {
    "timestamp": 232.49059448242187,
    "red": 2280,
    "ir": 1504
  },
  {
    "timestamp": 232.61059448242187,
    "red": 2291,
    "ir": 1518
  },
  {
    "timestamp": 232.73059448242188,
    "red": 2282,
    "ir": 1502
  },
  {
    "timestamp": 232.85059448242188,
    "red": 2281,
    "ir": 1503
  },
  {
    "timestamp": 232.9705944824219,
    "red": 2291,
    "ir": 1506
  },
  {
    "timestamp": 233.09059448242186,
    "red": 2280,
    "ir": 1501
  },
  {
    "timestamp": 233.21059448242187,
    "red": 2292,
    "ir": 1517
  },
  {
    "timestamp": 230.53159912109376,
    "red": 2281,
    "ir": 1501
  },
  {
    "timestamp": 230.65159912109374,
    "red": 2282,
    "ir": 1507
  },
  {
    "timestamp": 230.77159912109374,
    "red": 2284,
    "ir": 1504
  },
  {
    "timestamp": 230.89159912109375,
    "red": 2280,
    "ir": 1505
  },
  {
    "timestamp": 231.01159912109375,
    "red": 2290,
    "ir": 1509
  },
  {
    "timestamp": 231.13159912109376,
    "red": 2282,
    "ir": 1501
  },
  {
    "timestamp": 231.25159912109376,
    "red": 2280,
    "ir": 1510
  },
  {
    "timestamp": 231.37159912109374,
    "red": 2290,
    "ir": 1503
  },
  {
    "timestamp": 231.49159912109374,
    "red": 2277,
    "ir": 1502
  },
  {
    "timestamp": 231.61159912109375,
    "red": 2288,
    "ir": 1516
  },
  {
    "timestamp": 231.73159912109375,
    "red": 2283,
    "ir": 1502
  },
  {
    "timestamp": 231.85159912109376,
    "red": 2289,
    "ir": 1512
  },
  {
    "timestamp": 231.97159912109376,
    "red": 2287,
    "ir": 1503
  },
  {
    "timestamp": 232.09159912109374,
    "red": 2280,
    "ir": 1500
  },
  {
    "timestamp": 232.21159912109374,
    "red": 2289,
    "ir": 1513
  },
  {
    "timestamp": 232.33159912109375,
    "red": 2282,
    "ir": 1501
  },
  {
    "timestamp": 232.45159912109375,
    "red": 2284,
    "ir": 1511
  },
  {
    "timestamp": 232.57159912109375,
    "red": 2284,
    "ir": 1502
  },
  {
    "timestamp": 232.69159912109376,
    "red": 2284,
    "ir": 1503
  },
  {
    "timestamp": 232.81159912109376,
    "red": 2292,
    "ir": 1506
  },
  {
    "timestamp": 232.93159912109374,
    "red": 2280,
    "ir": 1500
  },
  {
    "timestamp": 233.05159912109374,
    "red": 2286,
    "ir": 1515
  },
  {
    "timestamp": 233.17159912109375,
    "red": 2284,
    "ir": 1505
  },
  {
    "timestamp": 233.29159912109375,
    "red": 2280,
    "ir": 1506
  },
  {
    "timestamp": 233.41159912109376,
    "red": 2288,
    "ir": 1506
  },
  {
    "timestamp": 233.53159912109376,
    "red": 2279,
    "ir": 1504
  },
  {
    "timestamp": 233.65159912109374,
    "red": 2282,
    "ir": 1514
  },
  {
    "timestamp": 233.77159912109374,
    "red": 2281,
    "ir": 1502
  },
  {
    "timestamp": 231.09287841796876,
    "red": 2284,
    "ir": 1507
  },
  {
    "timestamp": 231.21287841796874,
    "red": 2287,
    "ir": 1509
  },
  {
    "timestamp": 231.33287841796874,
    "red": 2279,
    "ir": 1505
  },
  {
    "timestamp": 231.45287841796875,
    "red": 2289,
    "ir": 1512
  },
  {
    "timestamp": 231.57287841796875,
    "red": 2276,
    "ir": 1505
  },
  {
    "timestamp": 231.69287841796876,
    "red": 2281,
    "ir": 1509
  },
  {
    "timestamp": 231.81287841796876,
    "red": 2288,
    "ir": 1501
  },
  {
    "timestamp": 231.93287841796874,
    "red": 2276,
    "ir": 1502
  },
  {
    "timestamp": 232.05287841796874,
    "red": 2289,
    "ir": 1511
  },
  {
    "timestamp": 232.17287841796875,
    "red": 2280,
    "ir": 1502
  },
  {
    "timestamp": 232.29287841796875,
    "red": 2287,
    "ir": 1506
  },
  {
    "timestamp": 232.41287841796876,
    "red": 2290,
    "ir": 1502
  },
  {
    "timestamp": 232.53287841796876,
    "red": 2278,
    "ir": 1502
  },
  {
    "timestamp": 232.65287841796874,
    "red": 2291,
    "ir": 1510
  },
  {
    "timestamp": 232.77287841796874,
    "red": 2282,
    "ir": 1499
  },
  {
    "timestamp": 232.89287841796875,
    "red": 2280,
    "ir": 1507
  },
  {
    "timestamp": 233.01287841796875,
    "red": 2287,
    "ir": 1501
  },
  {
    "timestamp": 233.13287841796875,
    "red": 2278,
    "ir": 1506
  },
  {
    "timestamp": 233.25287841796876,
    "red": 2292,
    "ir": 1510
  },
  {
    "timestamp": 233.37287841796876,
    "red": 2283,
    "ir": 1504
  },
  {
    "timestamp": 233.49287841796874,
    "red": 2285,
    "ir": 1509
  },
  {
    "timestamp": 233.61287841796874,
    "red": 2282,
    "ir": 1504
  },
  {
    "timestamp": 233.73287841796875,
    "red": 2282,
    "ir": 1504
  },
  {
    "timestamp": 233.85287841796875,
    "red": 2290,
    "ir": 1507
  },
  {
    "timestamp": 233.97287841796876,
    "red": 2282,
    "ir": 1502
  },
  {
    "timestamp": 234.09287841796876,
    "red": 2286,
    "ir": 1512
  },
  {
    "timestamp": 234.21287841796874,
    "red": 2280,
    "ir": 1501
  },
  {
    "timestamp": 234.33287841796874,
    "red": 2279,
    "ir": 1508
  }
]