[
  {
    "timestamp": 215.2679443359375,
    "x": -15872,
    "y": -2560,
    "z": 1280
  },
  {
    "timestamp": 215.30127766927083,
    "x": -15616,
    "y": -2816,
    "z": 1024
  },
  {
    "timestamp": 215.33461100260416,
    "x": -15872,
    "y": -2560,
    "z": 1536
  },
  {
    "timestamp": 215.3679443359375,
    "x": -15616,
    "y": -2816,
    "z": 1280
  },
  {
    "timestamp": 215.40127766927083,
    "x": -15872,
    "y": -2560,
    "z": 1792
  },
  {
    "timestamp": 215.43461100260416,
    "x": -15872,
    "y": -2816,
    "z": 1536
  },
  {
    "timestamp": 215.4679443359375,
    "x": -15616,
    "y": -2560,
    "z": 1536
  },
  {
    "timestamp": 215.50127766927082,
    "x": -15872,
    "y": -2816,
    "z": 1536
  },
  {
    "timestamp": 215.53461100260418,
    "x": -15872,
    "y": -2560,
    "z": 1280
  },
  {
    "timestamp": 215.5679443359375,
    "x": -15872,
    "y": -2816,
    "z": 1536
  },
  {
    "timestamp": 215.60127766927084,
    "x": -15616,
    "y": -2560,
    "z": 1536
  },
  {
    "timestamp": 215.63461100260417,
    "x": -15872,
    "y": -2816,
    "z": 1536
  },
  {
    "timestamp": 215.6679443359375,
    "x": -15872,
    "y": -2560,
    "z": 1536
  },
  {
    "timestamp": 215.70127766927084,
    "x": -15616,
    "y": -2816,
    "z": 1536
  },
  {
    "timestamp": 215.73461100260417,
    "x": -15872,
    "y": -2560,
    "z": 1536
  },
  {
    "timestamp": 215.7679443359375,
    "x": -15872,
    "y": -2560,
    "z": 1280
  },
  {
    "timestamp": 215.80127766927083,
    "x": -15616,
    "y": -2560,
    "z": 1536
  },
  {
    "timestamp": 215.83461100260416,
    "x": -15872,
    "y": -2560,
    "z": 1280
  },
  {
    "timestamp": 215.8679443359375,
    "x": -15872,
    "y": -2816,
    "z": 1280
  },
  {
    "timestamp": 215.90127766927083,
    "x": -15616,
    "y": -2816,
    "z": 1024
  },
  {
    "timestamp": 215.93461100260416,
    "x": -15616,
    "y": -2816,
    "z": 1024
  },
  {
    "timestamp": 215.9679443359375,
    "x": -15616,
    "y": -2816,
    "z": 1536
  },
  {
    "timestamp": 216.00127766927082,
    "x": -15872,
    "y": -2816,
    "z": 1536
  },
  {
    "timestamp": 216.03461100260418,
    "x": -15616,
    "y": -2560,
    "z": 1536
  },
  {
    "timestamp": 216.0679443359375,
    "x": -15872,
    "y": -2560,
    "z": 1536
  },
  {
    "timestamp": 216.10127766927084,
    "x": -15872,
    "y": -2816,
    "z": 1536
  },
  {
    "timestamp": 216.13461100260417,
    "x": -15872,
    "y": -2816,
    "z": 1536
  },
  {
    "timestamp": 216.1679443359375,
    "x": -15616,
    "y": -2816,
    "z": 1536
  },
  {
    "timestamp": 216.20127766927084,
    "x": -15872,
    "y": -2560,
    "z": 1280
  },
  {
    "timestamp": 216.23461100260417,
    "x": -16128,
    "y": -2560,
    "z": 1536
  },
  {
    "timestamp": 216.45626831054688,
    "x": -15616,
    "y": -2560,
    "z": 1280
  },
  {
    "timestamp": 216.4896016438802,
    "x": -15872,
    "y": -2816,
    "z": 1536
  },
  {
    "timestamp": 216.52293497721354,
    "x": -15616,
    "y": -2560,
    "z": 1280
  },
  {
    "timestamp": 216.55626831054687,
    "x": -15616,
    "y": -2816,
    "z": 1280
  },
  {
    "timestamp": 216.5896016438802,
    "x": -15616,
    "y": -2816,
    "z": 1280
  },
  {
    "timestamp": 216.62293497721353,
    "x": -15872,
    "y": -2816,
    "z": 1536
  },
  {
    "timestamp": 216.65626831054686,
    "x": -15872,
    "y": -3072,
    "z": 1792
  },
  {
    "timestamp": 216.6896016438802,
    "x": -15616,
    "y": -2816,
    "z": 1280
  },
  {
    "timestamp": 216.72293497721355,
    "x": -15616,
    "y": -2560,
    "z": 1536
  },
  {
    "timestamp": 216.7562683105469,
    "x": -15616,
    "y": -2560,
    "z": 1792
  },
  {
    "timestamp": 216.78960164388022,
    "x": -15616,
    "y": -2816,
    "z": 1280
  },
  {
    "timestamp": 216.82293497721355,
    "x": -15616,
    "y": -2560,
    "z": 1536
  },
  {
    "timestamp": 216.85626831054688,
    "x": -15872,
    "y": -2816,
    "z": 1536
  },
  {
    "timestamp": 216.8896016438802,
    "x": -15872,
    "y": -2560,
    "z": 1280
  },
  {
    "timestamp": 216.92293497721354,
    "x": -15360,
    "y": -2816,
    "z": 1536
  },
  {
    "timestamp": 216.95626831054688,
    "x": -16128,
    "y": -2560,
    "z": 1280
  },
  {
    "timestamp": 216.9896016438802,
    "x": -15616,
    "y": -2560,
    "z": 1536
  },
  {
    "timestamp": 217.02293497721354,
    "x": -16128,
    "y": -2560,
    "z": 1024
  },
  {
    "timestamp": 217.05626831054687,
    "x": -15616,
    "y": -2816,
    "z": 1280
  },
  {
    "timestamp": 217.0896016438802,
    "x": -15616,
    "y": -2816,
    "z": 1280
  },
  {
    "timestamp": 217.12293497721353,
    "x": -15872,
    "y": -2560,
    "z": 1280
  },
  {
    "timestamp": 217.15626831054686,
    "x": -15872,
    "y": -2816,
    "z": 1280
  },
  {
    "timestamp": 217.1896016438802,
    "x": -15872,
    "y": -2816,
    "z": 1280
  },
  {
    "timestamp": 217.22293497721355,
    "x": -15872,
    "y": -2560,
    "z": 1536
  },
  {
    "timestamp": 217.2562683105469,
    "x": -15872,
    "y": -2560,
    "z": 1280
  },
  {
    "timestamp": 217.28960164388022,
    "x": -15872,
    "y": -2816,
    "z": 1536
  },
  {
    "timestamp": 217.32293497721355,
    "x": -15872,
    "y": -2560,
    "z": 1536
  },
  {
    "timestamp": 217.35626831054688,
    "x": -16128,
    "y": -2816,
    "z": 1280
  },
  {
    "timestamp": 217.3896016438802,
    "x": -15872,
    "y": -2560,
    "z": 1536
  },
  {
    "timestamp": 217.42293497721354,
    "x": -15872,
    "y": -2816,
    "z": 1280
  },
  {
    "timestamp": 217.64459228515625,
    "x": -15872,
    "y": -2560,
    "z": 1280
  },
  {
    "timestamp": 217.67792561848958,
    "x": -15616,
    "y": -2816,
    "z": 1536
  },
  {
    "timestamp": 217.7112589518229,
    "x": -15872,
    "y": -2560,
    "z": 1536
  },
  {
    "timestamp": 217.74459228515624,
    "x": -15616,
    "y": -2560,
    "z": 1536
  },
  {
    "timestamp": 217.77792561848958,
    "x": -15872,
    "y": -2560,
    "z": 1024
  },
  {
    "timestamp": 217.8112589518229,
    "x": -15616,
    "y": -2816,
    "z": 1280
  },
  {
    "timestamp": 217.84459228515624,
    "x": -15872,
    "y": -2816,
    "z": 1536
  },
  {
    "timestamp": 217.87792561848957,
    "x": -15872,
    "y": -2816,
    "z": 1536
  },
  {
    "timestamp": 217.91125895182293,
    "x": -15616,
    "y": -2560,
    "z": 1280
  },
  {
    "timestamp": 217.94459228515626,
    "x": -15616,
    "y": -2816,
    "z": 1280
  },
  {
    "timestamp": 217.9779256184896,
    "x": -15872,
    "y": -2816,
    "z": 1536
  },
  {
    "timestamp": 218.01125895182292,
    "x": -15872,
    "y": -2816,
    "z": 1536
  },
  {
    "timestamp": 218.04459228515626,
    "x": -15872,
    "y": -2560,
    "z": 1536
  },
  {
    "timestamp": 218.0779256184896,
    "x": -15872,
    "y": -2816,
    "z": 1280
  },
  {
    "timestamp": 218.11125895182292,
    "x": -15616,
    "y": -2560,
    "z": 1536
  },
  {
    "timestamp": 218.14459228515625,
    "x": -15872,
    "y": -2560,
    "z": 1536
  },
  {
    "timestamp": 218.17792561848958,
    "x": -15616,
    "y": -2560,
    "z": 1280
  },
  {
    "timestamp": 218.2112589518229,
    "x": -15616,
    "y": -2560,
    "z": 1536
  },
  {
    "timestamp": 218.24459228515624,
    "x": -15616,
    "y": -2816,
    "z": 1280
  },
  {
    "timestamp": 218.27792561848958,
    "x": -15872,
    "y": -2560,
    "z": 1536
  },
  {
    "timestamp": 218.3112589518229,
    "x": -15616,
    "y": -2560,
    "z": 1536
  },
  {
    "timestamp": 218.34459228515624,
    "x": -15872,
    "y": -2816,
    "z": 1536
  },
  {
    "timestamp": 218.37792561848957,
    "x": -15872,
    "y": -2560,
    "z": 1536
  },
  {
    "timestamp": 218.41125895182293,
    "x": -15872,
    "y": -2816,
    "z": 1536
  },
  {
    "timestamp": 218.44459228515626,
    "x": -15872,
    "y": -2560,
    "z": 1280
  },
  {
    "timestamp": 218.4779256184896,
    "x": -15616,
    "y": -2816,
    "z": 1536
  },
  {
    "timestamp": 218.51125895182292,
    "x": -15872,
    "y": -2560,
    "z": 1536
  },
  {
    "timestamp": 218.54459228515626,
    "x": -15616,
    "y": -2816,
    "z": 1280
  },
  {
    "timestamp": 218.5779256184896,
    "x": -15872,
    "y": -2560,
    "z": 1536
  },
  {
    "timestamp": 218.61125895182292,
    "x": -15616,
    "y": -2560,
    "z": 1536
  },
  {
    "timestamp": 218.83297729492188,
    "x": -15616,
    "y": -2816,
    "z": 1536
  },
  {
    "timestamp": 218.8663106282552,
    "x": -15872,
    "y": -2816,
    "z": 1280
  },
  {
    "timestamp": 218.89964396158854,
    "x": -15872,
    "y": -2816,
    "z": 1536
  },
  {
    "timestamp": 218.93297729492187,
    "x": -15872,
    "y": -2816,
    "z": 1280
  },
  {
    "timestamp": 218.9663106282552,
    "x": -15872,
    "y": -2560,
    "z": 1536
  },
  {
    "timestamp": 218.99964396158853,
    "x": -15872,
    "y": -2560,
    "z": 1280
  },
  {
    "timestamp": 219.03297729492186,
    "x": -15872,
    "y": -3072,
    "z": 1536
  },
  {
    "timestamp": 219.0663106282552,
    "x": -15872,
    "y": -2816,
    "z": 1536
  },
  {
    "timestamp": 219.09964396158855,
    "x": -15616,
    "y": -2816,
    "z": 1280
  },
  {
    "timestamp": 219.1329772949219,
    "x": -15616,
    "y": -2560,
    "z": 1280
  },
  {
    "timestamp": 219.16631062825522,
    "x": -15616,
    "y": -2816,
    "z": 1280
  },
  {
    "timestamp": 219.19964396158855,
    "x": -15616,
    "y": -2560,
    "z": 1536
  },
  {
    "timestamp": 219.23297729492188,
    "x": -15616,
    "y": -2560,
    "z": 1536
  },
  {
    "timestamp": 219.2663106282552,
    "x": -15616,
    "y": -2816,
    "z": 1280
  },
  {
    "timestamp": 219.29964396158854,
    "x": -15872,
    "y": -2560,
    "z": 1536
  },
  {
    "timestamp": 219.33297729492188,
    "x": -15616,
    "y": -2816,
    "z": 1280
  },
  {
    "timestamp": 219.3663106282552,
    "x": -15872,
    "y": -2816,
    "z": 1280
  },
  {
    "timestamp": 219.39964396158854,
    "x": -15616,
    "y": -2560,
    "z": 1280
  },
  {
    "timestamp": 219.43297729492187,
    "x": -15872,
    "y": -2816,
    "z": 1536
  },
  {
    "timestamp": 219.4663106282552,
    "x": -15616,
    "y": -2816,
    "z": 1280
  },
  {
    "timestamp": 219.49964396158853,
    "x": -15872,
    "y": -2560,
    "z": 1280
  },
  {
    "timestamp": 219.53297729492186,
    "x": -15872,
    "y": -2816,
    "z": 1280
  },
  {
    "timestamp": 219.5663106282552,
    "x": -15616,
    "y": -2816,
    "z": 1024
  },
  {
    "timestamp": 219.59964396158855,
    "x": -15616,
    "y": -2816,
    "z": 1280
  },
  {
    "timestamp": 219.6329772949219,
    "x": -15872,
    "y": -2560,
    "z": 1280
  },
  {
    "timestamp": 219.66631062825522,
    "x": -15616,
    "y": -2816,
    "z": 1280
  },
  {
    "timestamp": 219.69964396158855,
    "x": -16128,
    "y": -2560,
    "z": 1536
  },
  {
    "timestamp": 219.73297729492188,
    "x": -15616,
    "y": -2816,
    "z": 1280
  },
  {
    "timestamp": 219.7663106282552,
    "x": -15616,
    "y": -2560,
    "z": 1536
  },
  {
    "timestamp": 219.79964396158854,
    "x": -15616,
    "y": -2816,
    "z": 1280
  },
  {
    "timestamp": 220.02130126953125,
    "x": -15872,
    "y": -2560,
    "z": 1536
  },
  {
    "timestamp": 220.05463460286458,
    "x": -15872,
    "y": -2816,
    "z": 1280
  },
  {
    "timestamp": 220.0879679361979,
    "x": -15872,
    "y": -2560,
    "z": 1536
  },
  {
    "timestamp": 220.12130126953124,
    "x": -15872,
    "y": -2816,
    "z": 1280
  },
  {
    "timestamp": 220.15463460286458,
    "x": -15872,
    "y": -2560,
    "z": 1536
  },
  {
    "timestamp": 220.1879679361979,
    "x": -15616,
    "y": -2816,
    "z": 1280
  },
  {
    "timestamp": 220.22130126953124,
    "x": -15616,
    "y": -2560,
    "z": 1536
  },
  {
    "timestamp": 220.25463460286457,
    "x": -15872,
    "y": -2560,
    "z": 1536
  },
  {
    "timestamp": 220.28796793619793,
    "x": -15872,
    "y": -2816,
    "z": 1536
  },
  {
    "timestamp": 220.32130126953126,
    "x": -15616,
    "y": -2560,
    "z": 1536
  },
  {
    "timestamp": 220.3546346028646,
    "x": -15872,
    "y": -2560,
    "z": 1536
  },
  {
    "timestamp": 220.38796793619792,
    "x": -15616,
    "y": -2560,
    "z": 1280
  },
  {
    "timestamp": 220.42130126953126,
    "x": -15872,
    "y": -2560,
    "z": 1280
  },
  {
    "timestamp": 220.4546346028646,
    "x": -15872,
    "y": -2560,
    "z": 1536
  },
  {
    "timestamp": 220.48796793619792,
    "x": -15616,
    "y": -2560,
    "z": 1536
  },
  {
    "timestamp": 220.52130126953125,
    "x": -15872,
    "y": -2816,
    "z": 1280
  },
  {
    "timestamp": 220.55463460286458,
    "x": -15872,
    "y": -2560,
    "z": 1536
  },
  {
    "timestamp": 220.5879679361979,
    "x": -15872,
    "y": -2560,
    "z": 1536
  },
  {
    "timestamp": 220.62130126953124,
    "x": -15616,
    "y": -2560,
    "z": 1536
  },
  {
    "timestamp": 220.65463460286458,
    "x": -15616,
    "y": -2560,
    "z": 1280
  },
  {
    "timestamp": 220.6879679361979,
    "x": -15616,
    "y": -2560,
    "z": 1280
  },
  {
    "timestamp": 220.72130126953124,
    "x": -15872,
    "y": -2560,
    "z": 1536
  },
  {
    "timestamp": 220.75463460286457,
    "x": -15616,
    "y": -2560,
    "z": 1536
  },
  {
    "timestamp": 220.78796793619793,
    "x": -15872,
    "y": -2560,
    "z": 1536
  },
  {
    "timestamp": 220.82130126953126,
    "x": -15872,
    "y": -2816,
    "z": 1792
  },
  {
    "timestamp": 220.8546346028646,
    "x": -15872,
    "y": -2816,
    "z": 1536
  },
  {
    "timestamp": 220.88796793619792,
    "x": -15616,
    "y": -2816,
    "z": 1280
  },
  {
    "timestamp": 220.92130126953126,
    "x": -15616,
    "y": -2560,
    "z": 1536
  },
  {
    "timestamp": 220.9546346028646,
    "x": -15872,
    "y": -2816,
    "z": 1792
  },
  {
    "timestamp": 220.98796793619792,
    "x": -15872,
    "y": -2560,
    "z": 1280
  },
  {
    "timestamp": 221.20977783203125,
    "x": -15872,
    "y": -2816,
    "z": 1280
  },
  {
    "timestamp": 221.24311116536458,
    "x": -15616,
    "y": -2560,
    "z": 1280
  },
  {
    "timestamp": 221.2764444986979,
    "x": -15616,
    "y": -2816,
    "z": 1280
  },
  {
    "timestamp": 221.30977783203124,
    "x": -15872,
    "y": -2816,
    "z": 1536
  },
  {
    "timestamp": 221.34311116536458,
    "x": -15616,
    "y": -2816,
    "z": 1536
  },
  {
    "timestamp": 221.3764444986979,
    "x": -15872,
    "y": -2560,
    "z": 1280
  },
  {
    "timestamp": 221.40977783203124,
    "x": -15616,
    "y": -2816,
    "z": 1536
  },
  {
    "timestamp": 221.44311116536457,
    "x": -15872,
    "y": -2560,
    "z": 1280
  },
  {
    "timestamp": 221.47644449869793,
    "x": -15616,
    "y": -2560,
    "z": 1280
  },
  {
    "timestamp": 221.50977783203126,
    "x": -15872,
    "y": -2560,
    "z": 1280
  },
  {
    "timestamp": 221.5431111653646,
    "x": -15872,
    "y": -3072,
    "z": 1280
  },
  {
    "timestamp": 221.57644449869792,
    "x": -15872,
    "y": -2560,
    "z": 1536
  },
  {
    "timestamp": 221.60977783203126,
    "x": -15872,
    "y": -2560,
    "z": 1536
  },
  {
    "timestamp": 221.6431111653646,
    "x": -15616,
    "y": -2560,
    "z": 1280
  },
  {
    "timestamp": 221.67644449869792,
    "x": -15616,
    "y": -2560,
    "z": 1536
  },
  {
    "timestamp": 221.70977783203125,
    "x": -15872,
    "y": -2816,
    "z": 1536
  },
  {
    "timestamp": 221.74311116536458,
    "x": -15872,
    "y": -2816,
    "z": 1280
  },
  {
    "timestamp": 221.7764444986979,
    "x": -15872,
    "y": -2816,
    "z": 1536
  },
  {
    "timestamp": 221.80977783203124,
    "x": -15872,
    "y": -2816,
    "z": 1536
  },
  {
    "timestamp": 221.84311116536458,
    "x": -15872,
    "y": -2560,
    "z": 1792
  },
  {
    "timestamp": 221.8764444986979,
    "x": -15872,
    "y": -2816,
    "z": 1536
  },
  {
    "timestamp": 221.90977783203124,
    "x": -15872,
    "y": -2816,
    "z": 1536
  },
  {
    "timestamp": 221.94311116536457,
    "x": -15616,
    "y": -2816,
    "z": 1024
  },
  {
    "timestamp": 221.97644449869793,
    "x": -15616,
    "y": -2816,
    "z": 1280
  },
  {
    "timestamp": 222.00977783203126,
    "x": -15872,
    "y": -2816,
    "z": 1280
  },
  {
    "timestamp": 222.0431111653646,
    "x": -15872,
    "y": -2816,
    "z": 1536
  },
  {
    "timestamp": 222.07644449869792,
    "x": -15872,
    "y": -2560,
    "z": 1536
  },
  {
    "timestamp": 222.10977783203126,
    "x": -15616,
    "y": -2816,
    "z": 1536
  },
  {
    "timestamp": 222.1431111653646,
    "x": -15872,
    "y": -2560,
    "z": 1536
  },
  {
    "timestamp": 222.17644449869792,
    "x": -15872,
    "y": -2816,
    "z": 1024
  },
  {
    "timestamp": 222.3983154296875,
    "x": -15616,
    "y": -2816,
    "z": 1536
  },
  {
    "timestamp": 222.43164876302083,
    "x": -15872,
    "y": -2816,
    "z": 1536
  },
  {
    "timestamp": 222.46498209635416,
    "x": -15872,
    "y": -2560,
    "z": 1536
  },
  {
    "timestamp": 222.4983154296875,
    "x": -16128,
    "y": -2560,
    "z": 1280
  },
  {
    "timestamp": 222.53164876302083,
    "x": -15616,
    "y": -2816,
    "z": 1792
  },
  {
    "timestamp": 222.56498209635416,
    "x": -15616,
    "y": -2304,
    "z": 1536
  },
  {
    "timestamp": 222.5983154296875,
    "x": -15872,
    "y": -2560,
    "z": 1536
  },
  {
    "timestamp": 222.63164876302082,
    "x": -15872,
    "y": -2816,
    "z": 1536
  },
  {
    "timestamp": 222.66498209635418,
    "x": -15616,
    "y": -2560,
    "z": 1024
  },
  {
    "timestamp": 222.6983154296875,
    "x": -16128,
    "y": -2560,
    "z": 1280
  },
  {
    "timestamp": 222.73164876302084,
    "x": -15616,
    "y": -2816,
    "z": 1536
  },
  {
    "timestamp": 222.76498209635417,
    "x": -15872,
    "y": -2560,
    "z": 1280
  },
  {
    "timestamp": 222.7983154296875,
    "x": -15872,
    "y": -2560,
    "z": 1280
  },
  {
    "timestamp": 222.83164876302084,
    "x": -15616,
    "y": -2560,
    "z": 1280
  },
  {
    "timestamp": 222.86498209635417,
    "x": -15872,
    "y": -2816,
    "z": 1280
  },
  {
    "timestamp": 222.8983154296875,
    "x": -15872,
    "y": -2816,
    "z": 1280
  },
  {
    "timestamp": 222.93164876302083,
    "x": -15616,
    "y": -2816,
    "z": 1536
  },
  {
    "timestamp": 222.96498209635416,
    "x": -15616,
    "y": -2816,
    "z": 1536
  },
  {
    "timestamp": 222.9983154296875,
    "x": -15872,
    "y": -2560,
    "z": 1280
  },
  {
    "timestamp": 223.03164876302083,
    "x": -15872,
    "y": -2560,
    "z": 1536
  },
  {
    "timestamp": 223.06498209635416,
    "x": -15872,
    "y": -2816,
    "z": 1280
  },
  {
    "timestamp": 223.0983154296875,
    "x": -15616,
    "y": -2816,
    "z": 1536
  },
  {
    "timestamp": 223.13164876302082,
    "x": -15872,
    "y": -2816,
    "z": 1792
  },
  {
    "timestamp": 223.16498209635418,
    "x": -15616,
    "y": -2560,
    "z": 1280
  },
  {
    "timestamp": 223.1983154296875,
    "x": -15616,
    "y": -2560,
    "z": 1024
  },
  {
    "timestamp": 223.23164876302084,
    "x": -15616,
    "y": -2816,
    "z": 1536
  },
  {
    "timestamp": 223.26498209635417,
    "x": -15872,
    "y": -2560,
    "z": 1280
  },
  {
    "timestamp": 223.2983154296875,
    "x": -15872,
    "y": -2816,
    "z": 1536
  },
  {
    "timestamp": 223.33164876302084,
    "x": -15616,
    "y": -2560,
    "z": 1280
  },
  {
    "timestamp": 223.36498209635417,
    "x": -15616,
    "y": -2560,
    "z": 1536
  },
  {
    "timestamp": 223.58673095703125,
    "x": -15872,
    "y": -2560,
    "z": 1536
  },
  {
    "timestamp": 223.62006429036458,
    "x": -15872,
    "y": -2816,
    "z": 1536
  },
  {
    "timestamp": 223.6533976236979,
    "x": -15616,
    "y": -2560,
    "z": 1024
  },
  {
    "timestamp": 223.68673095703124,
    "x": -15872,
    "y": -2560,
    "z": 1024
  },
  {
    "timestamp": 223.72006429036458,
    "x": -15872,
    "y": -2816,
    "z": 1536
  },
  {
    "timestamp": 223.7533976236979,
    "x": -15616,
    "y": -2560,
    "z": 1536
  },
  {
    "timestamp": 223.78673095703124,
    "x": -15616,
    "y": -2560,
    "z": 1536
  },
  {
    "timestamp": 223.82006429036457,
    "x": -15616,
    "y": -2816,
    "z": 1280
  },
  {
    "timestamp": 223.85339762369793,
    "x": -15616,
    "y": -2560,
    "z": 1280
  },
  {
    "timestamp": 223.88673095703126,
    "x": -15872,
    "y": -2560,
    "z": 1280
  },
  {
    "timestamp": 223.9200642903646,
    "x": -15872,
    "y": -2816,
    "z": 1280
  },
  {
    "timestamp": 223.95339762369792,
    "x": -15872,
    "y": -2560,
    "z": 1280
  },
  {
    "timestamp": 223.98673095703126,
    "x": -15872,
    "y": -2816,
    "z": 1536
  },
  {
    "timestamp": 224.0200642903646,
    "x": -15872,
    "y": -2560,
    "z": 1536
  },
  {
    "timestamp": 224.05339762369792,
    "x": -15872,
    "y": -2560,
    "z": 1280
  },
  {
    "timestamp": 224.08673095703125,
    "x": -15616,
    "y": -2816,
    "z": 1536
  },
  {
    "timestamp": 224.12006429036458,
    "x": -15872,
    "y": -2816,
    "z": 1024
  },
  {
    "timestamp": 224.1533976236979,
    "x": -15616,
    "y": -2816,
    "z": 1536
  },
  {
    "timestamp": 224.18673095703124,
    "x": -15872,
    "y": -2816,
    "z": 1280
  },
  {
    "timestamp": 224.22006429036458,
    "x": -15872,
    "y": -2560,
    "z": 1280
  },
  {
    "timestamp": 224.2533976236979,
    "x": -15872,
    "y": -2816,
    "z": 1536
  },
  {
    "timestamp": 224.28673095703124,
    "x": -15872,
    "y": -2816,
    "z": 1280
  },
  {
    "timestamp": 224.32006429036457,
    "x": -15616,
    "y": -2816,
    "z": 1280
  },
  {
    "timestamp": 224.35339762369793,
    "x": -15872,
    "y": -2560,
    "z": 1280
  },
  {
    "timestamp": 224.38673095703126,
    "x": -15872,
    "y": -2816,
    "z": 1536
  },
  {
    "timestamp": 224.4200642903646,
    "x": -15872,
    "y": -2816,
    "z": 1280
  },
  {
    "timestamp": 224.45339762369792,
    "x": -16128,
    "y": -2560,
    "z": 1280
  },
  {
    "timestamp": 224.48673095703126,
    "x": -15872,
    "y": -2560,
    "z": 1536
  },
  {
    "timestamp": 224.5200642903646,
    "x": -15872,
    "y": -2816,
    "z": 1280
  },
  {
    "timestamp": 224.55339762369792,
    "x": -15616,
    "y": -2304,
    "z": 1280
  },
  {
    "timestamp": 224.7752685546875,
    "x": -15616,
    "y": -2816,
    "z": 1280
  },
  {
    "timestamp": 224.80860188802083,
    "x": -15616,
    "y": -2816,
    "z": 1280
  },
  {
    "timestamp": 224.84193522135416,
    "x": -15872,
    "y": -2816,
    "z": 1536
  },
  {
    "timestamp": 224.8752685546875,
    "x": -15872,
    "y": -2816,
    "z": 1536
  },
  {
    "timestamp": 224.90860188802083,
    "x": -15872,
    "y": -2816,
    "z": 1536
  },
  {
    "timestamp": 224.94193522135416,
    "x": -15616,
    "y": -2816,
    "z": 1280
  },
  {
    "timestamp": 224.9752685546875,
    "x": -15872,
    "y": -2304,
    "z": 1280
  },
  {
    "timestamp": 225.00860188802082,
    "x": -15872,
    "y": -2560,
    "z": 1536
  },
  {
    "timestamp": 225.04193522135418,
    "x": -15872,
    "y": -2560,
    "z": 1280
  },
  {
    "timestamp": 225.0752685546875,
    "x": -15616,
    "y": -2816,
    "z": 1280
  },
  {
    "timestamp": 225.10860188802084,
    "x": -15616,
    "y": -2816,
    "z": 1536
  },
  {
    "timestamp": 225.14193522135417,
    "x": -15872,
    "y": -2560,
    "z": 1536
  },
  {
    "timestamp": 225.1752685546875,
    "x": -15872,
    "y": -2816,
    "z": 1280
  },
  {
    "timestamp": 225.20860188802084,
    "x": -15616,
    "y": -2560,
    "z": 1280
  },
  {
    "timestamp": 225.24193522135417,
    "x": -15872,
    "y": -2816,
    "z": 1536
  },
  {
    "timestamp": 225.2752685546875,
    "x": -15616,
    "y": -2816,
    "z": 1280
  },
  {
    "timestamp": 225.30860188802083,
    "x": -15872,
    "y": -2560,
    "z": 1536
  },
  {
    "timestamp": 225.34193522135416,
    "x": -15872,
    "y": -2816,
    "z": 1280
  },
  {
    "timestamp": 225.3752685546875,
    "x": -15872,
    "y": -2560,
    "z": 1024
  },
  {
    "timestamp": 225.40860188802083,
    "x": -15872,
    "y": -2560,
    "z": 1536
  },
  {
    "timestamp": 225.44193522135416,
    "x": -15872,
    "y": -2816,
    "z": 1280
  },
  {
    "timestamp": 225.4752685546875,
    "x": -15616,
    "y": -2560,
    "z": 1536
  },
  {
    "timestamp": 225.50860188802082,
    "x": -15872,
    "y": -2816,
    "z": 1024
  },
  {
    "timestamp": 225.54193522135418,
    "x": -15616,
    "y": -2816,
    "z": 1280
  },
  {
    "timestamp": 225.5752685546875,
    "x": -15616,
    "y": -2560,
    "z": 1280
  },
  {
    "timestamp": 225.60860188802084,
    "x": -15872,
    "y": -2560,
    "z": 1280
  },
  {
    "timestamp": 225.64193522135417,
    "x": -15872,
    "y": -2560,
    "z": 1536
  },
  {
    "timestamp": 225.6752685546875,
    "x": -15616,
    "y": -2560,
    "z": 1280
  },
  {
    "timestamp": 225.70860188802084,
    "x": -15872,
    "y": -2560,
    "z": 1280
  },
  {
    "timestamp": 225.74193522135417,
    "x": -15872,
    "y": -2560,
    "z": 1536
  },
  {
    "timestamp": 225.96435546875,
    "x": -15616,
    "y": -2816,
    "z": 1280
  },
  {
    "timestamp": 225.99768880208333,
    "x": -15872,
    "y": -2560,
    "z": 1536
  },
  {
    "timestamp": 226.03102213541666,
    "x": -15872,
    "y": -2816,
    "z": 1536
  },
  {
    "timestamp": 226.06435546875,
    "x": -15616,
    "y": -2560,
    "z": 1536
  },
  {
    "timestamp": 226.09768880208333,
    "x": -15872,
    "y": -2816,
    "z": 1536
  },
  {
    "timestamp": 226.13102213541666,
    "x": -15872,
    "y": -2560,
    "z": 1280
  },
  {
    "timestamp": 226.16435546875,
    "x": -15872,
    "y": -2560,
    "z": 1792
  },
  {
    "timestamp": 226.19768880208332,
    "x": -15872,
    "y": -2560,
    "z": 1280
  },
  {
    "timestamp": 226.23102213541668,
    "x": -15872,
    "y": -2816,
    "z": 1280
  },
  {
    "timestamp": 226.26435546875,
    "x": -15616,
    "y": -2816,
    "z": 1280
  },
  {
    "timestamp": 226.29768880208334,
    "x": -15616,
    "y": -2560,
    "z": 1536
  },
  {
    "timestamp": 226.33102213541667,
    "x": -15872,
    "y": -2816,
    "z": 1280
  },
  {
    "timestamp": 226.36435546875,
    "x": -15872,
    "y": -2560,
    "z": 1792
  },
  {
    "timestamp": 226.39768880208334,
    "x": -15616,
    "y": -2560,
    "z": 1280
  },
  {
    "timestamp": 226.43102213541667,
    "x": -15872,
    "y": -2816,
    "z": 1280
  },
  {
    "timestamp": 226.46435546875,
    "x": -15616,
    "y": -2560,
    "z": 1280
  },
  {
    "timestamp": 226.49768880208333,
    "x": -15616,
    "y": -2816,
    "z": 1536
  },
  {
    "timestamp": 226.53102213541666,
    "x": -15616,
    "y": -2560,
    "z": 1280
  },
  {
    "timestamp": 226.56435546875,
    "x": -15872,
    "y": -2560,
    "z": 1536
  },
  {
    "timestamp": 226.59768880208333,
    "x": -15872,
    "y": -2304,
    "z": 1536
  },
  {
    "timestamp": 226.63102213541666,
    "x": -15616,
    "y": -2560,
    "z": 1536
  },
  {
    "timestamp": 226.66435546875,
    "x": -15872,
    "y": -2816,
    "z": 1792
  },
  {
    "timestamp": 226.69768880208332,
    "x": -15616,
    "y": -2816,
    "z": 1536
  },
  {
    "timestamp": 226.73102213541668,
    "x": -15872,
    "y": -2560,
    "z": 1536
  },
  {
    "timestamp": 226.76435546875,
    "x": -15872,
    "y": -2816,
    "z": 1280
  },
  {
    "timestamp": 226.79768880208334,
    "x": -15616,
    "y": -2560,
    "z": 1536
  },
  {
    "timestamp": 226.83102213541667,
    "x": -15872,
    "y": -2816,
    "z": 1536
  },
  {
    "timestamp": 226.86435546875,
    "x": -15616,
    "y": -2816,
    "z": 1536
  },
  {
    "timestamp": 226.89768880208334,
    "x": -15872,
    "y": -2816,
    "z": 1280
  },
  {
    "timestamp": 226.93102213541667,
    "x": -15872,
    "y": -2816,
    "z": 1280
  },
  {
    "timestamp": 227.1524658203125,
    "x": -15872,
    "y": -2560,
    "z": 1280
  },
  {
    "timestamp": 227.18579915364583,
    "x": -15872,
    "y": -2560,
    "z": 1536
  },
  {
    "timestamp": 227.21913248697916,
    "x": -15616,
    "y": -2560,
    "z": 1280
  },
  {
    "timestamp": 227.2524658203125,
    "x": -15872,
    "y": -2816,
    "z": 1280
  },
  {
    "timestamp": 227.28579915364583,
    "x": -15872,
    "y": -2816,
    "z": 1280
  },
  {
    "timestamp": 227.31913248697916,
    "x": -15616,
    "y": -2816,
    "z": 1536
  },
  {
    "timestamp": 227.3524658203125,
    "x": -15616,
    "y": -2560,
    "z": 1280
  },
  {
    "timestamp": 227.38579915364582,
    "x": -15872,
    "y": -2816,
    "z": 1536
  },
  {
    "timestamp": 227.41913248697918,
    "x": -15616,
    "y": -2560,
    "z": 1536
  },
  {
    "timestamp": 227.4524658203125,
    "x": -15872,
    "y": -2560,
    "z": 1280
  },
  {
    "timestamp": 227.48579915364584,
    "x": -15872,
    "y": -2560,
    "z": 1792
  },
  {
    "timestamp": 227.51913248697917,
    "x": -15616,
    "y": -2816,
    "z": 1536
  },
  {
    "timestamp": 227.5524658203125,
    "x": -15616,
    "y": -2560,
    "z": 1536
  },
  {
    "timestamp": 227.58579915364584,
    "x": -15872,
    "y": -2560,
    "z": 1280
  },
  {
    "timestamp": 227.61913248697917,
    "x": -15872,
    "y": -2816,
    "z": 1280
  },
  {
    "timestamp": 227.6524658203125,
    "x": -15872,
    "y": -2560,
    "z": 1536
  },
  {
    "timestamp": 227.68579915364583,
    "x": -15872,
    "y": -2816,
    "z": 1280
  },
  {
    "timestamp": 227.71913248697916,
    "x": -15872,
    "y": -2304,
    "z": 1792
  },
  {
    "timestamp": 227.7524658203125,
    "x": -15872,
    "y": -2560,
    "z": 1280
  },
  {
    "timestamp": 227.78579915364583,
    "x": -15872,
    "y": -2560,
    "z": 1280
  },
  {
    "timestamp": 227.81913248697916,
    "x": -15872,
    "y": -2560,
    "z": 1536
  },
  {
    "timestamp": 227.8524658203125,
    "x": -15872,
    "y": -2816,
    "z": 1280
  },
  {
    "timestamp": 227.88579915364582,
    "x": -15872,
    "y": -2560,
    "z": 1280
  },
  {
    "timestamp": 227.91913248697918,
    "x": -15872,
    "y": -2816,
    "z": 1536
  },
  {
    "timestamp": 227.9524658203125,
    "x": -15616,
    "y": -2816,
    "z": 1792
  },
  {
    "timestamp": 227.98579915364584,
    "x": -15616,
    "y": -2304,
    "z": 1280
  },
  {
    "timestamp": 228.01913248697917,
    "x": -15616,
    "y": -2816,
    "z": 1280
  },
  {
    "timestamp": 228.0524658203125,
    "x": -15872,
    "y": -2560,
    "z": 1536
  },
  {
    "timestamp": 228.08579915364584,
    "x": -15616,
    "y": -2560,
    "z": 1536
  },
  {
    "timestamp": 228.11913248697917,
    "x": -15616,
    "y": -2816,
    "z": 1536
  },
  {
    "timestamp": 228.34097290039062,
    "x": -15872,
    "y": -2560,
    "z": 1536
  },
  {
    "timestamp": 228.37430623372396,
    "x": -15872,
    "y": -2560,
    "z": 1536
  },
  {
    "timestamp": 228.4076395670573,
    "x": -15872,
    "y": -2560,
    "z": 1536
  },
  {
    "timestamp": 228.44097290039062,
    "x": -15872,
    "y": -2560,
    "z": 1536
  },
  {
    "timestamp": 228.47430623372395,
    "x": -15616,
    "y": -2560,
    "z": 1536
  },
  {
    "timestamp": 228.50763956705728,
    "x": -15872,
    "y": -2816,
    "z": 1536
  },
  {
    "timestamp": 228.5409729003906,
    "x": -15616,
    "y": -2816,
    "z": 1280
  },
  {
    "timestamp": 228.57430623372395,
    "x": -15872,
    "y": -2560,
    "z": 1536
  },
  {
    "timestamp": 228.6076395670573,
    "x": -15616,
    "y": -2816,
    "z": 1536
  },
  {
    "timestamp": 228.64097290039064,
    "x": -15872,
    "y": -2560,
    "z": 1536
  },
  {
    "timestamp": 228.67430623372397,
    "x": -15616,
    "y": -2560,
    "z": 1536
  },
  {
    "timestamp": 228.7076395670573,
    "x": -15872,
    "y": -2560,
    "z": 1280
  },
  {
    "timestamp": 228.74097290039063,
    "x": -15872,
    "y": -2816,
    "z": 1536
  },
  {
    "timestamp": 228.77430623372396,
    "x": -15872,
    "y": -2816,
    "z": 1536
  },
  {
    "timestamp": 228.8076395670573,
    "x": -15616,
    "y": -2560,
    "z": 1536
  },
  {
    "timestamp": 228.84097290039062,
    "x": -15616,
    "y": -2816,
    "z": 1536
  },
  {
    "timestamp": 228.87430623372396,
    "x": -15872,
    "y": -2816,
    "z": 1280
  },
  {
    "timestamp": 228.9076395670573,
    "x": -15616,
    "y": -2560,
    "z": 1536
  },
  {
    "timestamp": 228.94097290039062,
    "x": -15872,
    "y": -2304,
    "z": 1536
  },
  {
    "timestamp": 228.97430623372395,
    "x": -15616,
    "y": -2816,
    "z": 1280
  },
  {
    "timestamp": 229.00763956705728,
    "x": -15872,
    "y": -2816,
    "z": 1280
  },
  {
    "timestamp": 229.0409729003906,
    "x": -15872,
    "y": -2816,
    "z": 1280
  },
  {
    "timestamp": 229.07430623372395,
    "x": -15872,
    "y": -2560,
    "z": 1280
  },
  {
    "timestamp": 229.1076395670573,
    "x": -15872,
    "y": -2816,
    "z": 1536
  },
  {
    "timestamp": 229.14097290039064,
    "x": -15872,
    "y": -2816,
    "z": 1280
  },
  {
    "timestamp": 229.17430623372397,
    "x": -15872,
    "y": -2816,
    "z": 1536
  },
  {
    "timestamp": 229.2076395670573,
    "x": -15872,
    "y": -2560,
    "z": 1536
  },
  {
    "timestamp": 229.24097290039063,
    "x": -15616,
    "y": -2816,
    "z": 1536
  },
  {
    "timestamp": 229.27430623372396,
    "x": -15872,
    "y": -2560,
    "z": 1280
  },
  {
    "timestamp": 229.3076395670573,
    "x": -15872,
    "y": -2816,
    "z": 1536
  },
  {
    "timestamp": 229.52960205078125,
    "x": -15616,
    "y": -2560,
    "z": 1280
  },
  {
    "timestamp": 229.56293538411458,
    "x": -15872,
    "y": -2560,
    "z": 1536
  },
  {
    "timestamp": 229.5962687174479,
    "x": -15872,
    "y": -3072,
    "z": 1280
  },
  {
    "timestamp": 229.62960205078124,
    "x": -15616,
    "y": -2816,
    "z": 1536
  },
  {
    "timestamp": 229.66293538411458,
    "x": -15872,
    "y": -2816,
    "z": 1280
  },
  {
    "timestamp": 229.6962687174479,
    "x": -15616,
    "y": -2560,
    "z": 1536
  },
  {
    "timestamp": 229.72960205078124,
    "x": -15872,
    "y": -2816,
    "z": 1536
  },
  {
    "timestamp": 229.76293538411457,
    "x": -15872,
    "y": -2560,
    "z": 1536
  },
  {
    "timestamp": 229.79626871744793,
    "x": -15616,
    "y": -2560,
    "z": 1280
  },
  {
    "timestamp": 229.82960205078126,
    "x": -15872,
    "y": -2816,
    "z": 1536
  },
  {
    "timestamp": 229.8629353841146,
    "x": -15616,
    "y": -2816,
    "z": 1280
  },
  {
    "timestamp": 229.89626871744792,
    "x": -15872,
    "y": -2816,
    "z": 1536
  },
  {
    "timestamp": 229.92960205078126,
    "x": -15872,
    "y": -2816,
    "z": 1536
  },
  {
    "timestamp": 229.9629353841146,
    "x": -15616,
    "y": -2816,
    "z": 1536
  },
  {
    "timestamp": 229.99626871744792,
    "x": -15616,
    "y": -2816,
    "z": 1280
  },
  {
    "timestamp": 230.02960205078125,
    "x": -15872,
    "y": -2816,
    "z": 1536
  },
  {
    "timestamp": 230.06293538411458,
    "x": -15616,
    "y": -2560,
    "z": 1280
  },
  {
    "timestamp": 230.0962687174479,
    "x": -15616,
    "y": -2560,
    "z": 1280
  },
  {
    "timestamp": 230.12960205078124,
    "x": -15616,
    "y": -2560,
    "z": 1536
  },
  {
    "timestamp": 230.16293538411458,
    "x": -15872,
    "y": -2560,
    "z": 1536
  },
  {
    "timestamp": 230.1962687174479,
    "x": -15872,
    "y": -2560,
    "z": 1280
  },
  {
    "timestamp": 230.22960205078124,
    "x": -15872,
    "y": -2816,
    "z": 1536
  },
  {
    "timestamp": 230.26293538411457,
    "x": -15616,
    "y": -2560,
    "z": 1536
  },
  {
    "timestamp": 230.29626871744793,
    "x": -15872,
    "y": -2560,
    "z": 1280
  },
  {
    "timestamp": 230.32960205078126,
    "x": -15872,
    "y": -2816,
    "z": 1280
  },
  {
    "timestamp": 230.3629353841146,
    "x": -15872,
    "y": -2816,
    "z": 1536
  },
  {
    "timestamp": 230.39626871744792,
    "x": -15616,
    "y": -2816,
    "z": 1536
  },
  {
    "timestamp": 230.42960205078126,
    "x": -15872,
    "y": -2560,
    "z": 1536
  },
  {
    "timestamp": 230.4629353841146,
    "x": -16128,
    "y": -2560,
    "z": 1280
  },
  {
    "timestamp": 230.49626871744792,
    "x": -15616,
    "y": -2560,
    "z": 1536
  },
  {
    "timestamp": 230.71810913085938,
    "x": -15616,
    "y": -2816,
    "z": 1280
  },
  {
    "timestamp": 230.7514424641927,
    "x": -15360,
    "y": -2816,
    "z": 1536
  },
  {
    "timestamp": 230.78477579752604,
    "x": -15872,
    "y": -2816,
    "z": 1536
  },
  {
    "timestamp": 230.81810913085937,
    "x": -15616,
    "y": -2816,
    "z": 1280
  },
  {
    "timestamp": 230.8514424641927,
    "x": -16128,
    "y": -2816,
    "z": 1536
  },
  {
    "timestamp": 230.88477579752603,
    "x": -15616,
    "y": -2816,
    "z": 1536
  },
  {
    "timestamp": 230.91810913085936,
    "x": -15872,
    "y": -2816,
    "z": 1536
  },
  {
    "timestamp": 230.9514424641927,
    "x": -15872,
    "y": -2816,
    "z": 1536
  },
  {
    "timestamp": 230.98477579752605,
    "x": -15872,
    "y": -2816,
    "z": 1280
  },
  {
    "timestamp": 231.0181091308594,
    "x": -15616,
    "y": -2560,
    "z": 1280
  },
  {
    "timestamp": 231.05144246419272,
    "x": -15616,
    "y": -2816,
    "z": 1536
  },
  {
    "timestamp": 231.08477579752605,
    "x": -15872,
    "y": -2816,
    "z": 1280
  },
  {
    "timestamp": 231.11810913085938,
    "x": -16128,
    "y": -2816,
    "z": 1280
  },
  {
    "timestamp": 231.1514424641927,
    "x": -15616,
    "y": -2816,
    "z": 1536
  },
  {
    "timestamp": 231.18477579752604,
    "x": -15872,
    "y": -2816,
    "z": 1536
  },
  {
    "timestamp": 231.21810913085938,
    "x": -15616,
    "y": -2560,
    "z": 1024
  },
  {
    "timestamp": 231.2514424641927,
    "x": -15872,
    "y": -2560,
    "z": 1280
  },
  {
    "timestamp": 231.28477579752604,
    "x": -15872,
    "y": -2560,
    "z": 1536
  },
  {
    "timestamp": 231.31810913085937,
    "x": -15616,
    "y": -2560,
    "z": 1536
  },
  {
    "timestamp": 231.3514424641927,
    "x": -15872,
    "y": -3072,
    "z": 1536
  },
  {
    "timestamp": 231.38477579752603,
    "x": -15872,
    "y": -2816,
    "z": 1536
  },
  {
    "timestamp": 231.41810913085936,
    "x": -15616,
    "y": -2560,
    "z": 1024
  },
  {
    "timestamp": 231.4514424641927,
    "x": -15872,
    "y": -2560,
    "z": 1280
  },
  {
    "timestamp": 231.48477579752605,
    "x": -15872,
    "y": -2560,
    "z": 1536
  },
  {
    "timestamp": 231.5181091308594,
    "x": -15872,
    "y": -2560,
    "z": 1280
  },
  {
    "timestamp": 231.55144246419272,
    "x": -15872,
    "y": -2560,
    "z": 1280
  },
  {
    "timestamp": 231.58477579752605,
    "x": -15872,
    "y": -2816,
    "z": 1280
  },
  {
    "timestamp": 231.61810913085938,
    "x": -16128,
    "y": -2560,
    "z": 1280
  },
  {
    "timestamp": 231.6514424641927,
    "x": -15616,
    "y": -2560,
    "z": 1280
  },
  {
    "timestamp": 231.68477579752604,
    "x": -15616,
    "y": -2816,
    "z": 1280
  }
]