{
  "session_name": "session_20250525_225223",
  "start_time": "2025-05-25T22:52:23.144441",
  "files": [
    {
      "type": "015F2A8E-3772-FB6D-2197-548F305983B0_eeg_processed",
      "filename": "015F2A8E-3772-FB6D-2197-548F305983B0_eeg_processed.json",
      "path": "data/session_20250525_225223/015F2A8E-3772-FB6D-2197-548F305983B0_eeg_processed.json",
      "size": 726161,
      "record_count": 30,
      "created_at": "2025-05-25T22:52:39.712482"
    },
    {
      "type": "015F2A8E-3772-FB6D-2197-548F305983B0_eeg_raw",
      "filename": "015F2A8E-3772-FB6D-2197-548F305983B0_eeg_raw.json",
      "path": "data/session_20250525_225223/015F2A8E-3772-FB6D-2197-548F305983B0_eeg_raw.json",
      "size": 629247,
      "record_count": 4075,
      "created_at": "2025-05-25T22:52:39.727918"
    },
    {
      "type": "015F2A8E-3772-FB6D-2197-548F305983B0_ppg_raw",
      "filename": "015F2A8E-3772-FB6D-2197-548F305983B0_ppg_raw.json",
      "path": "data/session_20250525_225223/015F2A8E-3772-FB6D-2197-548F305983B0_ppg_raw.json",
      "size": 64942,
      "record_count": 840,
      "created_at": "2025-05-25T22:52:39.730115"
    },
    {
      "type": "015F2A8E-3772-FB6D-2197-548F305983B0_acc_raw",
      "filename": "015F2A8E-3772-FB6D-2197-548F305983B0_acc_raw.json",
      "path": "data/session_20250525_225223/015F2A8E-3772-FB6D-2197-548F305983B0_acc_raw.json",
      "size": 38912,
      "record_count": 420,
      "created_at": "2025-05-25T22:52:39.731442"
    },
    {
      "type": "015F2A8E-3772-FB6D-2197-548F305983B0_acc_processed",
      "filename": "015F2A8E-3772-FB6D-2197-548F305983B0_acc_processed.json",
      "path": "data/session_20250525_225223/015F2A8E-3772-FB6D-2197-548F305983B0_acc_processed.json",
      "size": 82957,
      "record_count": 14,
      "created_at": "2025-05-25T22:52:39.733464"
    }
  ],
  "status": "stopped",
  "end_time": "2025-05-25T22:52:39.695669",
  "stats": {
    "total_files": 5,
    "type_details": {
      "015F2A8E-3772-FB6D-2197-548F305983B0_eeg_processed": {
        "filename": "015F2A8E-3772-FB6D-2197-548F305983B0_eeg_processed.json",
        "record_count": 30,
        "size_bytes": 726161
      },
      "015F2A8E-3772-FB6D-2197-548F305983B0_eeg_raw": {
        "filename": "015F2A8E-3772-FB6D-2197-548F305983B0_eeg_raw.json",
        "record_count": 4075,
        "size_bytes": 629247
      },
      "015F2A8E-3772-FB6D-2197-548F305983B0_ppg_raw": {
        "filename": "015F2A8E-3772-FB6D-2197-548F305983B0_ppg_raw.json",
        "record_count": 840,
        "size_bytes": 64942
      },
      "015F2A8E-3772-FB6D-2197-548F305983B0_acc_raw": {
        "filename": "015F2A8E-3772-FB6D-2197-548F305983B0_acc_raw.json",
        "record_count": 420,
        "size_bytes": 38912
      },
      "015F2A8E-3772-FB6D-2197-548F305983B0_acc_processed": {
        "filename": "015F2A8E-3772-FB6D-2197-548F305983B0_acc_processed.json",
        "record_count": 14,
        "size_bytes": 82957
      }
    },
    "total_records": 5379
  }
}