[
  {
    "timestamp": 432.7091064453125,
    "x": 16640,
    "y": 1536,
    "z": -1792
  },
  {
    "timestamp": 432.74243977864586,
    "x": 16640,
    "y": 1536,
    "z": -1536
  },
  {
    "timestamp": 432.77577311197916,
    "x": 16640,
    "y": 1536,
    "z": -1536
  },
  {
    "timestamp": 432.8091064453125,
    "x": 16896,
    "y": 1536,
    "z": -1536
  },
  {
    "timestamp": 432.8424397786458,
    "x": 16640,
    "y": 1536,
    "z": -1792
  },
  {
    "timestamp": 432.8757731119792,
    "x": 16640,
    "y": 1792,
    "z": -1536
  },
  {
    "timestamp": 432.9091064453125,
    "x": 16640,
    "y": 2048,
    "z": -1792
  },
  {
    "timestamp": 432.94243977864585,
    "x": 16640,
    "y": 1792,
    "z": -1792
  },
  {
    "timestamp": 432.97577311197915,
    "x": 16640,
    "y": 1536,
    "z": -1792
  },
  {
    "timestamp": 433.0091064453125,
    "x": 16896,
    "y": 1536,
    "z": -1536
  },
  {
    "timestamp": 433.0424397786458,
    "x": 16640,
    "y": 1280,
    "z": -1792
  },
  {
    "timestamp": 433.0757731119792,
    "x": 16640,
    "y": 1280,
    "z": -1536
  },
  {
    "timestamp": 433.1091064453125,
    "x": 16640,
    "y": 1280,
    "z": -1792
  },
  {
    "timestamp": 433.14243977864584,
    "x": 16896,
    "y": 1280,
    "z": -1792
  },
  {
    "timestamp": 433.17577311197914,
    "x": 16640,
    "y": 1536,
    "z": -2048
  },
  {
    "timestamp": 433.2091064453125,
    "x": 16640,
    "y": 1792,
    "z": -1792
  },
  {
    "timestamp": 433.24243977864586,
    "x": 16640,
    "y": 1536,
    "z": -2048
  },
  {
    "timestamp": 433.27577311197916,
    "x": 16640,
    "y": 1792,
    "z": -1792
  },
  {
    "timestamp": 433.3091064453125,
    "x": 16640,
    "y": 1536,
    "z": -1792
  },
  {
    "timestamp": 433.3424397786458,
    "x": 16384,
    "y": 1792,
    "z": -1792
  },
  {
    "timestamp": 433.3757731119792,
    "x": 16640,
    "y": 1536,
    "z": -1792
  },
  {
    "timestamp": 433.4091064453125,
    "x": 16640,
    "y": 1280,
    "z": -1792
  },
  {
    "timestamp": 433.44243977864585,
    "x": 16896,
    "y": 1792,
    "z": -1792
  },
  {
    "timestamp": 433.47577311197915,
    "x": 16896,
    "y": 1792,
    "z": -1792
  },
  {
    "timestamp": 433.5091064453125,
    "x": 16640,
    "y": 1536,
    "z": -1536
  },
  {
    "timestamp": 433.5424397786458,
    "x": 16640,
    "y": 1792,
    "z": -1792
  },
  {
    "timestamp": 433.5757731119792,
    "x": 16640,
    "y": 1792,
    "z": -1792
  },
  {
    "timestamp": 433.6091064453125,
    "x": 16896,
    "y": 1792,
    "z": -1792
  },
  {
    "timestamp": 433.64243977864584,
    "x": 16384,
    "y": 1536,
    "z": -2048
  },
  {
    "timestamp": 433.67577311197914,
    "x": 16640,
    "y": 1536,
    "z": -1792
  },
  {
    "timestamp": 433.8980407714844,
    "x": 16640,
    "y": 1792,
    "z": -1536
  },
  {
    "timestamp": 433.93137410481773,
    "x": 16640,
    "y": 1536,
    "z": -1792
  },
  {
    "timestamp": 433.96470743815104,
    "x": 16640,
    "y": 1536,
    "z": -2048
  },
  {
    "timestamp": 433.9980407714844,
    "x": 16640,
    "y": 1280,
    "z": -1792
  },
  {
    "timestamp": 434.0313741048177,
    "x": 16640,
    "y": 1536,
    "z": -2048
  },
  {
    "timestamp": 434.06470743815106,
    "x": 16640,
    "y": 1536,
    "z": -2048
  },
  {
    "timestamp": 434.09804077148436,
    "x": 16896,
    "y": 1792,
    "z": -1792
  },
  {
    "timestamp": 434.1313741048177,
    "x": 16640,
    "y": 1536,
    "z": -1792
  },
  {
    "timestamp": 434.164707438151,
    "x": 16640,
    "y": 1792,
    "z": -1792
  },
  {
    "timestamp": 434.1980407714844,
    "x": 16640,
    "y": 1792,
    "z": -1792
  },
  {
    "timestamp": 434.2313741048177,
    "x": 16640,
    "y": 1792,
    "z": -1792
  },
  {
    "timestamp": 434.26470743815105,
    "x": 16640,
    "y": 1536,
    "z": -1536
  },
  {
    "timestamp": 434.29804077148435,
    "x": 16640,
    "y": 1536,
    "z": -1536
  },
  {
    "timestamp": 434.3313741048177,
    "x": 16640,
    "y": 1536,
    "z": -1792
  },
  {
    "timestamp": 434.364707438151,
    "x": 16640,
    "y": 1536,
    "z": -1536
  },
  {
    "timestamp": 434.3980407714844,
    "x": 16640,
    "y": 1792,
    "z": -1280
  },
  {
    "timestamp": 434.43137410481773,
    "x": 16640,
    "y": 1792,
    "z": -1792
  },
  {
    "timestamp": 434.46470743815104,
    "x": 16640,
    "y": 1536,
    "z": -1792
  },
  {
    "timestamp": 434.4980407714844,
    "x": 16640,
    "y": 1536,
    "z": -2048
  },
  {
    "timestamp": 434.5313741048177,
    "x": 16640,
    "y": 1536,
    "z": -2048
  },
  {
    "timestamp": 434.56470743815106,
    "x": 16640,
    "y": 2048,
    "z": -1792
  },
  {
    "timestamp": 434.59804077148436,
    "x": 16384,
    "y": 1536,
    "z": -1792
  },
  {
    "timestamp": 434.6313741048177,
    "x": 16640,
    "y": 1280,
    "z": -2048
  },
  {
    "timestamp": 434.664707438151,
    "x": 16640,
    "y": 1280,
    "z": -2048
  },
  {
    "timestamp": 434.6980407714844,
    "x": 16640,
    "y": 1280,
    "z": -1792
  },
  {
    "timestamp": 434.7313741048177,
    "x": 16384,
    "y": 1792,
    "z": -2048
  },
  {
    "timestamp": 434.76470743815105,
    "x": 16640,
    "y": 1792,
    "z": -1792
  },
  {
    "timestamp": 434.79804077148435,
    "x": 16640,
    "y": 1280,
    "z": -1792
  },
  {
    "timestamp": 434.8313741048177,
    "x": 16640,
    "y": 1280,
    "z": -1792
  },
  {
    "timestamp": 434.864707438151,
    "x": 16640,
    "y": 1024,
    "z": -2048
  },
  {
    "timestamp": 435.0876159667969,
    "x": 16640,
    "y": 1280,
    "z": -2304
  },
  {
    "timestamp": 435.12094930013023,
    "x": 16896,
    "y": 1280,
    "z": -2560
  },
  {
    "timestamp": 435.15428263346354,
    "x": 16640,
    "y": 1536,
    "z": -2304
  },
  {
    "timestamp": 435.1876159667969,
    "x": 16640,
    "y": 1792,
    "z": -2048
  },
  {
    "timestamp": 435.2209493001302,
    "x": 16640,
    "y": 1024,
    "z": -2048
  },
  {
    "timestamp": 435.25428263346356,
    "x": 16640,
    "y": 1536,
    "z": -2048
  },
  {
    "timestamp": 435.28761596679686,
    "x": 16384,
    "y": 1280,
    "z": -1792
  },
  {
    "timestamp": 435.3209493001302,
    "x": 16896,
    "y": 1280,
    "z": -2048
  },
  {
    "timestamp": 435.3542826334635,
    "x": 16640,
    "y": 1280,
    "z": -2304
  },
  {
    "timestamp": 435.3876159667969,
    "x": 16640,
    "y": 1280,
    "z": -2304
  },
  {
    "timestamp": 435.4209493001302,
    "x": 16640,
    "y": 1280,
    "z": -2048
  },
  {
    "timestamp": 435.45428263346355,
    "x": 16640,
    "y": 1280,
    "z": -2048
  },
  {
    "timestamp": 435.48761596679685,
    "x": 16896,
    "y": 1024,
    "z": -2048
  },
  {
    "timestamp": 435.5209493001302,
    "x": 16384,
    "y": 1280,
    "z": -2304
  },
  {
    "timestamp": 435.5542826334635,
    "x": 16896,
    "y": 768,
    "z": -2048
  },
  {
    "timestamp": 435.5876159667969,
    "x": 16640,
    "y": 1024,
    "z": -2048
  },
  {
    "timestamp": 435.62094930013023,
    "x": 16640,
    "y": 768,
    "z": -2048
  },
  {
    "timestamp": 435.65428263346354,
    "x": 16640,
    "y": 1280,
    "z": -2048
  },
  {
    "timestamp": 435.6876159667969,
    "x": 16640,
    "y": 1024,
    "z": -2048
  },
  {
    "timestamp": 435.7209493001302,
    "x": 16896,
    "y": 1280,
    "z": -1792
  },
  {
    "timestamp": 435.75428263346356,
    "x": 16640,
    "y": 1280,
    "z": -1792
  },
  {
    "timestamp": 435.78761596679686,
    "x": 16384,
    "y": 1536,
    "z": -1792
  },
  {
    "timestamp": 435.8209493001302,
    "x": 16640,
    "y": 1536,
    "z": -1536
  },
  {
    "timestamp": 435.8542826334635,
    "x": 16896,
    "y": 1280,
    "z": -1536
  },
  {
    "timestamp": 435.8876159667969,
    "x": 16640,
    "y": 1536,
    "z": -1536
  },
  {
    "timestamp": 435.9209493001302,
    "x": 16640,
    "y": 1536,
    "z": -1792
  },
  {
    "timestamp": 435.95428263346355,
    "x": 16640,
    "y": 2048,
    "z": -1536
  },
  {
    "timestamp": 435.98761596679685,
    "x": 16896,
    "y": 1792,
    "z": -1536
  },
  {
    "timestamp": 436.0209493001302,
    "x": 16640,
    "y": 1792,
    "z": -1280
  },
  {
    "timestamp": 436.0542826334635,
    "x": 16384,
    "y": 2048,
    "z": -1280
  },
  {
    "timestamp": 436.27734375,
    "x": 16640,
    "y": 1792,
    "z": -1024
  },
  {
    "timestamp": 436.31067708333336,
    "x": 16640,
    "y": 1536,
    "z": -1280
  },
  {
    "timestamp": 436.34401041666666,
    "x": 16896,
    "y": 1792,
    "z": -1280
  },
  {
    "timestamp": 436.37734375,
    "x": 16640,
    "y": 2048,
    "z": -1280
  },
  {
    "timestamp": 436.4106770833333,
    "x": 16640,
    "y": 2048,
    "z": -1024
  },
  {
    "timestamp": 436.4440104166667,
    "x": 16640,
    "y": 2048,
    "z": -1280
  },
  {
    "timestamp": 436.47734375,
    "x": 16384,
    "y": 2304,
    "z": -1280
  },
  {
    "timestamp": 436.51067708333335,
    "x": 16640,
    "y": 2304,
    "z": -1024
  },
  {
    "timestamp": 436.54401041666665,
    "x": 16640,
    "y": 1792,
    "z": -1024
  },
  {
    "timestamp": 436.57734375,
    "x": 16640,
    "y": 1792,
    "z": -1024
  },
  {
    "timestamp": 436.6106770833333,
    "x": 16640,
    "y": 1792,
    "z": -1024
  },
  {
    "timestamp": 436.6440104166667,
    "x": 16384,
    "y": 1792,
    "z": -1024
  },
  {
    "timestamp": 436.67734375,
    "x": 16640,
    "y": 1536,
    "z": -1024
  },
  {
    "timestamp": 436.71067708333334,
    "x": 16896,
    "y": 1792,
    "z": -1024
  },
  {
    "timestamp": 436.74401041666664,
    "x": 16640,
    "y": 1536,
    "z": -768
  },
  {
    "timestamp": 436.77734375,
    "x": 16640,
    "y": 1792,
    "z": -1024
  },
  {
    "timestamp": 436.81067708333336,
    "x": 16640,
    "y": 1792,
    "z": -1024
  },
  {
    "timestamp": 436.84401041666666,
    "x": 16640,
    "y": 1792,
    "z": -1280
  },
  {
    "timestamp": 436.87734375,
    "x": 16640,
    "y": 2048,
    "z": -1280
  },
  {
    "timestamp": 436.9106770833333,
    "x": 16640,
    "y": 2048,
    "z": -1024
  },
  {
    "timestamp": 436.9440104166667,
    "x": 16640,
    "y": 2048,
    "z": -1280
  },
  {
    "timestamp": 436.97734375,
    "x": 16640,
    "y": 1792,
    "z": -1024
  },
  {
    "timestamp": 437.01067708333335,
    "x": 16640,
    "y": 1536,
    "z": -1024
  },
  {
    "timestamp": 437.04401041666665,
    "x": 16640,
    "y": 1792,
    "z": -768
  },
  {
    "timestamp": 437.07734375,
    "x": 16640,
    "y": 1536,
    "z": -768
  },
  {
    "timestamp": 437.1106770833333,
    "x": 16640,
    "y": 2048,
    "z": -1024
  },
  {
    "timestamp": 437.1440104166667,
    "x": 16640,
    "y": 1792,
    "z": -768
  },
  {
    "timestamp": 437.17734375,
    "x": 16640,
    "y": 1792,
    "z": -512
  },
  {
    "timestamp": 437.21067708333334,
    "x": 16640,
    "y": 1792,
    "z": -768
  },
  {
    "timestamp": 437.24401041666664,
    "x": 16640,
    "y": 1536,
    "z": -768
  },
  {
    "timestamp": 437.4670715332031,
    "x": 16640,
    "y": 1536,
    "z": -768
  },
  {
    "timestamp": 437.5004048665365,
    "x": 16640,
    "y": 1536,
    "z": -768
  },
  {
    "timestamp": 437.5337381998698,
    "x": 16896,
    "y": 1280,
    "z": -1024
  },
  {
    "timestamp": 437.56707153320315,
    "x": 16640,
    "y": 1536,
    "z": -768
  },
  {
    "timestamp": 437.60040486653645,
    "x": 16640,
    "y": 1536,
    "z": -1024
  },
  {
    "timestamp": 437.6337381998698,
    "x": 17152,
    "y": 1792,
    "z": -1024
  },
  {
    "timestamp": 437.6670715332031,
    "x": 16896,
    "y": 1792,
    "z": -1024
  },
  {
    "timestamp": 437.7004048665365,
    "x": 16896,
    "y": 1536,
    "z": -1280
  },
  {
    "timestamp": 437.7337381998698,
    "x": 16384,
    "y": 1792,
    "z": -1280
  },
  {
    "timestamp": 437.76707153320314,
    "x": 16640,
    "y": 1792,
    "z": -768
  },
  {
    "timestamp": 437.80040486653644,
    "x": 16640,
    "y": 1536,
    "z": -1024
  },
  {
    "timestamp": 437.8337381998698,
    "x": 16640,
    "y": 1536,
    "z": -1536
  },
  {
    "timestamp": 437.8670715332031,
    "x": 16640,
    "y": 1792,
    "z": -1280
  },
  {
    "timestamp": 437.90040486653646,
    "x": 16640,
    "y": 1536,
    "z": -1280
  },
  {
    "timestamp": 437.93373819986977,
    "x": 16640,
    "y": 1536,
    "z": -1536
  },
  {
    "timestamp": 437.9670715332031,
    "x": 16640,
    "y": 1536,
    "z": -1280
  },
  {
    "timestamp": 438.0004048665365,
    "x": 16384,
    "y": 1792,
    "z": -1024
  },
  {
    "timestamp": 438.0337381998698,
    "x": 16384,
    "y": 1536,
    "z": -1280
  },
  {
    "timestamp": 438.06707153320315,
    "x": 16896,
    "y": 1536,
    "z": -1024
  },
  {
    "timestamp": 438.10040486653645,
    "x": 16640,
    "y": 1536,
    "z": -1280
  },
  {
    "timestamp": 438.1337381998698,
    "x": 16896,
    "y": 1792,
    "z": -1280
  },
  {
    "timestamp": 438.1670715332031,
    "x": 16384,
    "y": 1536,
    "z": -1280
  },
  {
    "timestamp": 438.2004048665365,
    "x": 16640,
    "y": 1280,
    "z": -1280
  },
  {
    "timestamp": 438.2337381998698,
    "x": 16384,
    "y": 2048,
    "z": -1280
  },
  {
    "timestamp": 438.26707153320314,
    "x": 16896,
    "y": 1536,
    "z": -1024
  },
  {
    "timestamp": 438.30040486653644,
    "x": 16640,
    "y": 1536,
    "z": -1280
  },
  {
    "timestamp": 438.3337381998698,
    "x": 16640,
    "y": 1792,
    "z": -1280
  },
  {
    "timestamp": 438.3670715332031,
    "x": 16640,
    "y": 1280,
    "z": -1280
  },
  {
    "timestamp": 438.40040486653646,
    "x": 16640,
    "y": 1024,
    "z": -1280
  },
  {
    "timestamp": 438.43373819986977,
    "x": 16640,
    "y": 1536,
    "z": -1280
  },
  {
    "timestamp": 438.6568298339844,
    "x": 16640,
    "y": 1536,
    "z": -1280
  },
  {
    "timestamp": 438.69016316731773,
    "x": 16896,
    "y": 1536,
    "z": -1280
  },
  {
    "timestamp": 438.72349650065104,
    "x": 16896,
    "y": 1536,
    "z": -1536
  },
  {
    "timestamp": 438.7568298339844,
    "x": 16640,
    "y": 1280,
    "z": -1280
  },
  {
    "timestamp": 438.7901631673177,
    "x": 16640,
    "y": 1536,
    "z": -1024
  },
  {
    "timestamp": 438.82349650065106,
    "x": 16640,
    "y": 1536,
    "z": -1280
  },
  {
    "timestamp": 438.85682983398436,
    "x": 16896,
    "y": 1536,
    "z": -1280
  },
  {
    "timestamp": 438.8901631673177,
    "x": 16640,
    "y": 1536,
    "z": -1536
  },
  {
    "timestamp": 438.923496500651,
    "x": 16896,
    "y": 1536,
    "z": -1536
  },
  {
    "timestamp": 438.9568298339844,
    "x": 16896,
    "y": 1792,
    "z": -1024
  },
  {
    "timestamp": 438.9901631673177,
    "x": 16640,
    "y": 2048,
    "z": -1024
  },
  {
    "timestamp": 439.02349650065105,
    "x": 16640,
    "y": 1792,
    "z": -1024
  },
  {
    "timestamp": 439.05682983398435,
    "x": 16640,
    "y": 1536,
    "z": -1280
  },
  {
    "timestamp": 439.0901631673177,
    "x": 16640,
    "y": 1536,
    "z": -1280
  },
  {
    "timestamp": 439.123496500651,
    "x": 16640,
    "y": 1536,
    "z": -1280
  },
  {
    "timestamp": 439.1568298339844,
    "x": 16640,
    "y": 1792,
    "z": -768
  },
  {
    "timestamp": 439.19016316731773,
    "x": 16640,
    "y": 1792,
    "z": -1280
  },
  {
    "timestamp": 439.22349650065104,
    "x": 16640,
    "y": 1792,
    "z": -1280
  },
  {
    "timestamp": 439.2568298339844,
    "x": 16384,
    "y": 1792,
    "z": -1280
  },
  {
    "timestamp": 439.2901631673177,
    "x": 16640,
    "y": 1792,
    "z": -1280
  },
  {
    "timestamp": 439.32349650065106,
    "x": 16640,
    "y": 1792,
    "z": -1280
  },
  {
    "timestamp": 439.35682983398436,
    "x": 16640,
    "y": 1792,
    "z": -1280
  },
  {
    "timestamp": 439.3901631673177,
    "x": 16640,
    "y": 1536,
    "z": -1024
  },
  {
    "timestamp": 439.423496500651,
    "x": 16640,
    "y": 1792,
    "z": -1280
  },
  {
    "timestamp": 439.4568298339844,
    "x": 16896,
    "y": 1792,
    "z": -1280
  },
  {
    "timestamp": 439.4901631673177,
    "x": 16640,
    "y": 1792,
    "z": -1024
  },
  {
    "timestamp": 439.52349650065105,
    "x": 16896,
    "y": 1792,
    "z": -1280
  },
  {
    "timestamp": 439.55682983398435,
    "x": 16640,
    "y": 1792,
    "z": -1024
  },
  {
    "timestamp": 439.5901631673177,
    "x": 16640,
    "y": 1536,
    "z": -1024
  },
  {
    "timestamp": 439.623496500651,
    "x": 16640,
    "y": 1792,
    "z": -1280
  },
  {
    "timestamp": 439.84661865234375,
    "x": 16640,
    "y": 1792,
    "z": -1024
  },
  {
    "timestamp": 439.8799519856771,
    "x": 16896,
    "y": 1792,
    "z": -1024
  },
  {
    "timestamp": 439.9132853190104,
    "x": 16640,
    "y": 1792,
    "z": -1024
  },
  {
    "timestamp": 439.9466186523438,
    "x": 16640,
    "y": 2048,
    "z": -1024
  },
  {
    "timestamp": 439.9799519856771,
    "x": 16896,
    "y": 2048,
    "z": -1280
  },
  {
    "timestamp": 440.01328531901044,
    "x": 16640,
    "y": 1792,
    "z": -1024
  },
  {
    "timestamp": 440.04661865234374,
    "x": 16640,
    "y": 2048,
    "z": -1280
  },
  {
    "timestamp": 440.0799519856771,
    "x": 16896,
    "y": 2048,
    "z": -1024
  },
  {
    "timestamp": 440.1132853190104,
    "x": 16896,
    "y": 1792,
    "z": -1280
  },
  {
    "timestamp": 440.14661865234376,
    "x": 16640,
    "y": 1792,
    "z": -768
  },
  {
    "timestamp": 440.17995198567706,
    "x": 16384,
    "y": 1792,
    "z": -1024
  },
  {
    "timestamp": 440.2132853190104,
    "x": 16640,
    "y": 1792,
    "z": -768
  },
  {
    "timestamp": 440.2466186523437,
    "x": 16640,
    "y": 2048,
    "z": -1024
  },
  {
    "timestamp": 440.2799519856771,
    "x": 16640,
    "y": 2304,
    "z": -768
  },
  {
    "timestamp": 440.3132853190104,
    "x": 16640,
    "y": 2048,
    "z": -1024
  },
  {
    "timestamp": 440.34661865234375,
    "x": 16640,
    "y": 2048,
    "z": -1024
  },
  {
    "timestamp": 440.3799519856771,
    "x": 16640,
    "y": 2048,
    "z": -1024
  },
  {
    "timestamp": 440.4132853190104,
    "x": 16384,
    "y": 1792,
    "z": -1024
  },
  {
    "timestamp": 440.4466186523438,
    "x": 16384,
    "y": 1792,
    "z": -1024
  },
  {
    "timestamp": 440.4799519856771,
    "x": 16896,
    "y": 1792,
    "z": -1280
  },
  {
    "timestamp": 440.51328531901044,
    "x": 16896,
    "y": 1792,
    "z": -1024
  },
  {
    "timestamp": 440.54661865234374,
    "x": 16384,
    "y": 1792,
    "z": -1024
  },
  {
    "timestamp": 440.5799519856771,
    "x": 16384,
    "y": 1792,
    "z": -1024
  },
  {
    "timestamp": 440.6132853190104,
    "x": 16640,
    "y": 2048,
    "z": -1024
  },
  {
    "timestamp": 440.64661865234376,
    "x": 16640,
    "y": 1792,
    "z": -1536
  },
  {
    "timestamp": 440.67995198567706,
    "x": 16640,
    "y": 2048,
    "z": -1536
  },
  {
    "timestamp": 440.7132853190104,
    "x": 16896,
    "y": 1792,
    "z": -1792
  },
  {
    "timestamp": 440.7466186523437,
    "x": 16640,
    "y": 1280,
    "z": -2048
  },
  {
    "timestamp": 440.7799519856771,
    "x": 16384,
    "y": 1280,
    "z": -1792
  },
  {
    "timestamp": 440.8132853190104,
    "x": 16384,
    "y": 1792,
    "z": -2048
  },
  {
    "timestamp": 441.0361633300781,
    "x": 16384,
    "y": 1536,
    "z": -2048
  },
  {
    "timestamp": 441.0694966634115,
    "x": 16384,
    "y": 1280,
    "z": -2304
  },
  {
    "timestamp": 441.1028299967448,
    "x": 16384,
    "y": 1536,
    "z": -2560
  },
  {
    "timestamp": 441.13616333007815,
    "x": 16640,
    "y": 768,
    "z": -3072
  },
  {
    "timestamp": 441.16949666341145,
    "x": 16640,
    "y": 768,
    "z": -3584
  },
  {
    "timestamp": 441.2028299967448,
    "x": 16640,
    "y": 768,
    "z": -3584
  },
  {
    "timestamp": 441.2361633300781,
    "x": 16640,
    "y": 1280,
    "z": -3840
  },
  {
    "timestamp": 441.2694966634115,
    "x": 16640,
    "y": 1024,
    "z": -3584
  },
  {
    "timestamp": 441.3028299967448,
    "x": 16384,
    "y": 1024,
    "z": -3840
  },
  {
    "timestamp": 441.33616333007814,
    "x": 16640,
    "y": 1024,
    "z": -3840
  },
  {
    "timestamp": 441.36949666341144,
    "x": 16384,
    "y": 1024,
    "z": -3840
  },
  {
    "timestamp": 441.4028299967448,
    "x": 16128,
    "y": 1024,
    "z": -3328
  },
  {
    "timestamp": 441.4361633300781,
    "x": 16384,
    "y": 1024,
    "z": -3328
  },
  {
    "timestamp": 441.46949666341146,
    "x": 16640,
    "y": 1536,
    "z": -3328
  },
  {
    "timestamp": 441.50282999674477,
    "x": 16384,
    "y": 1536,
    "z": -3328
  },
  {
    "timestamp": 441.5361633300781,
    "x": 16384,
    "y": 1280,
    "z": -3072
  },
  {
    "timestamp": 441.5694966634115,
    "x": 16384,
    "y": 1024,
    "z": -3328
  },
  {
    "timestamp": 441.6028299967448,
    "x": 16384,
    "y": 1024,
    "z": -3328
  },
  {
    "timestamp": 441.63616333007815,
    "x": 16384,
    "y": 1280,
    "z": -3072
  },
  {
    "timestamp": 441.66949666341145,
    "x": 16640,
    "y": 1280,
    "z": -3328
  },
  {
    "timestamp": 441.7028299967448,
    "x": 16640,
    "y": 1280,
    "z": -3584
  },
  {
    "timestamp": 441.7361633300781,
    "x": 16384,
    "y": 1280,
    "z": -3328
  },
  {
    "timestamp": 441.7694966634115,
    "x": 16128,
    "y": 1536,
    "z": -3072
  },
  {
    "timestamp": 441.8028299967448,
    "x": 16384,
    "y": 768,
    "z": -3328
  },
  {
    "timestamp": 441.83616333007814,
    "x": 16896,
    "y": 512,
    "z": -3840
  },
  {
    "timestamp": 441.86949666341144,
    "x": 16384,
    "y": 1280,
    "z": -3328
  },
  {
    "timestamp": 441.9028299967448,
    "x": 16128,
    "y": 1024,
    "z": -3072
  },
  {
    "timestamp": 441.9361633300781,
    "x": 16640,
    "y": 1024,
    "z": -3072
  },
  {
    "timestamp": 441.96949666341146,
    "x": 16640,
    "y": 768,
    "z": -2816
  },
  {
    "timestamp": 442.00282999674477,
    "x": 16384,
    "y": 1536,
    "z": -2304
  },
  {
    "timestamp": 442.2256774902344,
    "x": 16640,
    "y": 1024,
    "z": -2816
  },
  {
    "timestamp": 442.25901082356773,
    "x": 16896,
    "y": 512,
    "z": -3072
  },
  {
    "timestamp": 442.29234415690104,
    "x": 16640,
    "y": 512,
    "z": -2816
  },
  {
    "timestamp": 442.3256774902344,
    "x": 16640,
    "y": 256,
    "z": -2816
  },
  {
    "timestamp": 442.3590108235677,
    "x": 16640,
    "y": 1280,
    "z": -2816
  },
  {
    "timestamp": 442.39234415690106,
    "x": 16384,
    "y": 1280,
    "z": -3072
  },
  {
    "timestamp": 442.42567749023436,
    "x": 16640,
    "y": 1024,
    "z": -3072
  },
  {
    "timestamp": 442.4590108235677,
    "x": 16640,
    "y": 1280,
    "z": -3328
  },
  {
    "timestamp": 442.492344156901,
    "x": 16640,
    "y": 768,
    "z": -3072
  },
  {
    "timestamp": 442.5256774902344,
    "x": 16640,
    "y": 1024,
    "z": -3072
  },
  {
    "timestamp": 442.5590108235677,
    "x": 16640,
    "y": 1536,
    "z": -3072
  },
  {
    "timestamp": 442.59234415690105,
    "x": 16384,
    "y": 1024,
    "z": -2560
  },
  {
    "timestamp": 442.62567749023435,
    "x": 16384,
    "y": 768,
    "z": -2560
  },
  {
    "timestamp": 442.6590108235677,
    "x": 16384,
    "y": 768,
    "z": -2816
  },
  {
    "timestamp": 442.692344156901,
    "x": 16640,
    "y": 768,
    "z": -3072
  },
  {
    "timestamp": 442.7256774902344,
    "x": 16384,
    "y": 768,
    "z": -2560
  },
  {
    "timestamp": 442.75901082356773,
    "x": 16640,
    "y": 1024,
    "z": -2816
  },
  {
    "timestamp": 442.79234415690104,
    "x": 16640,
    "y": 768,
    "z": -3328
  },
  {
    "timestamp": 442.8256774902344,
    "x": 16640,
    "y": 1024,
    "z": -3328
  },
  {
    "timestamp": 442.8590108235677,
    "x": 16384,
    "y": 1024,
    "z": -3072
  },
  {
    "timestamp": 442.89234415690106,
    "x": 16384,
    "y": 1024,
    "z": -2560
  },
  {
    "timestamp": 442.92567749023436,
    "x": 16384,
    "y": 512,
    "z": -3072
  },
  {
    "timestamp": 442.9590108235677,
    "x": 16640,
    "y": 512,
    "z": -2816
  },
  {
    "timestamp": 442.992344156901,
    "x": 16640,
    "y": 1024,
    "z": -2816
  },
  {
    "timestamp": 443.0256774902344,
    "x": 16640,
    "y": 1024,
    "z": -2560
  },
  {
    "timestamp": 443.0590108235677,
    "x": 16640,
    "y": 768,
    "z": -2816
  },
  {
    "timestamp": 443.09234415690105,
    "x": 16640,
    "y": 768,
    "z": -2816
  },
  {
    "timestamp": 443.12567749023435,
    "x": 16640,
    "y": 768,
    "z": -3072
  },
  {
    "timestamp": 443.1590108235677,
    "x": 16384,
    "y": 768,
    "z": -2560
  },
  {
    "timestamp": 443.192344156901,
    "x": 16384,
    "y": 1024,
    "z": -2816
  },
  {
    "timestamp": 443.41510009765625,
    "x": 16384,
    "y": 768,
    "z": -2816
  },
  {
    "timestamp": 443.4484334309896,
    "x": 16640,
    "y": 768,
    "z": -2816
  },
  {
    "timestamp": 443.4817667643229,
    "x": 16384,
    "y": 768,
    "z": -2816
  },
  {
    "timestamp": 443.5151000976563,
    "x": 16640,
    "y": 768,
    "z": -2816
  },
  {
    "timestamp": 443.5484334309896,
    "x": 16896,
    "y": 768,
    "z": -2560
  },
  {
    "timestamp": 443.58176676432294,
    "x": 16640,
    "y": 768,
    "z": -2816
  },
  {
    "timestamp": 443.61510009765624,
    "x": 16640,
    "y": 768,
    "z": -2560
  },
  {
    "timestamp": 443.6484334309896,
    "x": 16640,
    "y": 768,
    "z": -2560
  },
  {
    "timestamp": 443.6817667643229,
    "x": 16640,
    "y": 768,
    "z": -2816
  },
  {
    "timestamp": 443.71510009765626,
    "x": 16640,
    "y": 768,
    "z": -2816
  },
  {
    "timestamp": 443.74843343098956,
    "x": 16640,
    "y": 512,
    "z": -2816
  },
  {
    "timestamp": 443.7817667643229,
    "x": 16640,
    "y": 1024,
    "z": -2816
  },
  {
    "timestamp": 443.8151000976562,
    "x": 16640,
    "y": 768,
    "z": -2816
  },
  {
    "timestamp": 443.8484334309896,
    "x": 16640,
    "y": 512,
    "z": -2816
  },
  {
    "timestamp": 443.8817667643229,
    "x": 16640,
    "y": 512,
    "z": -2560
  },
  {
    "timestamp": 443.91510009765625,
    "x": 16640,
    "y": 512,
    "z": -2816
  },
  {
    "timestamp": 443.9484334309896,
    "x": 16640,
    "y": 512,
    "z": -2560
  },
  {
    "timestamp": 443.9817667643229,
    "x": 16640,
    "y": 512,
    "z": -2560
  },
  {
    "timestamp": 444.0151000976563,
    "x": 16640,
    "y": 512,
    "z": -2560
  },
  {
    "timestamp": 444.0484334309896,
    "x": 16384,
    "y": 768,
    "z": -2560
  },
  {
    "timestamp": 444.08176676432294,
    "x": 16640,
    "y": 768,
    "z": -2304
  },
  {
    "timestamp": 444.11510009765624,
    "x": 16640,
    "y": 512,
    "z": -2304
  },
  {
    "timestamp": 444.1484334309896,
    "x": 16640,
    "y": 512,
    "z": -2304
  },
  {
    "timestamp": 444.1817667643229,
    "x": 16896,
    "y": 512,
    "z": -2304
  },
  {
    "timestamp": 444.21510009765626,
    "x": 16640,
    "y": 512,
    "z": -2560
  },
  {
    "timestamp": 444.24843343098956,
    "x": 16384,
    "y": 512,
    "z": -2048
  },
  {
    "timestamp": 444.2817667643229,
    "x": 16640,
    "y": 512,
    "z": -2048
  },
  {
    "timestamp": 444.3151000976562,
    "x": 16640,
    "y": 768,
    "z": -2048
  },
  {
    "timestamp": 444.3484334309896,
    "x": 16640,
    "y": 512,
    "z": -2048
  },
  {
    "timestamp": 444.3817667643229,
    "x": 16640,
    "y": 512,
    "z": -1792
  },
  {
    "timestamp": 444.6045227050781,
    "x": 16896,
    "y": 512,
    "z": -2048
  },
  {
    "timestamp": 444.6378560384115,
    "x": 16640,
    "y": 768,
    "z": -1792
  },
  {
    "timestamp": 444.6711893717448,
    "x": 16640,
    "y": 768,
    "z": -2304
  },
  {
    "timestamp": 444.70452270507815,
    "x": 16640,
    "y": 768,
    "z": -2048
  },
  {
    "timestamp": 444.73785603841145,
    "x": 16640,
    "y": 768,
    "z": -2048
  },
  {
    "timestamp": 444.7711893717448,
    "x": 16640,
    "y": 768,
    "z": -2048
  },
  {
    "timestamp": 444.8045227050781,
    "x": 16896,
    "y": 768,
    "z": -2048
  },
  {
    "timestamp": 444.8378560384115,
    "x": 16640,
    "y": 768,
    "z": -2048
  },
  {
    "timestamp": 444.8711893717448,
    "x": 16640,
    "y": 512,
    "z": -2048
  },
  {
    "timestamp": 444.90452270507814,
    "x": 16640,
    "y": 512,
    "z": -1792
  },
  {
    "timestamp": 444.93785603841144,
    "x": 16640,
    "y": 768,
    "z": -2304
  },
  {
    "timestamp": 444.9711893717448,
    "x": 16896,
    "y": 1024,
    "z": -1792
  },
  {
    "timestamp": 445.0045227050781,
    "x": 16640,
    "y": 512,
    "z": -1792
  },
  {
    "timestamp": 445.03785603841146,
    "x": 16640,
    "y": 768,
    "z": -2048
  },
  {
    "timestamp": 445.07118937174477,
    "x": 16640,
    "y": 1024,
    "z": -1792
  },
  {
    "timestamp": 445.1045227050781,
    "x": 16384,
    "y": 1024,
    "z": -1792
  },
  {
    "timestamp": 445.1378560384115,
    "x": 16640,
    "y": 1024,
    "z": -2048
  },
  {
    "timestamp": 445.1711893717448,
    "x": 16896,
    "y": 1024,
    "z": -2048
  },
  {
    "timestamp": 445.20452270507815,
    "x": 16896,
    "y": 1024,
    "z": -2304
  },
  {
    "timestamp": 445.23785603841145,
    "x": 16896,
    "y": 1024,
    "z": -1792
  },
  {
    "timestamp": 445.2711893717448,
    "x": 16640,
    "y": 1280,
    "z": -1792
  },
  {
    "timestamp": 445.3045227050781,
    "x": 16640,
    "y": 1280,
    "z": -1536
  },
  {
    "timestamp": 445.3378560384115,
    "x": 16640,
    "y": 1280,
    "z": -1792
  },
  {
    "timestamp": 445.3711893717448,
    "x": 16640,
    "y": 1280,
    "z": -1792
  },
  {
    "timestamp": 445.40452270507814,
    "x": 16896,
    "y": 1024,
    "z": -1792
  },
  {
    "timestamp": 445.43785603841144,
    "x": 16640,
    "y": 1280,
    "z": -1536
  },
  {
    "timestamp": 445.4711893717448,
    "x": 16640,
    "y": 1024,
    "z": -1792
  },
  {
    "timestamp": 445.5045227050781,
    "x": 16640,
    "y": 1280,
    "z": -1792
  },
  {
    "timestamp": 445.53785603841146,
    "x": 16640,
    "y": 1280,
    "z": -1536
  },
  {
    "timestamp": 445.57118937174477,
    "x": 16640,
    "y": 1280,
    "z": -1792
  },
  {
    "timestamp": 445.79400634765625,
    "x": 16640,
    "y": 1280,
    "z": -1536
  },
  {
    "timestamp": 445.8273396809896,
    "x": 16640,
    "y": 1792,
    "z": -1024
  },
  {
    "timestamp": 445.8606730143229,
    "x": 16896,
    "y": 1792,
    "z": -1024
  },
  {
    "timestamp": 445.8940063476563,
    "x": 16384,
    "y": 1792,
    "z": -768
  },
  {
    "timestamp": 445.9273396809896,
    "x": 16640,
    "y": 2048,
    "z": -1024
  },
  {
    "timestamp": 445.96067301432294,
    "x": 16128,
    "y": 1536,
    "z": -1024
  },
  {
    "timestamp": 445.99400634765624,
    "x": 17152,
    "y": 1792,
    "z": -768
  },
  {
    "timestamp": 446.0273396809896,
    "x": 16640,
    "y": 1536,
    "z": -1024
  },
  {
    "timestamp": 446.0606730143229,
    "x": 16896,
    "y": 1536,
    "z": -768
  },
  {
    "timestamp": 446.09400634765626,
    "x": 16640,
    "y": 1280,
    "z": -768
  },
  {
    "timestamp": 446.12733968098956,
    "x": 16896,
    "y": 1792,
    "z": -768
  },
  {
    "timestamp": 446.1606730143229,
    "x": 16896,
    "y": 2304,
    "z": -512
  },
  {
    "timestamp": 446.1940063476562,
    "x": 16384,
    "y": 1792,
    "z": -512
  },
  {
    "timestamp": 446.2273396809896,
    "x": 16640,
    "y": 1792,
    "z": -256
  },
  {
    "timestamp": 446.2606730143229,
    "x": 16384,
    "y": 2048,
    "z": -256
  },
  {
    "timestamp": 446.29400634765625,
    "x": 16384,
    "y": 2048,
    "z": -256
  },
  {
    "timestamp": 446.3273396809896,
    "x": 16640,
    "y": 2560,
    "z": -512
  },
  {
    "timestamp": 446.3606730143229,
    "x": 16384,
    "y": 2304,
    "z": -256
  },
  {
    "timestamp": 446.3940063476563,
    "x": 16896,
    "y": 2560,
    "z": -256
  },
  {
    "timestamp": 446.4273396809896,
    "x": 16384,
    "y": 2304,
    "z": -256
  },
  {
    "timestamp": 446.46067301432294,
    "x": 16640,
    "y": 2560,
    "z": 0
  },
  {
    "timestamp": 446.49400634765624,
    "x": 16384,
    "y": 2816,
    "z": 0
  },
  {
    "timestamp": 446.5273396809896,
    "x": 16384,
    "y": 2560,
    "z": 0
  },
  {
    "timestamp": 446.5606730143229,
    "x": 16384,
    "y": 2304,
    "z": 0
  },
  {
    "timestamp": 446.59400634765626,
    "x": 16640,
    "y": 2560,
    "z": 256
  },
  {
    "timestamp": 446.62733968098956,
    "x": 16384,
    "y": 2560,
    "z": 0
  },
  {
    "timestamp": 446.6606730143229,
    "x": 16384,
    "y": 2304,
    "z": -256
  },
  {
    "timestamp": 446.6940063476562,
    "x": 16640,
    "y": 1536,
    "z": -768
  },
  {
    "timestamp": 446.7273396809896,
    "x": 16896,
    "y": 1536,
    "z": -1280
  },
  {
    "timestamp": 446.7606730143229,
    "x": 17152,
    "y": 1792,
    "z": -1280
  },
  {
    "timestamp": 446.9838562011719,
    "x": 17152,
    "y": 1792,
    "z": -1280
  },
  {
    "timestamp": 447.01718953450523,
    "x": 16896,
    "y": 2048,
    "z": -1280
  },
  {
    "timestamp": 447.05052286783854,
    "x": 16896,
    "y": 2304,
    "z": -1536
  },
  {
    "timestamp": 447.0838562011719,
    "x": 16384,
    "y": 2304,
    "z": -1280
  },
  {
    "timestamp": 447.1171895345052,
    "x": 16640,
    "y": 2304,
    "z": -1536
  },
  {
    "timestamp": 447.15052286783856,
    "x": 16640,
    "y": 2560,
    "z": -1536
  },
  {
    "timestamp": 447.18385620117186,
    "x": 16640,
    "y": 2304,
    "z": -1792
  },
  {
    "timestamp": 447.2171895345052,
    "x": 16640,
    "y": 2816,
    "z": -1792
  },
  {
    "timestamp": 447.2505228678385,
    "x": 16640,
    "y": 3072,
    "z": -1536
  },
  {
    "timestamp": 447.2838562011719,
    "x": 16640,
    "y": 2816,
    "z": -1792
  },
  {
    "timestamp": 447.3171895345052,
    "x": 16640,
    "y": 2816,
    "z": -1536
  },
  {
    "timestamp": 447.35052286783855,
    "x": 16384,
    "y": 3072,
    "z": -1536
  },
  {
    "timestamp": 447.38385620117185,
    "x": 16896,
    "y": 3072,
    "z": -1280
  },
  {
    "timestamp": 447.4171895345052,
    "x": 16384,
    "y": 3072,
    "z": -1536
  },
  {
    "timestamp": 447.4505228678385,
    "x": 16640,
    "y": 3072,
    "z": -1280
  },
  {
    "timestamp": 447.4838562011719,
    "x": 16384,
    "y": 3328,
    "z": -1024
  },
  {
    "timestamp": 447.51718953450523,
    "x": 16384,
    "y": 3328,
    "z": -1024
  },
  {
    "timestamp": 447.55052286783854,
    "x": 16384,
    "y": 3328,
    "z": -1280
  },
  {
    "timestamp": 447.5838562011719,
    "x": 16384,
    "y": 3328,
    "z": -1280
  },
  {
    "timestamp": 447.6171895345052,
    "x": 16384,
    "y": 3072,
    "z": -1024
  },
  {
    "timestamp": 447.65052286783856,
    "x": 16384,
    "y": 2816,
    "z": -1280
  },
  {
    "timestamp": 447.68385620117186,
    "x": 16640,
    "y": 2816,
    "z": -1280
  },
  {
    "timestamp": 447.7171895345052,
    "x": 16384,
    "y": 3072,
    "z": -1024
  },
  {
    "timestamp": 447.7505228678385,
    "x": 16384,
    "y": 3072,
    "z": -1024
  },
  {
    "timestamp": 447.7838562011719,
    "x": 16384,
    "y": 2816,
    "z": -768
  },
  {
    "timestamp": 447.8171895345052,
    "x": 16640,
    "y": 3072,
    "z": -768
  },
  {
    "timestamp": 447.85052286783855,
    "x": 16640,
    "y": 3072,
    "z": -1024
  },
  {
    "timestamp": 447.88385620117185,
    "x": 16640,
    "y": 3072,
    "z": -1280
  },
  {
    "timestamp": 447.9171895345052,
    "x": 16384,
    "y": 3072,
    "z": -1024
  },
  {
    "timestamp": 447.9505228678385,
    "x": 16640,
    "y": 3072,
    "z": -768
  },
  {
    "timestamp": 448.17303466796875,
    "x": 16384,
    "y": 3328,
    "z": -1024
  },
  {
    "timestamp": 448.2063680013021,
    "x": 16128,
    "y": 3072,
    "z": -1024
  },
  {
    "timestamp": 448.2397013346354,
    "x": 16640,
    "y": 3072,
    "z": -1024
  },
  {
    "timestamp": 448.2730346679688,
    "x": 16640,
    "y": 3328,
    "z": -768
  },
  {
    "timestamp": 448.3063680013021,
    "x": 16640,
    "y": 3328,
    "z": -1024
  },
  {
    "timestamp": 448.33970133463544,
    "x": 16384,
    "y": 3328,
    "z": -768
  },
  {
    "timestamp": 448.37303466796874,
    "x": 16384,
    "y": 3328,
    "z": -1024
  },
  {
    "timestamp": 448.4063680013021,
    "x": 16384,
    "y": 3072,
    "z": -768
  },
  {
    "timestamp": 448.4397013346354,
    "x": 16384,
    "y": 3328,
    "z": -1280
  },
  {
    "timestamp": 448.47303466796876,
    "x": 16640,
    "y": 3072,
    "z": -768
  },
  {
    "timestamp": 448.50636800130206,
    "x": 16640,
    "y": 3328,
    "z": -768
  },
  {
    "timestamp": 448.5397013346354,
    "x": 16384,
    "y": 3328,
    "z": -768
  },
  {
    "timestamp": 448.5730346679687,
    "x": 16384,
    "y": 3072,
    "z": -768
  },
  {
    "timestamp": 448.6063680013021,
    "x": 16384,
    "y": 3072,
    "z": -768
  },
  {
    "timestamp": 448.6397013346354,
    "x": 16384,
    "y": 3328,
    "z": -1024
  },
  {
    "timestamp": 448.67303466796875,
    "x": 16384,
    "y": 3072,
    "z": -1280
  },
  {
    "timestamp": 448.7063680013021,
    "x": 16384,
    "y": 3328,
    "z": -1024
  },
  {
    "timestamp": 448.7397013346354,
    "x": 16384,
    "y": 3328,
    "z": -1024
  },
  {
    "timestamp": 448.7730346679688,
    "x": 16384,
    "y": 3328,
    "z": -768
  },
  {
    "timestamp": 448.8063680013021,
    "x": 16640,
    "y": 3328,
    "z": -768
  },
  {
    "timestamp": 448.83970133463544,
    "x": 16384,
    "y": 3328,
    "z": -1024
  },
  {
    "timestamp": 448.87303466796874,
    "x": 16384,
    "y": 3328,
    "z": -768
  },
  {
    "timestamp": 448.9063680013021,
    "x": 16640,
    "y": 3328,
    "z": -768
  },
  {
    "timestamp": 448.9397013346354,
    "x": 16640,
    "y": 3328,
    "z": -768
  },
  {
    "timestamp": 448.97303466796876,
    "x": 16384,
    "y": 3328,
    "z": -768
  },
  {
    "timestamp": 449.00636800130206,
    "x": 16384,
    "y": 3328,
    "z": -768
  },
  {
    "timestamp": 449.0397013346354,
    "x": 16640,
    "y": 3072,
    "z": -512
  },
  {
    "timestamp": 449.0730346679687,
    "x": 16384,
    "y": 3072,
    "z": -768
  },
  {
    "timestamp": 449.1063680013021,
    "x": 16384,
    "y": 3328,
    "z": -1280
  },
  {
    "timestamp": 449.1397013346354,
    "x": 16640,
    "y": 3328,
    "z": -768
  },
  {
    "timestamp": 449.362548828125,
    "x": 16384,
    "y": 3328,
    "z": -512
  },
  {
    "timestamp": 449.39588216145836,
    "x": 16640,
    "y": 3328,
    "z": -768
  },
  {
    "timestamp": 449.42921549479166,
    "x": 16384,
    "y": 3072,
    "z": -1024
  },
  {
    "timestamp": 449.462548828125,
    "x": 16640,
    "y": 3328,
    "z": -1024
  },
  {
    "timestamp": 449.4958821614583,
    "x": 16640,
    "y": 3328,
    "z": -1024
  },
  {
    "timestamp": 449.5292154947917,
    "x": 16640,
    "y": 3328,
    "z": -1024
  },
  {
    "timestamp": 449.562548828125,
    "x": 16640,
    "y": 3072,
    "z": -768
  },
  {
    "timestamp": 449.59588216145835,
    "x": 16384,
    "y": 3328,
    "z": -1024
  },
  {
    "timestamp": 449.62921549479165,
    "x": 16640,
    "y": 3328,
    "z": -1024
  },
  {
    "timestamp": 449.662548828125,
    "x": 16384,
    "y": 3328,
    "z": -768
  },
  {
    "timestamp": 449.6958821614583,
    "x": 16384,
    "y": 3072,
    "z": -1280
  },
  {
    "timestamp": 449.7292154947917,
    "x": 16640,
    "y": 3328,
    "z": -768
  },
  {
    "timestamp": 449.762548828125,
    "x": 16640,
    "y": 3072,
    "z": -1024
  },
  {
    "timestamp": 449.79588216145834,
    "x": 16384,
    "y": 3072,
    "z": -1024
  },
  {
    "timestamp": 449.82921549479164,
    "x": 16640,
    "y": 3328,
    "z": -1024
  },
  {
    "timestamp": 449.862548828125,
    "x": 16384,
    "y": 3072,
    "z": -1280
  },
  {
    "timestamp": 449.89588216145836,
    "x": 16640,
    "y": 3072,
    "z": -1280
  },
  {
    "timestamp": 449.92921549479166,
    "x": 16384,
    "y": 3072,
    "z": -1024
  },
  {
    "timestamp": 449.962548828125,
    "x": 16384,
    "y": 3072,
    "z": -1280
  },
  {
    "timestamp": 449.9958821614583,
    "x": 16128,
    "y": 3328,
    "z": -1024
  },
  {
    "timestamp": 450.0292154947917,
    "x": 16384,
    "y": 3328,
    "z": -1024
  },
  {
    "timestamp": 450.062548828125,
    "x": 16640,
    "y": 3328,
    "z": -1024
  },
  {
    "timestamp": 450.09588216145835,
    "x": 16384,
    "y": 3328,
    "z": -1024
  },
  {
    "timestamp": 450.12921549479165,
    "x": 16384,
    "y": 3584,
    "z": -1280
  },
  {
    "timestamp": 450.162548828125,
    "x": 16640,
    "y": 3328,
    "z": -1280
  },
  {
    "timestamp": 450.1958821614583,
    "x": 16640,
    "y": 3584,
    "z": -1024
  },
  {
    "timestamp": 450.2292154947917,
    "x": 16640,
    "y": 3328,
    "z": -1280
  },
  {
    "timestamp": 450.262548828125,
    "x": 16384,
    "y": 3584,
    "z": -1024
  },
  {
    "timestamp": 450.29588216145834,
    "x": 16384,
    "y": 3328,
    "z": -1024
  },
  {
    "timestamp": 450.32921549479164,
    "x": 16384,
    "y": 3584,
    "z": -1024
  },
  {
    "timestamp": 450.55206298828125,
    "x": 16384,
    "y": 3584,
    "z": -1024
  },
  {
    "timestamp": 450.5853963216146,
    "x": 16384,
    "y": 3328,
    "z": -1280
  },
  {
    "timestamp": 450.6187296549479,
    "x": 16384,
    "y": 3328,
    "z": -1024
  },
  {
    "timestamp": 450.6520629882813,
    "x": 16384,
    "y": 3584,
    "z": -1280
  },
  {
    "timestamp": 450.6853963216146,
    "x": 16640,
    "y": 3584,
    "z": -1536
  },
  {
    "timestamp": 450.71872965494794,
    "x": 16640,
    "y": 3584,
    "z": -1280
  },
  {
    "timestamp": 450.75206298828124,
    "x": 16384,
    "y": 3584,
    "z": -1280
  },
  {
    "timestamp": 450.7853963216146,
    "x": 16384,
    "y": 3584,
    "z": -1024
  },
  {
    "timestamp": 450.8187296549479,
    "x": 16384,
    "y": 3584,
    "z": -1024
  },
  {
    "timestamp": 450.85206298828126,
    "x": 16384,
    "y": 3840,
    "z": -1280
  },
  {
    "timestamp": 450.88539632161456,
    "x": 16640,
    "y": 3584,
    "z": -1280
  },
  {
    "timestamp": 450.9187296549479,
    "x": 16128,
    "y": 3584,
    "z": -1280
  },
  {
    "timestamp": 450.9520629882812,
    "x": 16384,
    "y": 3584,
    "z": -1280
  },
  {
    "timestamp": 450.9853963216146,
    "x": 16384,
    "y": 3584,
    "z": -1536
  },
  {
    "timestamp": 451.0187296549479,
    "x": 16384,
    "y": 3840,
    "z": -1280
  },
  {
    "timestamp": 451.05206298828125,
    "x": 16384,
    "y": 3840,
    "z": -1536
  },
  {
    "timestamp": 451.0853963216146,
    "x": 16384,
    "y": 3584,
    "z": -1280
  },
  {
    "timestamp": 451.1187296549479,
    "x": 16128,
    "y": 3584,
    "z": -1792
  },
  {
    "timestamp": 451.1520629882813,
    "x": 16384,
    "y": 3328,
    "z": -1536
  },
  {
    "timestamp": 451.1853963216146,
    "x": 16640,
    "y": 3328,
    "z": -1792
  },
  {
    "timestamp": 451.21872965494794,
    "x": 16384,
    "y": 3072,
    "z": -1792
  },
  {
    "timestamp": 451.25206298828124,
    "x": 16640,
    "y": 3328,
    "z": -1792
  },
  {
    "timestamp": 451.2853963216146,
    "x": 16640,
    "y": 3840,
    "z": -1792
  },
  {
    "timestamp": 451.3187296549479,
    "x": 16128,
    "y": 3840,
    "z": -1792
  },
  {
    "timestamp": 451.35206298828126,
    "x": 16384,
    "y": 3840,
    "z": -1792
  },
  {
    "timestamp": 451.38539632161456,
    "x": 16128,
    "y": 3584,
    "z": -1792
  },
  {
    "timestamp": 451.4187296549479,
    "x": 16384,
    "y": 3328,
    "z": -2048
  },
  {
    "timestamp": 451.4520629882812,
    "x": 16128,
    "y": 3584,
    "z": -1792
  },
  {
    "timestamp": 451.4853963216146,
    "x": 16128,
    "y": 3584,
    "z": -1792
  },
  {
    "timestamp": 451.5187296549479,
    "x": 16384,
    "y": 3584,
    "z": -1536
  },
  {
    "timestamp": 451.7416076660156,
    "x": 16384,
    "y": 3840,
    "z": -2048
  },
  {
    "timestamp": 451.774940999349,
    "x": 16128,
    "y": 3584,
    "z": -2048
  },
  {
    "timestamp": 451.8082743326823,
    "x": 16384,
    "y": 3584,
    "z": -2048
  },
  {
    "timestamp": 451.84160766601565,
    "x": 16128,
    "y": 3584,
    "z": -2304
  },
  {
    "timestamp": 451.87494099934895,
    "x": 16128,
    "y": 3584,
    "z": -2048
  },
  {
    "timestamp": 451.9082743326823,
    "x": 16384,
    "y": 3072,
    "z": -2304
  },
  {
    "timestamp": 451.9416076660156,
    "x": 16384,
    "y": 3072,
    "z": -2560
  },
  {
    "timestamp": 451.974940999349,
    "x": 16640,
    "y": 3328,
    "z": -2304
  },
  {
    "timestamp": 452.0082743326823,
    "x": 16384,
    "y": 3072,
    "z": -2560
  },
  {
    "timestamp": 452.04160766601564,
    "x": 16384,
    "y": 3328,
    "z": -2560
  },
  {
    "timestamp": 452.07494099934894,
    "x": 16384,
    "y": 3328,
    "z": -2560
  },
  {
    "timestamp": 452.1082743326823,
    "x": 16384,
    "y": 3328,
    "z": -2560
  },
  {
    "timestamp": 452.1416076660156,
    "x": 16384,
    "y": 3584,
    "z": -2560
  },
  {
    "timestamp": 452.17494099934896,
    "x": 16128,
    "y": 3072,
    "z": -2304
  },
  {
    "timestamp": 452.20827433268227,
    "x": 16128,
    "y": 3072,
    "z": -2560
  },
  {
    "timestamp": 452.2416076660156,
    "x": 16128,
    "y": 3328,
    "z": -2560
  },
  {
    "timestamp": 452.274940999349,
    "x": 16640,
    "y": 3328,
    "z": -2560
  },
  {
    "timestamp": 452.3082743326823,
    "x": 16384,
    "y": 3072,
    "z": -2560
  },
  {
    "timestamp": 452.34160766601565,
    "x": 16128,
    "y": 3072,
    "z": -2560
  },
  {
    "timestamp": 452.37494099934895,
    "x": 16384,
    "y": 3072,
    "z": -2304
  },
  {
    "timestamp": 452.4082743326823,
    "x": 16128,
    "y": 3328,
    "z": -2560
  },
  {
    "timestamp": 452.4416076660156,
    "x": 16384,
    "y": 3328,
    "z": -2304
  },
  {
    "timestamp": 452.474940999349,
    "x": 16384,
    "y": 3584,
    "z": -2560
  },
  {
    "timestamp": 452.5082743326823,
    "x": 16128,
    "y": 3328,
    "z": -2560
  },
  {
    "timestamp": 452.54160766601564,
    "x": 16384,
    "y": 3328,
    "z": -2304
  },
  {
    "timestamp": 452.57494099934894,
    "x": 16384,
    "y": 3328,
    "z": -2560
  },
  {
    "timestamp": 452.6082743326823,
    "x": 16128,
    "y": 3584,
    "z": -2304
  },
  {
    "timestamp": 452.6416076660156,
    "x": 16384,
    "y": 3328,
    "z": -2560
  },
  {
    "timestamp": 452.67494099934896,
    "x": 16128,
    "y": 3840,
    "z": -2304
  },
  {
    "timestamp": 452.70827433268227,
    "x": 16384,
    "y": 3328,
    "z": -2560
  }
]