{
  "session_name": "session_20250624_172058",
  "start_time": "2025-06-24T17:20:58.879668",
  "files": [
    {
      "type": "015F2A8E-3772-FB6D-2197-548F305983B0_eeg_raw",
      "filename": "015F2A8E-3772-FB6D-2197-548F305983B0_eeg_raw.json",
      "path": "data/session_20250624_172058/015F2A8E-3772-FB6D-2197-548F305983B0_eeg_raw.json",
      "size": 774436,
      "record_count": 4850,
      "created_at": "2025-06-24T17:21:18.347001"
    },
    {
      "type": "015F2A8E-3772-FB6D-2197-548F305983B0_ppg_processed",
      "filename": "015F2A8E-3772-FB6D-2197-548F305983B0_ppg_processed.json",
      "path": "data/session_20250624_172058/015F2A8E-3772-FB6D-2197-548F305983B0_ppg_processed.json",
      "size": 359025,
      "record_count": 34,
      "created_at": "2025-06-24T17:21:18.355911"
    },
    {
      "type": "015F2A8E-3772-FB6D-2197-548F305983B0_eeg_processed",
      "filename": "015F2A8E-3772-FB6D-2197-548F305983B0_eeg_processed.json",
      "path": "data/session_20250624_172058/015F2A8E-3772-FB6D-2197-548F305983B0_eeg_processed.json",
      "size": 778384,
      "record_count": 35,
      "created_at": "2025-06-24T17:21:18.371716"
    },
    {
      "type": "015F2A8E-3772-FB6D-2197-548F305983B0_acc_raw",
      "filename": "015F2A8E-3772-FB6D-2197-548F305983B0_acc_raw.json",
      "path": "data/session_20250624_172058/015F2A8E-3772-FB6D-2197-548F305983B0_acc_raw.json",
      "size": 46386,
      "record_count": 510,
      "created_at": "2025-06-24T17:21:18.373437"
    },
    {
      "type": "015F2A8E-3772-FB6D-2197-548F305983B0_acc_processed",
      "filename": "015F2A8E-3772-FB6D-2197-548F305983B0_acc_processed.json",
      "path": "data/session_20250624_172058/015F2A8E-3772-FB6D-2197-548F305983B0_acc_processed.json",
      "size": 100719,
      "record_count": 17,
      "created_at": "2025-06-24T17:21:18.375789"
    },
    {
      "type": "015F2A8E-3772-FB6D-2197-548F305983B0_ppg_raw",
      "filename": "015F2A8E-3772-FB6D-2197-548F305983B0_ppg_raw.json",
      "path": "data/session_20250624_172058/015F2A8E-3772-FB6D-2197-548F305983B0_ppg_raw.json",
      "size": 79284,
      "record_count": 952,
      "created_at": "2025-06-24T17:21:18.378163"
    }
  ],
  "status": "stopped",
  "end_time": "2025-06-24T17:21:18.328488",
  "stats": {
    "total_files": 6,
    "type_details": {
      "015F2A8E-3772-FB6D-2197-548F305983B0_eeg_raw": {
        "filename": "015F2A8E-3772-FB6D-2197-548F305983B0_eeg_raw.json",
        "record_count": 4850,
        "size_bytes": 774436
      },
      "015F2A8E-3772-FB6D-2197-548F305983B0_ppg_processed": {
        "filename": "015F2A8E-3772-FB6D-2197-548F305983B0_ppg_processed.json",
        "record_count": 34,
        "size_bytes": 359025
      },
      "015F2A8E-3772-FB6D-2197-548F305983B0_eeg_processed": {
        "filename": "015F2A8E-3772-FB6D-2197-548F305983B0_eeg_processed.json",
        "record_count": 35,
        "size_bytes": 778384
      },
      "015F2A8E-3772-FB6D-2197-548F305983B0_acc_raw": {
        "filename": "015F2A8E-3772-FB6D-2197-548F305983B0_acc_raw.json",
        "record_count": 510,
        "size_bytes": 46386
      },
      "015F2A8E-3772-FB6D-2197-548F305983B0_acc_processed": {
        "filename": "015F2A8E-3772-FB6D-2197-548F305983B0_acc_processed.json",
        "record_count": 17,
        "size_bytes": 100719
      },
      "015F2A8E-3772-FB6D-2197-548F305983B0_ppg_raw": {
        "filename": "015F2A8E-3772-FB6D-2197-548F305983B0_ppg_raw.json",
        "record_count": 952,
        "size_bytes": 79284
      }
    },
    "total_records": 6398
  }
}